Running Federation on FULL CIFAR-10, clients: 5, alpha: 0.1
CUDA Available: True
Selected Device: cuda
GPU Name: Tesla T4
PyTorch Version: 2.13.0+cu130
Opacus Version: 1.6.0
Flower Version: 1.35.0
2026-09-07 19:37:38.698301: I tensorflow/core/platform/cpu_feature_guard.cc:210] This TensorFlow binary is optimized to use available CPU instructions in performance-critical operations.
To enable the following instructions: AVX2 AVX512F FMA, in other operations, rebuild TensorFlow with the appropriate compiler flags.
[93mWARNING [0m:   DEPRECATED FEATURE: flwr.simulation.start_simulation() is deprecated.
	Instead, use the `flwr run` CLI command to start a local simulation in your Flower app, as shown for example below:

		$ flwr new  # Create a new Flower app from a template

		$ flwr run  # Run the Flower app in Simulation Mode

	Using `start_simulation()` is deprecated.

            This is a deprecated feature. It will be removed
            entirely in future versions of Flower.
        
09/07/2026 19:37:42:WARNING:DEPRECATED FEATURE: flwr.simulation.start_simulation() is deprecated.
	Instead, use the `flwr run` CLI command to start a local simulation in your Flower app, as shown for example below:

		$ flwr new  # Create a new Flower app from a template

		$ flwr run  # Run the Flower app in Simulation Mode

	Using `start_simulation()` is deprecated.

            This is a deprecated feature. It will be removed
            entirely in future versions of Flower.
        
[92mINFO [0m:      Starting Flower simulation, config: num_rounds=3, no round_timeout
09/07/2026 19:37:42:INFO:Starting Flower simulation, config: num_rounds=3, no round_timeout
2026-09-07 19:37:53,094	INFO worker.py:2012 -- Started a local Ray instance.
/usr/local/lib/python3.13/dist-packages/ray/_private/worker.py:2051: FutureWarning: Tip: In future versions of Ray, Ray will no longer override accelerator visible devices env var if num_gpus=0 or num_gpus=None (default). To enable this behavior and turn off this error message, set RAY_ACCEL_ENV_VAR_OVERRIDE_ON_ZERO=0
  warnings.warn(
[92mINFO [0m:      Flower VCE: Ray initialized with resources: {'node:172.28.0.12': 1.0, 'accelerator_type:T4': 1.0, 'memory': 9226271130.0, 'object_store_memory': 3954116198.0, 'GPU': 1.0, 'node:__internal_head__': 1.0, 'CPU': 2.0}
09/07/2026 19:37:56:INFO:Flower VCE: Ray initialized with resources: {'node:172.28.0.12': 1.0, 'accelerator_type:T4': 1.0, 'memory': 9226271130.0, 'object_store_memory': 3954116198.0, 'GPU': 1.0, 'node:__internal_head__': 1.0, 'CPU': 2.0}
[92mINFO [0m:      Optimize your simulation with Flower VCE: https://flower.ai/docs/framework/how-to-run-simulations.html
09/07/2026 19:37:56:INFO:Optimize your simulation with Flower VCE: https://flower.ai/docs/framework/how-to-run-simulations.html
[92mINFO [0m:      No `client_resources` specified. Using minimal resources for clients.
09/07/2026 19:37:56:INFO:No `client_resources` specified. Using minimal resources for clients.
[92mINFO [0m:      Flower VCE: Resources for each Virtual Client: {'num_cpus': 1, 'num_gpus': 0.0}
09/07/2026 19:37:56:INFO:Flower VCE: Resources for each Virtual Client: {'num_cpus': 1, 'num_gpus': 0.0}
[92mINFO [0m:      Flower VCE: Creating VirtualClientEngineActorPool with 2 actors
09/07/2026 19:37:56:INFO:Flower VCE: Creating VirtualClientEngineActorPool with 2 actors
[92mINFO [0m:      [INIT]
09/07/2026 19:37:56:INFO:[INIT]
[92mINFO [0m:      Requesting initial parameters from one random client
09/07/2026 19:37:56:INFO:Requesting initial parameters from one random client
[36m(ClientAppActor pid=14046)[0m [93mWARNING [0m:   DEPRECATED FEATURE: `client_fn` now expects a signature `def client_fn(context: Context)`.The provided `client_fn` has signature: {'cid': <Parameter "cid: str">}. You can import the `Context` like this: `from flwr.app import Context`
[36m(ClientAppActor pid=14046)[0m 
[36m(ClientAppActor pid=14046)[0m             This is a deprecated feature. It will be removed
[36m(ClientAppActor pid=14046)[0m             entirely in future versions of Flower.
[36m(ClientAppActor pid=14046)[0m         
[92mINFO [0m:      Received initial parameters from one random client
09/07/2026 19:38:10:INFO:Received initial parameters from one random client
[92mINFO [0m:      Starting evaluation of initial global parameters
09/07/2026 19:38:10:INFO:Starting evaluation of initial global parameters
[92mINFO [0m:      Evaluation returned no results (`None`)
09/07/2026 19:38:10:INFO:Evaluation returned no results (`None`)
[92mINFO [0m:      
09/07/2026 19:38:10:INFO:
[92mINFO [0m:      [ROUND 1]
09/07/2026 19:38:10:INFO:[ROUND 1]
[92mINFO [0m:      configure_fit: strategy sampled 5 clients (out of 5)
09/07/2026 19:38:10:INFO:configure_fit: strategy sampled 5 clients (out of 5)
[36m(ClientAppActor pid=14046)[0m [93mWARNING [0m:   Deprecation Warning: The `client_fn` function must return an instance of `Client`, but an instance of `NumpyClient` was returned. Please use `NumPyClient.to_client()` method to convert it to `Client`.
[36m(ClientAppActor pid=14046)[0m [93mWARNING [0m:   DEPRECATED FEATURE: `client_fn` now expects a signature `def client_fn(context: Context)`.The provided `client_fn` has signature: {'cid': <Parameter "cid: str">}. You can import the `Context` like this: `from flwr.app import Context`
[36m(ClientAppActor pid=14046)[0m 
[36m(ClientAppActor pid=14046)[0m             This is a deprecated feature. It will be removed
[36m(ClientAppActor pid=14046)[0m             entirely in future versions of Flower.
[36m(ClientAppActor pid=14046)[0m         
[36m(ClientAppActor pid=14046)[0m [93mWARNING [0m:   Deprecation Warning: The `client_fn` function must return an instance of `Client`, but an instance of `NumpyClient` was returned. Please use `NumPyClient.to_client()` method to convert it to `Client`.
[36m(ClientAppActor pid=14046)[0m /usr/local/lib/python3.13/dist-packages/opacus/privacy_engine.py:98: UserWarning: Secure RNG turned off. This is perfectly fine for experimentation as it allows for much faster training performance, but remember to turn it on and retrain one last time before production with ``secure_mode`` turned on.
[36m(ClientAppActor pid=14046)[0m   warnings.warn(
[36m(ClientAppActor pid=14045)[0m 
[36m(ClientAppActor pid=14045)[0m         
[36m(ClientAppActor pid=14045)[0m [93mWARNING [0m:   DEPRECATED FEATURE: `client_fn` now expects a signature `def client_fn(context: Context)`.The provided `client_fn` has signature: {'cid': <Parameter "cid: str">}. You can import the `Context` like this: `from flwr.app import Context`
[36m(ClientAppActor pid=14045)[0m             This is a deprecated feature. It will be removed
[36m(ClientAppActor pid=14045)[0m             entirely in future versions of Flower.
[36m(ClientAppActor pid=14045)[0m [93mWARNING [0m:   Deprecation Warning: The `client_fn` function must return an instance of `Client`, but an instance of `NumpyClient` was returned. Please use `NumPyClient.to_client()` method to convert it to `Client`.
[36m(ClientAppActor pid=14045)[0m /usr/local/lib/python3.13/dist-packages/opacus/privacy_engine.py:98: UserWarning: Secure RNG turned off. This is perfectly fine for experimentation as it allows for much faster training performance, but remember to turn it on and retrain one last time before production with ``secure_mode`` turned on.
[36m(ClientAppActor pid=14045)[0m   warnings.warn(
[36m(ClientAppActor pid=14046)[0m Train Epoch: 1 	Loss: 1.822839	Accuracy: 56.03%
[36m(ClientAppActor pid=14046)[0m [Client 4] Opacus Accountant Epsilon: 8.3040
[36m(ClientAppActor pid=14046)[0m [93mWARNING [0m:   DEPRECATED FEATURE: `client_fn` now expects a signature `def client_fn(context: Context)`.The provided `client_fn` has signature: {'cid': <Parameter "cid: str">}. You can import the `Context` like this: `from flwr.app import Context`
[36m(ClientAppActor pid=14046)[0m 
[36m(ClientAppActor pid=14046)[0m             This is a deprecated feature. It will be removed
[36m(ClientAppActor pid=14046)[0m             entirely in future versions of Flower.
[36m(ClientAppActor pid=14046)[0m         
[36m(ClientAppActor pid=14046)[0m 09/07/2026 19:38:30:WARNING:DEPRECATED FEATURE: `client_fn` now expects a signature `def client_fn(context: Context)`.The provided `client_fn` has signature: {'cid': <Parameter "cid: str">}. You can import the `Context` like this: `from flwr.app import Context`
[36m(ClientAppActor pid=14046)[0m 
[36m(ClientAppActor pid=14046)[0m             This is a deprecated feature. It will be removed
[36m(ClientAppActor pid=14046)[0m             entirely in future versions of Flower.
[36m(ClientAppActor pid=14046)[0m         
[36m(ClientAppActor pid=14046)[0m 09/07/2026 19:38:30:WARNING:Deprecation Warning: The `client_fn` function must return an instance of `Client`, but an instance of `NumpyClient` was returned. Please use `NumPyClient.to_client()` method to convert it to `Client`.
[36m(ClientAppActor pid=14046)[0m [93mWARNING [0m:   Deprecation Warning: The `client_fn` function must return an instance of `Client`, but an instance of `NumpyClient` was returned. Please use `NumPyClient.to_client()` method to convert it to `Client`.
[36m(ClientAppActor pid=14046)[0m /usr/local/lib/python3.13/dist-packages/opacus/privacy_engine.py:98: UserWarning: Secure RNG turned off. This is perfectly fine for experimentation as it allows for much faster training performance, but remember to turn it on and retrain one last time before production with ``secure_mode`` turned on.
[36m(ClientAppActor pid=14046)[0m   warnings.warn(
[36m(ClientAppActor pid=14045)[0m Train Epoch: 1 	Loss: 1.396685	Accuracy: 35.83%
[36m(ClientAppActor pid=14045)[0m [Client 0] Opacus Accountant Epsilon: 6.5910
[36m(ClientAppActor pid=14045)[0m 
[36m(ClientAppActor pid=14045)[0m         
[36m(ClientAppActor pid=14045)[0m 
[36m(ClientAppActor pid=14045)[0m         
[36m(ClientAppActor pid=14045)[0m [93mWARNING [0m:   Deprecation Warning: The `client_fn` function must return an instance of `Client`, but an instance of `NumpyClient` was returned. Please use `NumPyClient.to_client()` method to convert it to `Client`.
[36m(ClientAppActor pid=14045)[0m /usr/local/lib/python3.13/dist-packages/opacus/privacy_engine.py:98: UserWarning: Secure RNG turned off. This is perfectly fine for experimentation as it allows for much faster training performance, but remember to turn it on and retrain one last time before production with ``secure_mode`` turned on.
[36m(ClientAppActor pid=14045)[0m   warnings.warn(
[36m(ClientAppActor pid=14045)[0m [93mWARNING [0m:   DEPRECATED FEATURE: `client_fn` now expects a signature `def client_fn(context: Context)`.The provided `client_fn` has signature: {'cid': <Parameter "cid: str">}. You can import the `Context` like this: `from flwr.app import Context`
[36m(ClientAppActor pid=14045)[0m             This is a deprecated feature. It will be removed[32m [repeated 2x across cluster] (Ray deduplicates logs by default. Set RAY_DEDUP_LOGS=0 to disable log deduplication, or see https://docs.ray.io/en/master/ray-observability/user-guides/configure-logging.html#log-deduplication for more options.)[0m
[36m(ClientAppActor pid=14045)[0m             entirely in future versions of Flower.[32m [repeated 2x across cluster][0m
[36m(ClientAppActor pid=14045)[0m 09/07/2026 19:39:05:WARNING:DEPRECATED FEATURE: `client_fn` now expects a signature `def client_fn(context: Context)`.The provided `client_fn` has signature: {'cid': <Parameter "cid: str">}. You can import the `Context` like this: `from flwr.app import Context`
[36m(ClientAppActor pid=14045)[0m 09/07/2026 19:39:05:WARNING:Deprecation Warning: The `client_fn` function must return an instance of `Client`, but an instance of `NumpyClient` was returned. Please use `NumPyClient.to_client()` method to convert it to `Client`.
[36m(ClientAppActor pid=14046)[0m Train Epoch: 1 	Loss: 1.169762	Accuracy: 57.94%
[36m(ClientAppActor pid=14046)[0m [93mWARNING [0m:   DEPRECATED FEATURE: `client_fn` now expects a signature `def client_fn(context: Context)`.The provided `client_fn` has signature: {'cid': <Parameter "cid: str">}. You can import the `Context` like this: `from flwr.app import Context`
[36m(ClientAppActor pid=14046)[0m 
[36m(ClientAppActor pid=14046)[0m         
[36m(ClientAppActor pid=14046)[0m 09/07/2026 19:39:08:WARNING:DEPRECATED FEATURE: `client_fn` now expects a signature `def client_fn(context: Context)`.The provided `client_fn` has signature: {'cid': <Parameter "cid: str">}. You can import the `Context` like this: `from flwr.app import Context`
[36m(ClientAppActor pid=14046)[0m 
[36m(ClientAppActor pid=14046)[0m         
[36m(ClientAppActor pid=14046)[0m 09/07/2026 19:39:08:WARNING:Deprecation Warning: The `client_fn` function must return an instance of `Client`, but an instance of `NumpyClient` was returned. Please use `NumPyClient.to_client()` method to convert it to `Client`.
[36m(ClientAppActor pid=14046)[0m [Client 1] Opacus Accountant Epsilon: 6.9750
[36m(ClientAppActor pid=14045)[0m Train Epoch: 1 	Loss: 2.641880	Accuracy: 51.81%
[36m(ClientAppActor pid=14045)[0m [Client 3] Opacus Accountant Epsilon: 7.2892
[36m(ClientAppActor pid=14046)[0m Train Epoch: 1 	Loss: 1.281732	Accuracy: 40.14%
[92mINFO [0m:      aggregate_fit: received 5 results and 0 failures
09/07/2026 19:39:47:INFO:aggregate_fit: received 5 results and 0 failures
[92mINFO [0m:      configure_evaluate: strategy sampled 5 clients (out of 5)
09/07/2026 19:39:47:INFO:configure_evaluate: strategy sampled 5 clients (out of 5)
[36m(ClientAppActor pid=14046)[0m [Client 2] Opacus Accountant Epsilon: 6.7583
[36m(ClientAppActor pid=14046)[0m [93mWARNING [0m:   DEPRECATED FEATURE: `client_fn` now expects a signature `def client_fn(context: Context)`.The provided `client_fn` has signature: {'cid': <Parameter "cid: str">}. You can import the `Context` like this: `from flwr.app import Context`
[36m(ClientAppActor pid=14046)[0m 
[36m(ClientAppActor pid=14046)[0m         
[36m(ClientAppActor pid=14046)[0m 09/07/2026 19:39:47:WARNING:DEPRECATED FEATURE: `client_fn` now expects a signature `def client_fn(context: Context)`.The provided `client_fn` has signature: {'cid': <Parameter "cid: str">}. You can import the `Context` like this: `from flwr.app import Context`
[36m(ClientAppActor pid=14046)[0m 
[36m(ClientAppActor pid=14046)[0m         
[36m(ClientAppActor pid=14046)[0m 09/07/2026 19:39:47:WARNING:Deprecation Warning: The `client_fn` function must return an instance of `Client`, but an instance of `NumpyClient` was returned. Please use `NumPyClient.to_client()` method to convert it to `Client`.
[36m(ClientAppActor pid=14046)[0m [93mWARNING [0m:   Deprecation Warning: The `client_fn` function must return an instance of `Client`, but an instance of `NumpyClient` was returned. Please use `NumPyClient.to_client()` method to convert it to `Client`.[32m [repeated 2x across cluster][0m
[36m(ClientAppActor pid=14046)[0m /usr/local/lib/python3.13/dist-packages/opacus/privacy_engine.py:98: UserWarning: Secure RNG turned off. This is perfectly fine for experimentation as it allows for much faster training performance, but remember to turn it on and retrain one last time before production with ``secure_mode`` turned on.
[36m(ClientAppActor pid=14046)[0m   warnings.warn(
[36m(ClientAppActor pid=14046)[0m             This is a deprecated feature. It will be removed[32m [repeated 4x across cluster][0m
[36m(ClientAppActor pid=14046)[0m             entirely in future versions of Flower.[32m [repeated 4x across cluster][0m
[36m(ClientAppActor pid=14045)[0m [93mWARNING [0m:   DEPRECATED FEATURE: `client_fn` now expects a signature `def client_fn(context: Context)`.The provided `client_fn` has signature: {'cid': <Parameter "cid: str">}. You can import the `Context` like this: `from flwr.app import Context`
[36m(ClientAppActor pid=14045)[0m 
[36m(ClientAppActor pid=14045)[0m         
[36m(ClientAppActor pid=14045)[0m 09/07/2026 19:39:47:WARNING:DEPRECATED FEATURE: `client_fn` now expects a signature `def client_fn(context: Context)`.The provided `client_fn` has signature: {'cid': <Parameter "cid: str">}. You can import the `Context` like this: `from flwr.app import Context`
[36m(ClientAppActor pid=14045)[0m 
[36m(ClientAppActor pid=14045)[0m         
[36m(ClientAppActor pid=14045)[0m 09/07/2026 19:39:47:WARNING:Deprecation Warning: The `client_fn` function must return an instance of `Client`, but an instance of `NumpyClient` was returned. Please use `NumPyClient.to_client()` method to convert it to `Client`.
[36m(ClientAppActor pid=14045)[0m Test set: Average loss: 2.2797, Accuracy: 1144/10000 (11.44%)
[36m(ClientAppActor pid=14045)[0m [93mWARNING [0m:   DEPRECATED FEATURE: `client_fn` now expects a signature `def client_fn(context: Context)`.The provided `client_fn` has signature: {'cid': <Parameter "cid: str">}. You can import the `Context` like this: `from flwr.app import Context`
[36m(ClientAppActor pid=14045)[0m 
[36m(ClientAppActor pid=14045)[0m         
[36m(ClientAppActor pid=14045)[0m 09/07/2026 19:39:56:WARNING:DEPRECATED FEATURE: `client_fn` now expects a signature `def client_fn(context: Context)`.The provided `client_fn` has signature: {'cid': <Parameter "cid: str">}. You can import the `Context` like this: `from flwr.app import Context`
[36m(ClientAppActor pid=14045)[0m 
[36m(ClientAppActor pid=14045)[0m         
[36m(ClientAppActor pid=14045)[0m 09/07/2026 19:39:56:WARNING:Deprecation Warning: The `client_fn` function must return an instance of `Client`, but an instance of `NumpyClient` was returned. Please use `NumPyClient.to_client()` method to convert it to `Client`.
[36m(ClientAppActor pid=14045)[0m [93mWARNING [0m:   Deprecation Warning: The `client_fn` function must return an instance of `Client`, but an instance of `NumpyClient` was returned. Please use `NumPyClient.to_client()` method to convert it to `Client`.[32m [repeated 2x across cluster][0m
[36m(ClientAppActor pid=14045)[0m             This is a deprecated feature. It will be removed[32m [repeated 4x across cluster][0m
[36m(ClientAppActor pid=14045)[0m             entirely in future versions of Flower.[32m [repeated 4x across cluster][0m
[36m(ClientAppActor pid=14046)[0m [93mWARNING [0m:   DEPRECATED FEATURE: `client_fn` now expects a signature `def client_fn(context: Context)`.The provided `client_fn` has signature: {'cid': <Parameter "cid: str">}. You can import the `Context` like this: `from flwr.app import Context`
[36m(ClientAppActor pid=14046)[0m 
[36m(ClientAppActor pid=14046)[0m         
[36m(ClientAppActor pid=14046)[0m 09/07/2026 19:39:56:WARNING:DEPRECATED FEATURE: `client_fn` now expects a signature `def client_fn(context: Context)`.The provided `client_fn` has signature: {'cid': <Parameter "cid: str">}. You can import the `Context` like this: `from flwr.app import Context`
[36m(ClientAppActor pid=14046)[0m 
[36m(ClientAppActor pid=14046)[0m         
[36m(ClientAppActor pid=14046)[0m 09/07/2026 19:39:56:WARNING:Deprecation Warning: The `client_fn` function must return an instance of `Client`, but an instance of `NumpyClient` was returned. Please use `NumPyClient.to_client()` method to convert it to `Client`.
[36m(ClientAppActor pid=14045)[0m Test set: Average loss: 2.2797, Accuracy: 1144/10000 (11.44%)[32m [repeated 2x across cluster][0m
[36m(ClientAppActor pid=14045)[0m 
[36m(ClientAppActor pid=14045)[0m         
[36m(ClientAppActor pid=14045)[0m 
[36m(ClientAppActor pid=14045)[0m         
[36m(ClientAppActor pid=14045)[0m [93mWARNING [0m:   Deprecation Warning: The `client_fn` function must return an instance of `Client`, but an instance of `NumpyClient` was returned. Please use `NumPyClient.to_client()` method to convert it to `Client`.[32m [repeated 2x across cluster][0m
[36m(ClientAppActor pid=14045)[0m             This is a deprecated feature. It will be removed[32m [repeated 4x across cluster][0m
[36m(ClientAppActor pid=14045)[0m             entirely in future versions of Flower.[32m [repeated 4x across cluster][0m
[36m(ClientAppActor pid=14045)[0m [93mWARNING [0m:   DEPRECATED FEATURE: `client_fn` now expects a signature `def client_fn(context: Context)`.The provided `client_fn` has signature: {'cid': <Parameter "cid: str">}. You can import the `Context` like this: `from flwr.app import Context`
[36m(ClientAppActor pid=14045)[0m 09/07/2026 19:40:08:WARNING:DEPRECATED FEATURE: `client_fn` now expects a signature `def client_fn(context: Context)`.The provided `client_fn` has signature: {'cid': <Parameter "cid: str">}. You can import the `Context` like this: `from flwr.app import Context`
[36m(ClientAppActor pid=14045)[0m 09/07/2026 19:40:08:WARNING:Deprecation Warning: The `client_fn` function must return an instance of `Client`, but an instance of `NumpyClient` was returned. Please use `NumPyClient.to_client()` method to convert it to `Client`.
[92mINFO [0m:      aggregate_evaluate: received 5 results and 0 failures
09/07/2026 19:40:13:INFO:aggregate_evaluate: received 5 results and 0 failures
[92mINFO [0m:      
09/07/2026 19:40:13:INFO:
[92mINFO [0m:      [ROUND 2]
09/07/2026 19:40:13:INFO:[ROUND 2]
[92mINFO [0m:      configure_fit: strategy sampled 5 clients (out of 5)
09/07/2026 19:40:13:INFO:configure_fit: strategy sampled 5 clients (out of 5)
[36m(ClientAppActor pid=14045)[0m Test set: Average loss: 2.2797, Accuracy: 1144/10000 (11.44%)[32m [repeated 2x across cluster][0m
[36m(ClientAppActor pid=14046)[0m [93mWARNING [0m:   DEPRECATED FEATURE: `client_fn` now expects a signature `def client_fn(context: Context)`.The provided `client_fn` has signature: {'cid': <Parameter "cid: str">}. You can import the `Context` like this: `from flwr.app import Context`
[36m(ClientAppActor pid=14046)[0m 
[36m(ClientAppActor pid=14046)[0m         
[36m(ClientAppActor pid=14046)[0m 09/07/2026 19:40:13:WARNING:DEPRECATED FEATURE: `client_fn` now expects a signature `def client_fn(context: Context)`.The provided `client_fn` has signature: {'cid': <Parameter "cid: str">}. You can import the `Context` like this: `from flwr.app import Context`
[36m(ClientAppActor pid=14046)[0m 
[36m(ClientAppActor pid=14046)[0m         
[36m(ClientAppActor pid=14046)[0m 09/07/2026 19:40:13:WARNING:Deprecation Warning: The `client_fn` function must return an instance of `Client`, but an instance of `NumpyClient` was returned. Please use `NumPyClient.to_client()` method to convert it to `Client`.
[36m(ClientAppActor pid=14046)[0m /usr/local/lib/python3.13/dist-packages/opacus/privacy_engine.py:98: UserWarning: Secure RNG turned off. This is perfectly fine for experimentation as it allows for much faster training performance, but remember to turn it on and retrain one last time before production with ``secure_mode`` turned on.
[36m(ClientAppActor pid=14046)[0m   warnings.warn(
[36m(ClientAppActor pid=14046)[0m [93mWARNING [0m:   Deprecation Warning: The `client_fn` function must return an instance of `Client`, but an instance of `NumpyClient` was returned. Please use `NumPyClient.to_client()` method to convert it to `Client`.
[36m(ClientAppActor pid=14046)[0m             This is a deprecated feature. It will be removed[32m [repeated 2x across cluster][0m
[36m(ClientAppActor pid=14046)[0m             entirely in future versions of Flower.[32m [repeated 2x across cluster][0m
[36m(ClientAppActor pid=14045)[0m 
[36m(ClientAppActor pid=14045)[0m         
[36m(ClientAppActor pid=14045)[0m 
[36m(ClientAppActor pid=14045)[0m         
[36m(ClientAppActor pid=14045)[0m [93mWARNING [0m:   Deprecation Warning: The `client_fn` function must return an instance of `Client`, but an instance of `NumpyClient` was returned. Please use `NumPyClient.to_client()` method to convert it to `Client`.
[36m(ClientAppActor pid=14045)[0m Train Epoch: 1 	Loss: 2.013253	Accuracy: 58.47%
[36m(ClientAppActor pid=14045)[0m [Client 4] Opacus Accountant Epsilon: 8.3040
[36m(ClientAppActor pid=14045)[0m 
[36m(ClientAppActor pid=14045)[0m         
[36m(ClientAppActor pid=14045)[0m 
[36m(ClientAppActor pid=14045)[0m         
[36m(ClientAppActor pid=14045)[0m [93mWARNING [0m:   Deprecation Warning: The `client_fn` function must return an instance of `Client`, but an instance of `NumpyClient` was returned. Please use `NumPyClient.to_client()` method to convert it to `Client`.
[36m(ClientAppActor pid=14045)[0m [93mWARNING [0m:   DEPRECATED FEATURE: `client_fn` now expects a signature `def client_fn(context: Context)`.The provided `client_fn` has signature: {'cid': <Parameter "cid: str">}. You can import the `Context` like this: `from flwr.app import Context`[32m [repeated 2x across cluster][0m
[36m(ClientAppActor pid=14045)[0m 09/07/2026 19:40:34:WARNING:DEPRECATED FEATURE: `client_fn` now expects a signature `def client_fn(context: Context)`.The provided `client_fn` has signature: {'cid': <Parameter "cid: str">}. You can import the `Context` like this: `from flwr.app import Context`[32m [repeated 2x across cluster][0m
[36m(ClientAppActor pid=14045)[0m 09/07/2026 19:40:34:WARNING:Deprecation Warning: The `client_fn` function must return an instance of `Client`, but an instance of `NumpyClient` was returned. Please use `NumPyClient.to_client()` method to convert it to `Client`.[32m [repeated 2x across cluster][0m
[36m(ClientAppActor pid=14045)[0m /usr/local/lib/python3.13/dist-packages/opacus/privacy_engine.py:98: UserWarning: Secure RNG turned off. This is perfectly fine for experimentation as it allows for much faster training performance, but remember to turn it on and retrain one last time before production with ``secure_mode`` turned on.[32m [repeated 2x across cluster][0m
[36m(ClientAppActor pid=14045)[0m   warnings.warn([32m [repeated 2x across cluster][0m
[36m(ClientAppActor pid=14045)[0m             This is a deprecated feature. It will be removed[32m [repeated 4x across cluster][0m
[36m(ClientAppActor pid=14045)[0m             entirely in future versions of Flower.[32m [repeated 4x across cluster][0m
[36m(ClientAppActor pid=14046)[0m Train Epoch: 1 	Loss: 2.763513	Accuracy: 53.10%
[36m(ClientAppActor pid=14046)[0m [Client 3] Opacus Accountant Epsilon: 7.2892
[36m(ClientAppActor pid=14046)[0m 
[36m(ClientAppActor pid=14046)[0m         
[36m(ClientAppActor pid=14046)[0m 
[36m(ClientAppActor pid=14046)[0m         
[36m(ClientAppActor pid=14046)[0m [93mWARNING [0m:   Deprecation Warning: The `client_fn` function must return an instance of `Client`, but an instance of `NumpyClient` was returned. Please use `NumPyClient.to_client()` method to convert it to `Client`.
[36m(ClientAppActor pid=14046)[0m [93mWARNING [0m:   DEPRECATED FEATURE: `client_fn` now expects a signature `def client_fn(context: Context)`.The provided `client_fn` has signature: {'cid': <Parameter "cid: str">}. You can import the `Context` like this: `from flwr.app import Context`
[36m(ClientAppActor pid=14046)[0m 09/07/2026 19:40:45:WARNING:DEPRECATED FEATURE: `client_fn` now expects a signature `def client_fn(context: Context)`.The provided `client_fn` has signature: {'cid': <Parameter "cid: str">}. You can import the `Context` like this: `from flwr.app import Context`
[36m(ClientAppActor pid=14046)[0m 09/07/2026 19:40:45:WARNING:Deprecation Warning: The `client_fn` function must return an instance of `Client`, but an instance of `NumpyClient` was returned. Please use `NumPyClient.to_client()` method to convert it to `Client`.
[36m(ClientAppActor pid=14046)[0m /usr/local/lib/python3.13/dist-packages/opacus/privacy_engine.py:98: UserWarning: Secure RNG turned off. This is perfectly fine for experimentation as it allows for much faster training performance, but remember to turn it on and retrain one last time before production with ``secure_mode`` turned on.
[36m(ClientAppActor pid=14046)[0m   warnings.warn(
[36m(ClientAppActor pid=14046)[0m             This is a deprecated feature. It will be removed[32m [repeated 2x across cluster][0m
[36m(ClientAppActor pid=14046)[0m             entirely in future versions of Flower.[32m [repeated 2x across cluster][0m
[36m(ClientAppActor pid=14045)[0m Train Epoch: 1 	Loss: 1.339720	Accuracy: 39.08%
[36m(ClientAppActor pid=14045)[0m [Client 0] Opacus Accountant Epsilon: 6.5910
[36m(ClientAppActor pid=14045)[0m [93mWARNING [0m:   DEPRECATED FEATURE: `client_fn` now expects a signature `def client_fn(context: Context)`.The provided `client_fn` has signature: {'cid': <Parameter "cid: str">}. You can import the `Context` like this: `from flwr.app import Context`
[36m(ClientAppActor pid=14045)[0m 
[36m(ClientAppActor pid=14045)[0m         
[36m(ClientAppActor pid=14045)[0m 09/07/2026 19:41:20:WARNING:DEPRECATED FEATURE: `client_fn` now expects a signature `def client_fn(context: Context)`.The provided `client_fn` has signature: {'cid': <Parameter "cid: str">}. You can import the `Context` like this: `from flwr.app import Context`
[36m(ClientAppActor pid=14045)[0m 
[36m(ClientAppActor pid=14045)[0m         
[36m(ClientAppActor pid=14045)[0m 09/07/2026 19:41:20:WARNING:Deprecation Warning: The `client_fn` function must return an instance of `Client`, but an instance of `NumpyClient` was returned. Please use `NumPyClient.to_client()` method to convert it to `Client`.
[36m(ClientAppActor pid=14045)[0m /usr/local/lib/python3.13/dist-packages/opacus/privacy_engine.py:98: UserWarning: Secure RNG turned off. This is perfectly fine for experimentation as it allows for much faster training performance, but remember to turn it on and retrain one last time before production with ``secure_mode`` turned on.
[36m(ClientAppActor pid=14045)[0m   warnings.warn(
[36m(ClientAppActor pid=14045)[0m [93mWARNING [0m:   Deprecation Warning: The `client_fn` function must return an instance of `Client`, but an instance of `NumpyClient` was returned. Please use `NumPyClient.to_client()` method to convert it to `Client`.
[36m(ClientAppActor pid=14045)[0m             This is a deprecated feature. It will be removed[32m [repeated 2x across cluster][0m
[36m(ClientAppActor pid=14045)[0m             entirely in future versions of Flower.[32m [repeated 2x across cluster][0m
[36m(ClientAppActor pid=14045)[0m Train Epoch: 1 	Loss: 1.248268	Accuracy: 41.13%[32m [repeated 2x across cluster][0m
[36m(ClientAppActor pid=14046)[0m [Client 1] Opacus Accountant Epsilon: 6.9750
[92mINFO [0m:      aggregate_fit: received 5 results and 0 failures
09/07/2026 19:41:48:INFO:aggregate_fit: received 5 results and 0 failures
[92mINFO [0m:      configure_evaluate: strategy sampled 5 clients (out of 5)
09/07/2026 19:41:48:INFO:configure_evaluate: strategy sampled 5 clients (out of 5)
[36m(ClientAppActor pid=14045)[0m [Client 2] Opacus Accountant Epsilon: 6.7583
[36m(ClientAppActor pid=14045)[0m [93mWARNING [0m:   DEPRECATED FEATURE: `client_fn` now expects a signature `def client_fn(context: Context)`.The provided `client_fn` has signature: {'cid': <Parameter "cid: str">}. You can import the `Context` like this: `from flwr.app import Context`
[36m(ClientAppActor pid=14045)[0m 
[36m(ClientAppActor pid=14045)[0m         
[36m(ClientAppActor pid=14045)[0m 09/07/2026 19:41:48:WARNING:DEPRECATED FEATURE: `client_fn` now expects a signature `def client_fn(context: Context)`.The provided `client_fn` has signature: {'cid': <Parameter "cid: str">}. You can import the `Context` like this: `from flwr.app import Context`
[36m(ClientAppActor pid=14045)[0m 
[36m(ClientAppActor pid=14045)[0m         
[36m(ClientAppActor pid=14045)[0m [93mWARNING [0m:   Deprecation Warning: The `client_fn` function must return an instance of `Client`, but an instance of `NumpyClient` was returned. Please use `NumPyClient.to_client()` method to convert it to `Client`.
[36m(ClientAppActor pid=14045)[0m 09/07/2026 19:41:48:WARNING:Deprecation Warning: The `client_fn` function must return an instance of `Client`, but an instance of `NumpyClient` was returned. Please use `NumPyClient.to_client()` method to convert it to `Client`.
[36m(ClientAppActor pid=14045)[0m             This is a deprecated feature. It will be removed[32m [repeated 2x across cluster][0m
[36m(ClientAppActor pid=14045)[0m             entirely in future versions of Flower.[32m [repeated 2x across cluster][0m
[36m(ClientAppActor pid=14046)[0m [93mWARNING [0m:   DEPRECATED FEATURE: `client_fn` now expects a signature `def client_fn(context: Context)`.The provided `client_fn` has signature: {'cid': <Parameter "cid: str">}. You can import the `Context` like this: `from flwr.app import Context`
[36m(ClientAppActor pid=14046)[0m 
[36m(ClientAppActor pid=14046)[0m         
[36m(ClientAppActor pid=14046)[0m 09/07/2026 19:41:48:WARNING:DEPRECATED FEATURE: `client_fn` now expects a signature `def client_fn(context: Context)`.The provided `client_fn` has signature: {'cid': <Parameter "cid: str">}. You can import the `Context` like this: `from flwr.app import Context`
[36m(ClientAppActor pid=14046)[0m 
[36m(ClientAppActor pid=14046)[0m         
[36m(ClientAppActor pid=14046)[0m 09/07/2026 19:41:48:WARNING:Deprecation Warning: The `client_fn` function must return an instance of `Client`, but an instance of `NumpyClient` was returned. Please use `NumPyClient.to_client()` method to convert it to `Client`.
[36m(ClientAppActor pid=14046)[0m Test set: Average loss: 2.2199, Accuracy: 1805/10000 (18.05%)
[36m(ClientAppActor pid=14046)[0m [93mWARNING [0m:   DEPRECATED FEATURE: `client_fn` now expects a signature `def client_fn(context: Context)`.The provided `client_fn` has signature: {'cid': <Parameter "cid: str">}. You can import the `Context` like this: `from flwr.app import Context`
[36m(ClientAppActor pid=14046)[0m 
[36m(ClientAppActor pid=14046)[0m         
[36m(ClientAppActor pid=14046)[0m 09/07/2026 19:41:59:WARNING:DEPRECATED FEATURE: `client_fn` now expects a signature `def client_fn(context: Context)`.The provided `client_fn` has signature: {'cid': <Parameter "cid: str">}. You can import the `Context` like this: `from flwr.app import Context`
[36m(ClientAppActor pid=14046)[0m 
[36m(ClientAppActor pid=14046)[0m         
[36m(ClientAppActor pid=14046)[0m 09/07/2026 19:41:59:WARNING:Deprecation Warning: The `client_fn` function must return an instance of `Client`, but an instance of `NumpyClient` was returned. Please use `NumPyClient.to_client()` method to convert it to `Client`.
[36m(ClientAppActor pid=14046)[0m [93mWARNING [0m:   Deprecation Warning: The `client_fn` function must return an instance of `Client`, but an instance of `NumpyClient` was returned. Please use `NumPyClient.to_client()` method to convert it to `Client`.[32m [repeated 2x across cluster][0m
[36m(ClientAppActor pid=14046)[0m             This is a deprecated feature. It will be removed[32m [repeated 4x across cluster][0m
[36m(ClientAppActor pid=14046)[0m             entirely in future versions of Flower.[32m [repeated 4x across cluster][0m
[36m(ClientAppActor pid=14045)[0m [93mWARNING [0m:   DEPRECATED FEATURE: `client_fn` now expects a signature `def client_fn(context: Context)`.The provided `client_fn` has signature: {'cid': <Parameter "cid: str">}. You can import the `Context` like this: `from flwr.app import Context`
[36m(ClientAppActor pid=14045)[0m 
[36m(ClientAppActor pid=14045)[0m         
[36m(ClientAppActor pid=14045)[0m 09/07/2026 19:41:59:WARNING:DEPRECATED FEATURE: `client_fn` now expects a signature `def client_fn(context: Context)`.The provided `client_fn` has signature: {'cid': <Parameter "cid: str">}. You can import the `Context` like this: `from flwr.app import Context`
[36m(ClientAppActor pid=14045)[0m 
[36m(ClientAppActor pid=14045)[0m         
[36m(ClientAppActor pid=14045)[0m 09/07/2026 19:41:59:WARNING:Deprecation Warning: The `client_fn` function must return an instance of `Client`, but an instance of `NumpyClient` was returned. Please use `NumPyClient.to_client()` method to convert it to `Client`.
[36m(ClientAppActor pid=14046)[0m Test set: Average loss: 2.2199, Accuracy: 1805/10000 (18.05%)[32m [repeated 2x across cluster][0m
[36m(ClientAppActor pid=14046)[0m 
[36m(ClientAppActor pid=14046)[0m         
[36m(ClientAppActor pid=14046)[0m 
[36m(ClientAppActor pid=14046)[0m         
[36m(ClientAppActor pid=14046)[0m [93mWARNING [0m:   Deprecation Warning: The `client_fn` function must return an instance of `Client`, but an instance of `NumpyClient` was returned. Please use `NumPyClient.to_client()` method to convert it to `Client`.[32m [repeated 2x across cluster][0m
[36m(ClientAppActor pid=14046)[0m             This is a deprecated feature. It will be removed[32m [repeated 4x across cluster][0m
[36m(ClientAppActor pid=14046)[0m             entirely in future versions of Flower.[32m [repeated 4x across cluster][0m
[36m(ClientAppActor pid=14046)[0m [93mWARNING [0m:   DEPRECATED FEATURE: `client_fn` now expects a signature `def client_fn(context: Context)`.The provided `client_fn` has signature: {'cid': <Parameter "cid: str">}. You can import the `Context` like this: `from flwr.app import Context`
[36m(ClientAppActor pid=14046)[0m 09/07/2026 19:42:08:WARNING:DEPRECATED FEATURE: `client_fn` now expects a signature `def client_fn(context: Context)`.The provided `client_fn` has signature: {'cid': <Parameter "cid: str">}. You can import the `Context` like this: `from flwr.app import Context`
[36m(ClientAppActor pid=14046)[0m 09/07/2026 19:42:08:WARNING:Deprecation Warning: The `client_fn` function must return an instance of `Client`, but an instance of `NumpyClient` was returned. Please use `NumPyClient.to_client()` method to convert it to `Client`.
[92mINFO [0m:      aggregate_evaluate: received 5 results and 0 failures
09/07/2026 19:42:15:INFO:aggregate_evaluate: received 5 results and 0 failures
[92mINFO [0m:      
09/07/2026 19:42:15:INFO:
[92mINFO [0m:      [ROUND 3]
09/07/2026 19:42:15:INFO:[ROUND 3]
[92mINFO [0m:      configure_fit: strategy sampled 5 clients (out of 5)
09/07/2026 19:42:15:INFO:configure_fit: strategy sampled 5 clients (out of 5)
[36m(ClientAppActor pid=14046)[0m [93mWARNING [0m:   DEPRECATED FEATURE: `client_fn` now expects a signature `def client_fn(context: Context)`.The provided `client_fn` has signature: {'cid': <Parameter "cid: str">}. You can import the `Context` like this: `from flwr.app import Context`
[36m(ClientAppActor pid=14046)[0m 
[36m(ClientAppActor pid=14046)[0m         
[36m(ClientAppActor pid=14046)[0m 09/07/2026 19:42:15:WARNING:DEPRECATED FEATURE: `client_fn` now expects a signature `def client_fn(context: Context)`.The provided `client_fn` has signature: {'cid': <Parameter "cid: str">}. You can import the `Context` like this: `from flwr.app import Context`
[36m(ClientAppActor pid=14046)[0m 
[36m(ClientAppActor pid=14046)[0m         
[36m(ClientAppActor pid=14046)[0m 09/07/2026 19:42:15:WARNING:Deprecation Warning: The `client_fn` function must return an instance of `Client`, but an instance of `NumpyClient` was returned. Please use `NumPyClient.to_client()` method to convert it to `Client`.
[36m(ClientAppActor pid=14046)[0m /usr/local/lib/python3.13/dist-packages/opacus/privacy_engine.py:98: UserWarning: Secure RNG turned off. This is perfectly fine for experimentation as it allows for much faster training performance, but remember to turn it on and retrain one last time before production with ``secure_mode`` turned on.
[36m(ClientAppActor pid=14046)[0m   warnings.warn(
[36m(ClientAppActor pid=14046)[0m [93mWARNING [0m:   Deprecation Warning: The `client_fn` function must return an instance of `Client`, but an instance of `NumpyClient` was returned. Please use `NumPyClient.to_client()` method to convert it to `Client`.
[36m(ClientAppActor pid=14046)[0m             This is a deprecated feature. It will be removed[32m [repeated 2x across cluster][0m
[36m(ClientAppActor pid=14046)[0m             entirely in future versions of Flower.[32m [repeated 2x across cluster][0m
[36m(ClientAppActor pid=14046)[0m Test set: Average loss: 2.2199, Accuracy: 1805/10000 (18.05%)[32m [repeated 2x across cluster][0m
[36m(ClientAppActor pid=14045)[0m 
[36m(ClientAppActor pid=14045)[0m         
[36m(ClientAppActor pid=14045)[0m 
[36m(ClientAppActor pid=14045)[0m         
[36m(ClientAppActor pid=14045)[0m [93mWARNING [0m:   Deprecation Warning: The `client_fn` function must return an instance of `Client`, but an instance of `NumpyClient` was returned. Please use `NumPyClient.to_client()` method to convert it to `Client`.
[36m(ClientAppActor pid=14046)[0m Train Epoch: 1 	Loss: 1.222859	Accuracy: 43.55%
[36m(ClientAppActor pid=14046)[0m [Client 2] Opacus Accountant Epsilon: 6.7583
[36m(ClientAppActor pid=14046)[0m 
[36m(ClientAppActor pid=14046)[0m         
[36m(ClientAppActor pid=14046)[0m 
[36m(ClientAppActor pid=14046)[0m         
[36m(ClientAppActor pid=14046)[0m [93mWARNING [0m:   DEPRECATED FEATURE: `client_fn` now expects a signature `def client_fn(context: Context)`.The provided `client_fn` has signature: {'cid': <Parameter "cid: str">}. You can import the `Context` like this: `from flwr.app import Context`[32m [repeated 2x across cluster][0m
[36m(ClientAppActor pid=14046)[0m 09/07/2026 19:42:58:WARNING:DEPRECATED FEATURE: `client_fn` now expects a signature `def client_fn(context: Context)`.The provided `client_fn` has signature: {'cid': <Parameter "cid: str">}. You can import the `Context` like this: `from flwr.app import Context`[32m [repeated 2x across cluster][0m
[36m(ClientAppActor pid=14046)[0m 09/07/2026 19:42:58:WARNING:Deprecation Warning: The `client_fn` function must return an instance of `Client`, but an instance of `NumpyClient` was returned. Please use `NumPyClient.to_client()` method to convert it to `Client`.[32m [repeated 2x across cluster][0m
[36m(ClientAppActor pid=14046)[0m /usr/local/lib/python3.13/dist-packages/opacus/privacy_engine.py:98: UserWarning: Secure RNG turned off. This is perfectly fine for experimentation as it allows for much faster training performance, but remember to turn it on and retrain one last time before production with ``secure_mode`` turned on.[32m [repeated 2x across cluster][0m
[36m(ClientAppActor pid=14046)[0m   warnings.warn([32m [repeated 2x across cluster][0m
[36m(ClientAppActor pid=14046)[0m             This is a deprecated feature. It will be removed[32m [repeated 4x across cluster][0m
[36m(ClientAppActor pid=14046)[0m             entirely in future versions of Flower.[32m [repeated 4x across cluster][0m
[36m(ClientAppActor pid=14046)[0m [93mWARNING [0m:   Deprecation Warning: The `client_fn` function must return an instance of `Client`, but an instance of `NumpyClient` was returned. Please use `NumPyClient.to_client()` method to convert it to `Client`.
[36m(ClientAppActor pid=14045)[0m 
[36m(ClientAppActor pid=14045)[0m         
[36m(ClientAppActor pid=14045)[0m 
[36m(ClientAppActor pid=14045)[0m         
[36m(ClientAppActor pid=14045)[0m [93mWARNING [0m:   Deprecation Warning: The `client_fn` function must return an instance of `Client`, but an instance of `NumpyClient` was returned. Please use `NumPyClient.to_client()` method to convert it to `Client`.
[36m(ClientAppActor pid=14045)[0m Train Epoch: 1 	Loss: 1.939543	Accuracy: 59.81%[32m [repeated 2x across cluster][0m
[36m(ClientAppActor pid=14045)[0m [Client 0] Opacus Accountant Epsilon: 6.5910
[36m(ClientAppActor pid=14045)[0m [Client 4] Opacus Accountant Epsilon: 8.3040
[36m(ClientAppActor pid=14045)[0m 
[36m(ClientAppActor pid=14045)[0m         
[36m(ClientAppActor pid=14045)[0m 
[36m(ClientAppActor pid=14045)[0m         
[36m(ClientAppActor pid=14045)[0m [93mWARNING [0m:   Deprecation Warning: The `client_fn` function must return an instance of `Client`, but an instance of `NumpyClient` was returned. Please use `NumPyClient.to_client()` method to convert it to `Client`.
[36m(ClientAppActor pid=14045)[0m [93mWARNING [0m:   DEPRECATED FEATURE: `client_fn` now expects a signature `def client_fn(context: Context)`.The provided `client_fn` has signature: {'cid': <Parameter "cid: str">}. You can import the `Context` like this: `from flwr.app import Context`[32m [repeated 2x across cluster][0m
[36m(ClientAppActor pid=14045)[0m 09/07/2026 19:43:22:WARNING:DEPRECATED FEATURE: `client_fn` now expects a signature `def client_fn(context: Context)`.The provided `client_fn` has signature: {'cid': <Parameter "cid: str">}. You can import the `Context` like this: `from flwr.app import Context`[32m [repeated 2x across cluster][0m
[36m(ClientAppActor pid=14045)[0m 09/07/2026 19:43:22:WARNING:Deprecation Warning: The `client_fn` function must return an instance of `Client`, but an instance of `NumpyClient` was returned. Please use `NumPyClient.to_client()` method to convert it to `Client`.[32m [repeated 2x across cluster][0m
[36m(ClientAppActor pid=14045)[0m /usr/local/lib/python3.13/dist-packages/opacus/privacy_engine.py:98: UserWarning: Secure RNG turned off. This is perfectly fine for experimentation as it allows for much faster training performance, but remember to turn it on and retrain one last time before production with ``secure_mode`` turned on.[32m [repeated 2x across cluster][0m
[36m(ClientAppActor pid=14045)[0m   warnings.warn([32m [repeated 2x across cluster][0m
[36m(ClientAppActor pid=14045)[0m             This is a deprecated feature. It will be removed[32m [repeated 4x across cluster][0m
[36m(ClientAppActor pid=14045)[0m             entirely in future versions of Flower.[32m [repeated 4x across cluster][0m
[36m(ClientAppActor pid=14046)[0m Train Epoch: 1 	Loss: 2.562837	Accuracy: 52.82%
[36m(ClientAppActor pid=14046)[0m [Client 3] Opacus Accountant Epsilon: 7.2892
[36m(ClientAppActor pid=14045)[0m Train Epoch: 1 	Loss: 1.265983	Accuracy: 67.62%
[92mINFO [0m:      aggregate_fit: received 5 results and 0 failures
09/07/2026 19:43:49:INFO:aggregate_fit: received 5 results and 0 failures
[92mINFO [0m:      configure_evaluate: strategy sampled 5 clients (out of 5)
09/07/2026 19:43:49:INFO:configure_evaluate: strategy sampled 5 clients (out of 5)
[36m(ClientAppActor pid=14045)[0m [Client 1] Opacus Accountant Epsilon: 6.9750
[36m(ClientAppActor pid=14046)[0m 
[36m(ClientAppActor pid=14046)[0m         
[36m(ClientAppActor pid=14046)[0m 
[36m(ClientAppActor pid=14046)[0m         
[36m(ClientAppActor pid=14046)[0m [93mWARNING [0m:   DEPRECATED FEATURE: `client_fn` now expects a signature `def client_fn(context: Context)`.The provided `client_fn` has signature: {'cid': <Parameter "cid: str">}. You can import the `Context` like this: `from flwr.app import Context`
[36m(ClientAppActor pid=14046)[0m 09/07/2026 19:43:49:WARNING:DEPRECATED FEATURE: `client_fn` now expects a signature `def client_fn(context: Context)`.The provided `client_fn` has signature: {'cid': <Parameter "cid: str">}. You can import the `Context` like this: `from flwr.app import Context`
[36m(ClientAppActor pid=14046)[0m             This is a deprecated feature. It will be removed[32m [repeated 2x across cluster][0m
[36m(ClientAppActor pid=14046)[0m             entirely in future versions of Flower.[32m [repeated 2x across cluster][0m
[36m(ClientAppActor pid=14045)[0m [93mWARNING [0m:   DEPRECATED FEATURE: `client_fn` now expects a signature `def client_fn(context: Context)`.The provided `client_fn` has signature: {'cid': <Parameter "cid: str">}. You can import the `Context` like this: `from flwr.app import Context`
[36m(ClientAppActor pid=14045)[0m 
[36m(ClientAppActor pid=14045)[0m         
[36m(ClientAppActor pid=14045)[0m 09/07/2026 19:43:49:WARNING:DEPRECATED FEATURE: `client_fn` now expects a signature `def client_fn(context: Context)`.The provided `client_fn` has signature: {'cid': <Parameter "cid: str">}. You can import the `Context` like this: `from flwr.app import Context`
[36m(ClientAppActor pid=14045)[0m 
[36m(ClientAppActor pid=14045)[0m         
[36m(ClientAppActor pid=14045)[0m [93mWARNING [0m:   Deprecation Warning: The `client_fn` function must return an instance of `Client`, but an instance of `NumpyClient` was returned. Please use `NumPyClient.to_client()` method to convert it to `Client`.
[36m(ClientAppActor pid=14045)[0m 09/07/2026 19:43:49:WARNING:Deprecation Warning: The `client_fn` function must return an instance of `Client`, but an instance of `NumpyClient` was returned. Please use `NumPyClient.to_client()` method to convert it to `Client`.
[36m(ClientAppActor pid=14045)[0m Test set: Average loss: 2.1608, Accuracy: 1867/10000 (18.67%)
[36m(ClientAppActor pid=14045)[0m [93mWARNING [0m:   DEPRECATED FEATURE: `client_fn` now expects a signature `def client_fn(context: Context)`.The provided `client_fn` has signature: {'cid': <Parameter "cid: str">}. You can import the `Context` like this: `from flwr.app import Context`
[36m(ClientAppActor pid=14045)[0m 
[36m(ClientAppActor pid=14045)[0m         
[36m(ClientAppActor pid=14045)[0m 09/07/2026 19:43:58:WARNING:DEPRECATED FEATURE: `client_fn` now expects a signature `def client_fn(context: Context)`.The provided `client_fn` has signature: {'cid': <Parameter "cid: str">}. You can import the `Context` like this: `from flwr.app import Context`
[36m(ClientAppActor pid=14045)[0m 
[36m(ClientAppActor pid=14045)[0m         
[36m(ClientAppActor pid=14045)[0m             This is a deprecated feature. It will be removed[32m [repeated 4x across cluster][0m
[36m(ClientAppActor pid=14045)[0m             entirely in future versions of Flower.[32m [repeated 4x across cluster][0m
[36m(ClientAppActor pid=14045)[0m [93mWARNING [0m:   Deprecation Warning: The `client_fn` function must return an instance of `Client`, but an instance of `NumpyClient` was returned. Please use `NumPyClient.to_client()` method to convert it to `Client`.[32m [repeated 2x across cluster][0m
[36m(ClientAppActor pid=14045)[0m 09/07/2026 19:43:58:WARNING:Deprecation Warning: The `client_fn` function must return an instance of `Client`, but an instance of `NumpyClient` was returned. Please use `NumPyClient.to_client()` method to convert it to `Client`.[32m [repeated 2x across cluster][0m
[36m(ClientAppActor pid=14046)[0m [93mWARNING [0m:   DEPRECATED FEATURE: `client_fn` now expects a signature `def client_fn(context: Context)`.The provided `client_fn` has signature: {'cid': <Parameter "cid: str">}. You can import the `Context` like this: `from flwr.app import Context`
[36m(ClientAppActor pid=14046)[0m 
[36m(ClientAppActor pid=14046)[0m         
[36m(ClientAppActor pid=14046)[0m 09/07/2026 19:43:59:WARNING:DEPRECATED FEATURE: `client_fn` now expects a signature `def client_fn(context: Context)`.The provided `client_fn` has signature: {'cid': <Parameter "cid: str">}. You can import the `Context` like this: `from flwr.app import Context`
[36m(ClientAppActor pid=14046)[0m 
[36m(ClientAppActor pid=14046)[0m         
[36m(ClientAppActor pid=14046)[0m Test set: Average loss: 2.1608, Accuracy: 1867/10000 (18.67%)[32m [repeated 2x across cluster][0m
[36m(ClientAppActor pid=14046)[0m [93mWARNING [0m:   DEPRECATED FEATURE: `client_fn` now expects a signature `def client_fn(context: Context)`.The provided `client_fn` has signature: {'cid': <Parameter "cid: str">}. You can import the `Context` like this: `from flwr.app import Context`
[36m(ClientAppActor pid=14046)[0m 
[36m(ClientAppActor pid=14046)[0m         
[36m(ClientAppActor pid=14046)[0m 09/07/2026 19:44:10:WARNING:DEPRECATED FEATURE: `client_fn` now expects a signature `def client_fn(context: Context)`.The provided `client_fn` has signature: {'cid': <Parameter "cid: str">}. You can import the `Context` like this: `from flwr.app import Context`
[36m(ClientAppActor pid=14046)[0m 
[36m(ClientAppActor pid=14046)[0m         
[36m(ClientAppActor pid=14046)[0m             This is a deprecated feature. It will be removed[32m [repeated 4x across cluster][0m
[36m(ClientAppActor pid=14046)[0m             entirely in future versions of Flower.[32m [repeated 4x across cluster][0m
[36m(ClientAppActor pid=14046)[0m [93mWARNING [0m:   Deprecation Warning: The `client_fn` function must return an instance of `Client`, but an instance of `NumpyClient` was returned. Please use `NumPyClient.to_client()` method to convert it to `Client`.[32m [repeated 2x across cluster][0m
[36m(ClientAppActor pid=14046)[0m 09/07/2026 19:44:10:WARNING:Deprecation Warning: The `client_fn` function must return an instance of `Client`, but an instance of `NumpyClient` was returned. Please use `NumPyClient.to_client()` method to convert it to `Client`.[32m [repeated 2x across cluster][0m
[92mINFO [0m:      aggregate_evaluate: received 5 results and 0 failures
09/07/2026 19:44:15:INFO:aggregate_evaluate: received 5 results and 0 failures
[92mINFO [0m:      
09/07/2026 19:44:15:INFO:
[92mINFO [0m:      [SUMMARY]
09/07/2026 19:44:15:INFO:[SUMMARY]
[92mINFO [0m:      Run finished 3 round(s) in 365.20s
09/07/2026 19:44:15:INFO:Run finished 3 round(s) in 365.20s
[92mINFO [0m:      	History (loss, distributed):
09/07/2026 19:44:15:INFO:	History (loss, distributed):
[92mINFO [0m:      		round 1: 2.2796647093098636
09/07/2026 19:44:15:INFO:		round 1: 2.2796647093098636
[92mINFO [0m:      		round 2: 2.219906276958004
09/07/2026 19:44:15:INFO:		round 2: 2.219906276958004
[92mINFO [0m:      		round 3: 2.1607623646973044
09/07/2026 19:44:15:INFO:		round 3: 2.1607623646973044
[92mINFO [0m:      	History (metrics, distributed, fit):
09/07/2026 19:44:15:INFO:	History (metrics, distributed, fit):
[92mINFO [0m:      	{'client_stats': [(1,
09/07/2026 19:44:15:INFO:	{'client_stats': [(1,
[92mINFO [0m:      	                   '[{"client_id": "0", "sample_rate": 0.0049261083743842365, '
09/07/2026 19:44:15:INFO:	                   '[{"client_id": "0", "sample_rate": 0.0049261083743842365, '
[92mINFO [0m:      	                   '"dp_steps": 203, "sigma": 0.5, "C": 0.1}, {"client_id": '
09/07/2026 19:44:15:INFO:	                   '"dp_steps": 203, "sigma": 0.5, "C": 0.1}, {"client_id": '
[92mINFO [0m:      	                   '"1", "sample_rate": 0.006060606060606061, "dp_steps": 165, '
09/07/2026 19:44:15:INFO:	                   '"1", "sample_rate": 0.006060606060606061, "dp_steps": 165, '
[92mINFO [0m:      	                   '"sigma": 0.5, "C": 0.1}, {"client_id": "2", "sample_rate": '
09/07/2026 19:44:15:INFO:	                   '"sigma": 0.5, "C": 0.1}, {"client_id": "2", "sample_rate": '
[92mINFO [0m:      	                   '0.0053475935828877, "dp_steps": 187, "sigma": 0.5, "C": '
09/07/2026 19:44:15:INFO:	                   '0.0053475935828877, "dp_steps": 187, "sigma": 0.5, "C": '
[92mINFO [0m:      	                   '0.1}, {"client_id": "3", "sample_rate": '
09/07/2026 19:44:15:INFO:	                   '0.1}, {"client_id": "3", "sample_rate": '
[92mINFO [0m:      	                   '0.007042253521126761, "dp_steps": 142, "sigma": 0.5, "C": '
09/07/2026 19:44:15:INFO:	                   '0.007042253521126761, "dp_steps": 142, "sigma": 0.5, "C": '
[92mINFO [0m:      	                   '0.1}, {"client_id": "4", "sample_rate": '
09/07/2026 19:44:15:INFO:	                   '0.1}, {"client_id": "4", "sample_rate": '
[92mINFO [0m:      	                   '0.011363636363636364, "dp_steps": 88, "sigma": 0.5, "C": '
09/07/2026 19:44:15:INFO:	                   '0.011363636363636364, "dp_steps": 88, "sigma": 0.5, "C": '
[92mINFO [0m:      	                   '0.1}]'),
09/07/2026 19:44:15:INFO:	                   '0.1}]'),
[92mINFO [0m:      	                  (2,
09/07/2026 19:44:15:INFO:	                  (2,
[92mINFO [0m:      	                   '[{"client_id": "1", "sample_rate": 0.006060606060606061, '
09/07/2026 19:44:15:INFO:	                   '[{"client_id": "1", "sample_rate": 0.006060606060606061, '
[92mINFO [0m:      	                   '"dp_steps": 165, "sigma": 0.5, "C": 0.1}, {"client_id": '
09/07/2026 19:44:15:INFO:	                   '"dp_steps": 165, "sigma": 0.5, "C": 0.1}, {"client_id": '
[92mINFO [0m:      	                   '"2", "sample_rate": 0.0053475935828877, "dp_steps": 187, '
09/07/2026 19:44:15:INFO:	                   '"2", "sample_rate": 0.0053475935828877, "dp_steps": 187, '
[92mINFO [0m:      	                   '"sigma": 0.5, "C": 0.1}, {"client_id": "4", "sample_rate": '
09/07/2026 19:44:15:INFO:	                   '"sigma": 0.5, "C": 0.1}, {"client_id": "4", "sample_rate": '
[92mINFO [0m:      	                   '0.011363636363636364, "dp_steps": 88, "sigma": 0.5, "C": '
09/07/2026 19:44:15:INFO:	                   '0.011363636363636364, "dp_steps": 88, "sigma": 0.5, "C": '
[92mINFO [0m:      	                   '0.1}, {"client_id": "3", "sample_rate": '
09/07/2026 19:44:15:INFO:	                   '0.1}, {"client_id": "3", "sample_rate": '
[92mINFO [0m:      	                   '0.007042253521126761, "dp_steps": 142, "sigma": 0.5, "C": '
09/07/2026 19:44:15:INFO:	                   '0.007042253521126761, "dp_steps": 142, "sigma": 0.5, "C": '
[92mINFO [0m:      	                   '0.1}, {"client_id": "0", "sample_rate": '
09/07/2026 19:44:15:INFO:	                   '0.1}, {"client_id": "0", "sample_rate": '
[92mINFO [0m:      	                   '0.0049261083743842365, "dp_steps": 203, "sigma": 0.5, "C": '
09/07/2026 19:44:15:INFO:	                   '0.0049261083743842365, "dp_steps": 203, "sigma": 0.5, "C": '
[92mINFO [0m:      	                   '0.1}]'),
09/07/2026 19:44:15:INFO:	                   '0.1}]'),
[92mINFO [0m:      	                  (3,
09/07/2026 19:44:15:INFO:	                  (3,
[92mINFO [0m:      	                   '[{"client_id": "0", "sample_rate": 0.0049261083743842365, '
09/07/2026 19:44:15:INFO:	                   '[{"client_id": "0", "sample_rate": 0.0049261083743842365, '
[92mINFO [0m:      	                   '"dp_steps": 203, "sigma": 0.5, "C": 0.1}, {"client_id": '
09/07/2026 19:44:15:INFO:	                   '"dp_steps": 203, "sigma": 0.5, "C": 0.1}, {"client_id": '
[92mINFO [0m:      	                   '"2", "sample_rate": 0.0053475935828877, "dp_steps": 187, '
09/07/2026 19:44:15:INFO:	                   '"2", "sample_rate": 0.0053475935828877, "dp_steps": 187, '
[92mINFO [0m:      	                   '"sigma": 0.5, "C": 0.1}, {"client_id": "3", "sample_rate": '
09/07/2026 19:44:15:INFO:	                   '"sigma": 0.5, "C": 0.1}, {"client_id": "3", "sample_rate": '
[92mINFO [0m:      	                   '0.007042253521126761, "dp_steps": 142, "sigma": 0.5, "C": '
09/07/2026 19:44:15:INFO:	                   '0.007042253521126761, "dp_steps": 142, "sigma": 0.5, "C": '
[92mINFO [0m:      	                   '0.1}, {"client_id": "1", "sample_rate": '
09/07/2026 19:44:15:INFO:	                   '0.1}, {"client_id": "1", "sample_rate": '
[92mINFO [0m:      	                   '0.006060606060606061, "dp_steps": 165, "sigma": 0.5, "C": '
09/07/2026 19:44:15:INFO:	                   '0.006060606060606061, "dp_steps": 165, "sigma": 0.5, "C": '
[92mINFO [0m:      	                   '0.1}, {"client_id": "4", "sample_rate": '
09/07/2026 19:44:15:INFO:	                   '0.1}, {"client_id": "4", "sample_rate": '
[92mINFO [0m:      	                   '0.011363636363636364, "dp_steps": 88, "sigma": 0.5, "C": '
09/07/2026 19:44:15:INFO:	                   '0.011363636363636364, "dp_steps": 88, "sigma": 0.5, "C": '
[92mINFO [0m:      	                   '0.1}]')]}
09/07/2026 19:44:15:INFO:	                   '0.1}]')]}
[92mINFO [0m:      	History (metrics, distributed, evaluate):
09/07/2026 19:44:15:INFO:	History (metrics, distributed, evaluate):
[92mINFO [0m:      	{'accuracy': [(1, 11.44), (2, 18.05), (3, 18.67)]}
09/07/2026 19:44:15:INFO:	{'accuracy': [(1, 11.44), (2, 18.05), (3, 18.67)]}
[92mINFO [0m:      
09/07/2026 19:44:15:INFO:
[36m(ClientAppActor pid=14046)[0m Test set: Average loss: 2.1608, Accuracy: 1867/10000 (18.67%)[32m [repeated 2x across cluster][0m

--- DP-SGD FINAL RESULTS ---
sigma=0.5, C=0.1
Privacy Guarantee: epsilon=10.8698 (delta=1e-5, alpha=2.3)
Final Aggregated Accuracy: 18.67%
Runtime: 401.64 seconds
Results saved to results/stage5/per_run/sigma_0.5_C_0.1
Running Federation on FULL CIFAR-10, clients: 5, alpha: 0.1
CUDA Available: True
Selected Device: cuda
GPU Name: Tesla T4
PyTorch Version: 2.13.0+cu130
Opacus Version: 1.6.0
Flower Version: 1.35.0
2026-09-07 19:44:32.217671: I tensorflow/core/platform/cpu_feature_guard.cc:210] This TensorFlow binary is optimized to use available CPU instructions in performance-critical operations.
To enable the following instructions: AVX2 AVX512F FMA, in other operations, rebuild TensorFlow with the appropriate compiler flags.
[93mWARNING [0m:   DEPRECATED FEATURE: flwr.simulation.start_simulation() is deprecated.
	Instead, use the `flwr run` CLI command to start a local simulation in your Flower app, as shown for example below:

		$ flwr new  # Create a new Flower app from a template

		$ flwr run  # Run the Flower app in Simulation Mode

	Using `start_simulation()` is deprecated.

            This is a deprecated feature. It will be removed
            entirely in future versions of Flower.
        
09/07/2026 19:44:36:WARNING:DEPRECATED FEATURE: flwr.simulation.start_simulation() is deprecated.
	Instead, use the `flwr run` CLI command to start a local simulation in your Flower app, as shown for example below:

		$ flwr new  # Create a new Flower app from a template

		$ flwr run  # Run the Flower app in Simulation Mode

	Using `start_simulation()` is deprecated.

            This is a deprecated feature. It will be removed
            entirely in future versions of Flower.
        
[92mINFO [0m:      Starting Flower simulation, config: num_rounds=3, no round_timeout
09/07/2026 19:44:36:INFO:Starting Flower simulation, config: num_rounds=3, no round_timeout
2026-09-07 19:44:45,497	INFO worker.py:2012 -- Started a local Ray instance.
/usr/local/lib/python3.13/dist-packages/ray/_private/worker.py:2051: FutureWarning: Tip: In future versions of Ray, Ray will no longer override accelerator visible devices env var if num_gpus=0 or num_gpus=None (default). To enable this behavior and turn off this error message, set RAY_ACCEL_ENV_VAR_OVERRIDE_ON_ZERO=0
  warnings.warn(
[92mINFO [0m:      Flower VCE: Ray initialized with resources: {'node:__internal_head__': 1.0, 'GPU': 1.0, 'accelerator_type:T4': 1.0, 'memory': 9224381645.0, 'object_store_memory': 3953306419.0, 'CPU': 2.0, 'node:172.28.0.12': 1.0}
09/07/2026 19:44:50:INFO:Flower VCE: Ray initialized with resources: {'node:__internal_head__': 1.0, 'GPU': 1.0, 'accelerator_type:T4': 1.0, 'memory': 9224381645.0, 'object_store_memory': 3953306419.0, 'CPU': 2.0, 'node:172.28.0.12': 1.0}
[92mINFO [0m:      Optimize your simulation with Flower VCE: https://flower.ai/docs/framework/how-to-run-simulations.html
09/07/2026 19:44:50:INFO:Optimize your simulation with Flower VCE: https://flower.ai/docs/framework/how-to-run-simulations.html
[92mINFO [0m:      No `client_resources` specified. Using minimal resources for clients.
09/07/2026 19:44:50:INFO:No `client_resources` specified. Using minimal resources for clients.
[92mINFO [0m:      Flower VCE: Resources for each Virtual Client: {'num_cpus': 1, 'num_gpus': 0.0}
09/07/2026 19:44:50:INFO:Flower VCE: Resources for each Virtual Client: {'num_cpus': 1, 'num_gpus': 0.0}
[92mINFO [0m:      Flower VCE: Creating VirtualClientEngineActorPool with 2 actors
09/07/2026 19:44:50:INFO:Flower VCE: Creating VirtualClientEngineActorPool with 2 actors
[92mINFO [0m:      [INIT]
09/07/2026 19:44:50:INFO:[INIT]
[92mINFO [0m:      Requesting initial parameters from one random client
09/07/2026 19:44:50:INFO:Requesting initial parameters from one random client
[92mINFO [0m:      Received initial parameters from one random client
09/07/2026 19:45:04:INFO:Received initial parameters from one random client
[92mINFO [0m:      Starting evaluation of initial global parameters
09/07/2026 19:45:04:INFO:Starting evaluation of initial global parameters
[92mINFO [0m:      Evaluation returned no results (`None`)
09/07/2026 19:45:04:INFO:Evaluation returned no results (`None`)
[92mINFO [0m:      
09/07/2026 19:45:04:INFO:
[92mINFO [0m:      [ROUND 1]
09/07/2026 19:45:04:INFO:[ROUND 1]
[92mINFO [0m:      configure_fit: strategy sampled 5 clients (out of 5)
09/07/2026 19:45:04:INFO:configure_fit: strategy sampled 5 clients (out of 5)
[36m(ClientAppActor pid=16533)[0m [93mWARNING [0m:   DEPRECATED FEATURE: `client_fn` now expects a signature `def client_fn(context: Context)`.The provided `client_fn` has signature: {'cid': <Parameter "cid: str">}. You can import the `Context` like this: `from flwr.app import Context`
[36m(ClientAppActor pid=16533)[0m 
[36m(ClientAppActor pid=16533)[0m             This is a deprecated feature. It will be removed
[36m(ClientAppActor pid=16533)[0m             entirely in future versions of Flower.
[36m(ClientAppActor pid=16533)[0m         
[36m(ClientAppActor pid=16533)[0m [93mWARNING [0m:   Deprecation Warning: The `client_fn` function must return an instance of `Client`, but an instance of `NumpyClient` was returned. Please use `NumPyClient.to_client()` method to convert it to `Client`.
[36m(ClientAppActor pid=16533)[0m [93mWARNING [0m:   DEPRECATED FEATURE: `client_fn` now expects a signature `def client_fn(context: Context)`.The provided `client_fn` has signature: {'cid': <Parameter "cid: str">}. You can import the `Context` like this: `from flwr.app import Context`
[36m(ClientAppActor pid=16533)[0m 
[36m(ClientAppActor pid=16533)[0m             This is a deprecated feature. It will be removed
[36m(ClientAppActor pid=16533)[0m             entirely in future versions of Flower.
[36m(ClientAppActor pid=16533)[0m         
[36m(ClientAppActor pid=16533)[0m [93mWARNING [0m:   Deprecation Warning: The `client_fn` function must return an instance of `Client`, but an instance of `NumpyClient` was returned. Please use `NumPyClient.to_client()` method to convert it to `Client`.
[36m(ClientAppActor pid=16533)[0m /usr/local/lib/python3.13/dist-packages/opacus/privacy_engine.py:98: UserWarning: Secure RNG turned off. This is perfectly fine for experimentation as it allows for much faster training performance, but remember to turn it on and retrain one last time before production with ``secure_mode`` turned on.
[36m(ClientAppActor pid=16533)[0m   warnings.warn(
[36m(ClientAppActor pid=16532)[0m 
[36m(ClientAppActor pid=16532)[0m         
[36m(ClientAppActor pid=16532)[0m [93mWARNING [0m:   DEPRECATED FEATURE: `client_fn` now expects a signature `def client_fn(context: Context)`.The provided `client_fn` has signature: {'cid': <Parameter "cid: str">}. You can import the `Context` like this: `from flwr.app import Context`
[36m(ClientAppActor pid=16532)[0m             This is a deprecated feature. It will be removed
[36m(ClientAppActor pid=16532)[0m             entirely in future versions of Flower.
[36m(ClientAppActor pid=16532)[0m [93mWARNING [0m:   Deprecation Warning: The `client_fn` function must return an instance of `Client`, but an instance of `NumpyClient` was returned. Please use `NumPyClient.to_client()` method to convert it to `Client`.
[36m(ClientAppActor pid=16532)[0m /usr/local/lib/python3.13/dist-packages/opacus/privacy_engine.py:98: UserWarning: Secure RNG turned off. This is perfectly fine for experimentation as it allows for much faster training performance, but remember to turn it on and retrain one last time before production with ``secure_mode`` turned on.
[36m(ClientAppActor pid=16532)[0m   warnings.warn(
[36m(ClientAppActor pid=16533)[0m Train Epoch: 1 	Loss: 1.161822	Accuracy: 70.77%
[36m(ClientAppActor pid=16533)[0m [Client 4] Opacus Accountant Epsilon: 8.3040
[36m(ClientAppActor pid=16533)[0m [93mWARNING [0m:   DEPRECATED FEATURE: `client_fn` now expects a signature `def client_fn(context: Context)`.The provided `client_fn` has signature: {'cid': <Parameter "cid: str">}. You can import the `Context` like this: `from flwr.app import Context`
[36m(ClientAppActor pid=16533)[0m 
[36m(ClientAppActor pid=16533)[0m             This is a deprecated feature. It will be removed
[36m(ClientAppActor pid=16533)[0m             entirely in future versions of Flower.
[36m(ClientAppActor pid=16533)[0m         
[36m(ClientAppActor pid=16533)[0m 09/07/2026 19:45:25:WARNING:DEPRECATED FEATURE: `client_fn` now expects a signature `def client_fn(context: Context)`.The provided `client_fn` has signature: {'cid': <Parameter "cid: str">}. You can import the `Context` like this: `from flwr.app import Context`
[36m(ClientAppActor pid=16533)[0m 
[36m(ClientAppActor pid=16533)[0m             This is a deprecated feature. It will be removed
[36m(ClientAppActor pid=16533)[0m             entirely in future versions of Flower.
[36m(ClientAppActor pid=16533)[0m         
[36m(ClientAppActor pid=16533)[0m [93mWARNING [0m:   Deprecation Warning: The `client_fn` function must return an instance of `Client`, but an instance of `NumpyClient` was returned. Please use `NumPyClient.to_client()` method to convert it to `Client`.
[36m(ClientAppActor pid=16533)[0m 09/07/2026 19:45:25:WARNING:Deprecation Warning: The `client_fn` function must return an instance of `Client`, but an instance of `NumpyClient` was returned. Please use `NumPyClient.to_client()` method to convert it to `Client`.
[36m(ClientAppActor pid=16533)[0m /usr/local/lib/python3.13/dist-packages/opacus/privacy_engine.py:98: UserWarning: Secure RNG turned off. This is perfectly fine for experimentation as it allows for much faster training performance, but remember to turn it on and retrain one last time before production with ``secure_mode`` turned on.
[36m(ClientAppActor pid=16533)[0m   warnings.warn(
[36m(ClientAppActor pid=16532)[0m Train Epoch: 1 	Loss: 1.914138	Accuracy: 61.24%
[36m(ClientAppActor pid=16532)[0m [Client 3] Opacus Accountant Epsilon: 7.2892
[36m(ClientAppActor pid=16532)[0m 
[36m(ClientAppActor pid=16532)[0m         
[36m(ClientAppActor pid=16532)[0m 
[36m(ClientAppActor pid=16532)[0m         
[36m(ClientAppActor pid=16532)[0m /usr/local/lib/python3.13/dist-packages/opacus/privacy_engine.py:98: UserWarning: Secure RNG turned off. This is perfectly fine for experimentation as it allows for much faster training performance, but remember to turn it on and retrain one last time before production with ``secure_mode`` turned on.
[36m(ClientAppActor pid=16532)[0m   warnings.warn(
[36m(ClientAppActor pid=16532)[0m [93mWARNING [0m:   DEPRECATED FEATURE: `client_fn` now expects a signature `def client_fn(context: Context)`.The provided `client_fn` has signature: {'cid': <Parameter "cid: str">}. You can import the `Context` like this: `from flwr.app import Context`
[36m(ClientAppActor pid=16532)[0m             This is a deprecated feature. It will be removed[32m [repeated 2x across cluster] (Ray deduplicates logs by default. Set RAY_DEDUP_LOGS=0 to disable log deduplication, or see https://docs.ray.io/en/master/ray-observability/user-guides/configure-logging.html#log-deduplication for more options.)[0m
[36m(ClientAppActor pid=16532)[0m             entirely in future versions of Flower.[32m [repeated 2x across cluster][0m
[36m(ClientAppActor pid=16532)[0m 09/07/2026 19:45:46:WARNING:DEPRECATED FEATURE: `client_fn` now expects a signature `def client_fn(context: Context)`.The provided `client_fn` has signature: {'cid': <Parameter "cid: str">}. You can import the `Context` like this: `from flwr.app import Context`
[36m(ClientAppActor pid=16532)[0m [93mWARNING [0m:   Deprecation Warning: The `client_fn` function must return an instance of `Client`, but an instance of `NumpyClient` was returned. Please use `NumPyClient.to_client()` method to convert it to `Client`.
[36m(ClientAppActor pid=16532)[0m 09/07/2026 19:45:46:WARNING:Deprecation Warning: The `client_fn` function must return an instance of `Client`, but an instance of `NumpyClient` was returned. Please use `NumPyClient.to_client()` method to convert it to `Client`.
[36m(ClientAppActor pid=16533)[0m Train Epoch: 1 	Loss: 1.398086	Accuracy: 69.94%
[36m(ClientAppActor pid=16533)[0m [Client 1] Opacus Accountant Epsilon: 6.9750
[36m(ClientAppActor pid=16533)[0m [93mWARNING [0m:   DEPRECATED FEATURE: `client_fn` now expects a signature `def client_fn(context: Context)`.The provided `client_fn` has signature: {'cid': <Parameter "cid: str">}. You can import the `Context` like this: `from flwr.app import Context`
[36m(ClientAppActor pid=16533)[0m 
[36m(ClientAppActor pid=16533)[0m         
[36m(ClientAppActor pid=16533)[0m 09/07/2026 19:46:04:WARNING:DEPRECATED FEATURE: `client_fn` now expects a signature `def client_fn(context: Context)`.The provided `client_fn` has signature: {'cid': <Parameter "cid: str">}. You can import the `Context` like this: `from flwr.app import Context`
[36m(ClientAppActor pid=16533)[0m 
[36m(ClientAppActor pid=16533)[0m         
[36m(ClientAppActor pid=16533)[0m [93mWARNING [0m:   Deprecation Warning: The `client_fn` function must return an instance of `Client`, but an instance of `NumpyClient` was returned. Please use `NumPyClient.to_client()` method to convert it to `Client`.
[36m(ClientAppActor pid=16533)[0m 09/07/2026 19:46:04:WARNING:Deprecation Warning: The `client_fn` function must return an instance of `Client`, but an instance of `NumpyClient` was returned. Please use `NumPyClient.to_client()` method to convert it to `Client`.
[36m(ClientAppActor pid=16533)[0m /usr/local/lib/python3.13/dist-packages/opacus/privacy_engine.py:98: UserWarning: Secure RNG turned off. This is perfectly fine for experimentation as it allows for much faster training performance, but remember to turn it on and retrain one last time before production with ``secure_mode`` turned on.
[36m(ClientAppActor pid=16533)[0m   warnings.warn(
[36m(ClientAppActor pid=16533)[0m             This is a deprecated feature. It will be removed[32m [repeated 2x across cluster][0m
[36m(ClientAppActor pid=16533)[0m             entirely in future versions of Flower.[32m [repeated 2x across cluster][0m
[36m(ClientAppActor pid=16532)[0m Train Epoch: 1 	Loss: 1.378075	Accuracy: 45.49%
[36m(ClientAppActor pid=16532)[0m [Client 0] Opacus Accountant Epsilon: 6.5910
[36m(ClientAppActor pid=16533)[0m Train Epoch: 1 	Loss: 1.341315	Accuracy: 56.70%
[92mINFO [0m:      aggregate_fit: received 5 results and 0 failures
09/07/2026 19:46:43:INFO:aggregate_fit: received 5 results and 0 failures
[92mINFO [0m:      configure_evaluate: strategy sampled 5 clients (out of 5)
09/07/2026 19:46:43:INFO:configure_evaluate: strategy sampled 5 clients (out of 5)
[36m(ClientAppActor pid=16533)[0m [Client 2] Opacus Accountant Epsilon: 6.7583
[36m(ClientAppActor pid=16533)[0m [93mWARNING [0m:   DEPRECATED FEATURE: `client_fn` now expects a signature `def client_fn(context: Context)`.The provided `client_fn` has signature: {'cid': <Parameter "cid: str">}. You can import the `Context` like this: `from flwr.app import Context`
[36m(ClientAppActor pid=16533)[0m 
[36m(ClientAppActor pid=16533)[0m         
[36m(ClientAppActor pid=16533)[0m 09/07/2026 19:46:43:WARNING:DEPRECATED FEATURE: `client_fn` now expects a signature `def client_fn(context: Context)`.The provided `client_fn` has signature: {'cid': <Parameter "cid: str">}. You can import the `Context` like this: `from flwr.app import Context`
[36m(ClientAppActor pid=16533)[0m 
[36m(ClientAppActor pid=16533)[0m         
[36m(ClientAppActor pid=16533)[0m [93mWARNING [0m:   Deprecation Warning: The `client_fn` function must return an instance of `Client`, but an instance of `NumpyClient` was returned. Please use `NumPyClient.to_client()` method to convert it to `Client`.
[36m(ClientAppActor pid=16533)[0m 09/07/2026 19:46:43:WARNING:Deprecation Warning: The `client_fn` function must return an instance of `Client`, but an instance of `NumpyClient` was returned. Please use `NumPyClient.to_client()` method to convert it to `Client`.
[36m(ClientAppActor pid=16533)[0m             This is a deprecated feature. It will be removed[32m [repeated 2x across cluster][0m
[36m(ClientAppActor pid=16533)[0m             entirely in future versions of Flower.[32m [repeated 2x across cluster][0m
[36m(ClientAppActor pid=16532)[0m [93mWARNING [0m:   DEPRECATED FEATURE: `client_fn` now expects a signature `def client_fn(context: Context)`.The provided `client_fn` has signature: {'cid': <Parameter "cid: str">}. You can import the `Context` like this: `from flwr.app import Context`
[36m(ClientAppActor pid=16532)[0m 
[36m(ClientAppActor pid=16532)[0m         
[36m(ClientAppActor pid=16532)[0m 09/07/2026 19:46:44:WARNING:DEPRECATED FEATURE: `client_fn` now expects a signature `def client_fn(context: Context)`.The provided `client_fn` has signature: {'cid': <Parameter "cid: str">}. You can import the `Context` like this: `from flwr.app import Context`
[36m(ClientAppActor pid=16532)[0m 
[36m(ClientAppActor pid=16532)[0m         
[36m(ClientAppActor pid=16532)[0m [93mWARNING [0m:   Deprecation Warning: The `client_fn` function must return an instance of `Client`, but an instance of `NumpyClient` was returned. Please use `NumPyClient.to_client()` method to convert it to `Client`.
[36m(ClientAppActor pid=16532)[0m 09/07/2026 19:46:44:WARNING:Deprecation Warning: The `client_fn` function must return an instance of `Client`, but an instance of `NumpyClient` was returned. Please use `NumPyClient.to_client()` method to convert it to `Client`.
[36m(ClientAppActor pid=16533)[0m Test set: Average loss: 2.2200, Accuracy: 1699/10000 (16.99%)
[36m(ClientAppActor pid=16533)[0m 
[36m(ClientAppActor pid=16533)[0m         
[36m(ClientAppActor pid=16533)[0m 
[36m(ClientAppActor pid=16533)[0m         
[36m(ClientAppActor pid=16533)[0m             This is a deprecated feature. It will be removed[32m [repeated 4x across cluster][0m
[36m(ClientAppActor pid=16533)[0m             entirely in future versions of Flower.[32m [repeated 4x across cluster][0m
[36m(ClientAppActor pid=16533)[0m [93mWARNING [0m:   DEPRECATED FEATURE: `client_fn` now expects a signature `def client_fn(context: Context)`.The provided `client_fn` has signature: {'cid': <Parameter "cid: str">}. You can import the `Context` like this: `from flwr.app import Context`
[36m(ClientAppActor pid=16533)[0m 09/07/2026 19:46:53:WARNING:DEPRECATED FEATURE: `client_fn` now expects a signature `def client_fn(context: Context)`.The provided `client_fn` has signature: {'cid': <Parameter "cid: str">}. You can import the `Context` like this: `from flwr.app import Context`
[36m(ClientAppActor pid=16533)[0m [93mWARNING [0m:   Deprecation Warning: The `client_fn` function must return an instance of `Client`, but an instance of `NumpyClient` was returned. Please use `NumPyClient.to_client()` method to convert it to `Client`.
[36m(ClientAppActor pid=16533)[0m 09/07/2026 19:46:53:WARNING:Deprecation Warning: The `client_fn` function must return an instance of `Client`, but an instance of `NumpyClient` was returned. Please use `NumPyClient.to_client()` method to convert it to `Client`.
[36m(ClientAppActor pid=16532)[0m [93mWARNING [0m:   DEPRECATED FEATURE: `client_fn` now expects a signature `def client_fn(context: Context)`.The provided `client_fn` has signature: {'cid': <Parameter "cid: str">}. You can import the `Context` like this: `from flwr.app import Context`
[36m(ClientAppActor pid=16532)[0m 
[36m(ClientAppActor pid=16532)[0m         
[36m(ClientAppActor pid=16532)[0m 09/07/2026 19:46:54:WARNING:DEPRECATED FEATURE: `client_fn` now expects a signature `def client_fn(context: Context)`.The provided `client_fn` has signature: {'cid': <Parameter "cid: str">}. You can import the `Context` like this: `from flwr.app import Context`
[36m(ClientAppActor pid=16532)[0m 
[36m(ClientAppActor pid=16532)[0m         
[36m(ClientAppActor pid=16532)[0m [93mWARNING [0m:   Deprecation Warning: The `client_fn` function must return an instance of `Client`, but an instance of `NumpyClient` was returned. Please use `NumPyClient.to_client()` method to convert it to `Client`.
[36m(ClientAppActor pid=16532)[0m 09/07/2026 19:46:54:WARNING:Deprecation Warning: The `client_fn` function must return an instance of `Client`, but an instance of `NumpyClient` was returned. Please use `NumPyClient.to_client()` method to convert it to `Client`.
[36m(ClientAppActor pid=16533)[0m 
[36m(ClientAppActor pid=16533)[0m         
[36m(ClientAppActor pid=16533)[0m 
[36m(ClientAppActor pid=16533)[0m         
[36m(ClientAppActor pid=16533)[0m             This is a deprecated feature. It will be removed[32m [repeated 4x across cluster][0m
[36m(ClientAppActor pid=16533)[0m             entirely in future versions of Flower.[32m [repeated 4x across cluster][0m
[36m(ClientAppActor pid=16533)[0m [93mWARNING [0m:   DEPRECATED FEATURE: `client_fn` now expects a signature `def client_fn(context: Context)`.The provided `client_fn` has signature: {'cid': <Parameter "cid: str">}. You can import the `Context` like this: `from flwr.app import Context`
[36m(ClientAppActor pid=16533)[0m 09/07/2026 19:47:05:WARNING:DEPRECATED FEATURE: `client_fn` now expects a signature `def client_fn(context: Context)`.The provided `client_fn` has signature: {'cid': <Parameter "cid: str">}. You can import the `Context` like this: `from flwr.app import Context`
[36m(ClientAppActor pid=16533)[0m [93mWARNING [0m:   Deprecation Warning: The `client_fn` function must return an instance of `Client`, but an instance of `NumpyClient` was returned. Please use `NumPyClient.to_client()` method to convert it to `Client`.
[36m(ClientAppActor pid=16533)[0m 09/07/2026 19:47:05:WARNING:Deprecation Warning: The `client_fn` function must return an instance of `Client`, but an instance of `NumpyClient` was returned. Please use `NumPyClient.to_client()` method to convert it to `Client`.
[36m(ClientAppActor pid=16533)[0m Test set: Average loss: 2.2200, Accuracy: 1699/10000 (16.99%)[32m [repeated 2x across cluster][0m
[92mINFO [0m:      aggregate_evaluate: received 5 results and 0 failures
09/07/2026 19:47:10:INFO:aggregate_evaluate: received 5 results and 0 failures
[92mINFO [0m:      
09/07/2026 19:47:10:INFO:
[92mINFO [0m:      [ROUND 2]
09/07/2026 19:47:10:INFO:[ROUND 2]
[92mINFO [0m:      configure_fit: strategy sampled 5 clients (out of 5)
09/07/2026 19:47:10:INFO:configure_fit: strategy sampled 5 clients (out of 5)
[36m(ClientAppActor pid=16533)[0m Test set: Average loss: 2.2200, Accuracy: 1699/10000 (16.99%)[32m [repeated 2x across cluster][0m
[36m(ClientAppActor pid=16532)[0m [93mWARNING [0m:   DEPRECATED FEATURE: `client_fn` now expects a signature `def client_fn(context: Context)`.The provided `client_fn` has signature: {'cid': <Parameter "cid: str">}. You can import the `Context` like this: `from flwr.app import Context`
[36m(ClientAppActor pid=16532)[0m 
[36m(ClientAppActor pid=16532)[0m         
[36m(ClientAppActor pid=16532)[0m 09/07/2026 19:47:11:WARNING:DEPRECATED FEATURE: `client_fn` now expects a signature `def client_fn(context: Context)`.The provided `client_fn` has signature: {'cid': <Parameter "cid: str">}. You can import the `Context` like this: `from flwr.app import Context`
[36m(ClientAppActor pid=16532)[0m 
[36m(ClientAppActor pid=16532)[0m         
[36m(ClientAppActor pid=16532)[0m [93mWARNING [0m:   Deprecation Warning: The `client_fn` function must return an instance of `Client`, but an instance of `NumpyClient` was returned. Please use `NumPyClient.to_client()` method to convert it to `Client`.
[36m(ClientAppActor pid=16532)[0m 09/07/2026 19:47:11:WARNING:Deprecation Warning: The `client_fn` function must return an instance of `Client`, but an instance of `NumpyClient` was returned. Please use `NumPyClient.to_client()` method to convert it to `Client`.
[36m(ClientAppActor pid=16532)[0m /usr/local/lib/python3.13/dist-packages/opacus/privacy_engine.py:98: UserWarning: Secure RNG turned off. This is perfectly fine for experimentation as it allows for much faster training performance, but remember to turn it on and retrain one last time before production with ``secure_mode`` turned on.
[36m(ClientAppActor pid=16532)[0m   warnings.warn(
[36m(ClientAppActor pid=16532)[0m             This is a deprecated feature. It will be removed[32m [repeated 2x across cluster][0m
[36m(ClientAppActor pid=16532)[0m             entirely in future versions of Flower.[32m [repeated 2x across cluster][0m
[36m(ClientAppActor pid=16533)[0m 
[36m(ClientAppActor pid=16533)[0m         
[36m(ClientAppActor pid=16533)[0m 
[36m(ClientAppActor pid=16533)[0m         
[36m(ClientAppActor pid=16532)[0m Train Epoch: 1 	Loss: 1.165469	Accuracy: 73.19%
[36m(ClientAppActor pid=16532)[0m [Client 4] Opacus Accountant Epsilon: 8.3040
[36m(ClientAppActor pid=16532)[0m 
[36m(ClientAppActor pid=16532)[0m         
[36m(ClientAppActor pid=16532)[0m 
[36m(ClientAppActor pid=16532)[0m         
[36m(ClientAppActor pid=16532)[0m [93mWARNING [0m:   DEPRECATED FEATURE: `client_fn` now expects a signature `def client_fn(context: Context)`.The provided `client_fn` has signature: {'cid': <Parameter "cid: str">}. You can import the `Context` like this: `from flwr.app import Context`[32m [repeated 2x across cluster][0m
[36m(ClientAppActor pid=16532)[0m 09/07/2026 19:47:32:WARNING:DEPRECATED FEATURE: `client_fn` now expects a signature `def client_fn(context: Context)`.The provided `client_fn` has signature: {'cid': <Parameter "cid: str">}. You can import the `Context` like this: `from flwr.app import Context`[32m [repeated 2x across cluster][0m
[36m(ClientAppActor pid=16532)[0m [93mWARNING [0m:   Deprecation Warning: The `client_fn` function must return an instance of `Client`, but an instance of `NumpyClient` was returned. Please use `NumPyClient.to_client()` method to convert it to `Client`.[32m [repeated 2x across cluster][0m
[36m(ClientAppActor pid=16532)[0m 09/07/2026 19:47:32:WARNING:Deprecation Warning: The `client_fn` function must return an instance of `Client`, but an instance of `NumpyClient` was returned. Please use `NumPyClient.to_client()` method to convert it to `Client`.[32m [repeated 2x across cluster][0m
[36m(ClientAppActor pid=16532)[0m /usr/local/lib/python3.13/dist-packages/opacus/privacy_engine.py:98: UserWarning: Secure RNG turned off. This is perfectly fine for experimentation as it allows for much faster training performance, but remember to turn it on and retrain one last time before production with ``secure_mode`` turned on.[32m [repeated 2x across cluster][0m
[36m(ClientAppActor pid=16532)[0m   warnings.warn([32m [repeated 2x across cluster][0m
[36m(ClientAppActor pid=16532)[0m             This is a deprecated feature. It will be removed[32m [repeated 4x across cluster][0m
[36m(ClientAppActor pid=16532)[0m             entirely in future versions of Flower.[32m [repeated 4x across cluster][0m
[36m(ClientAppActor pid=16533)[0m Train Epoch: 1 	Loss: 1.455845	Accuracy: 49.36%
[36m(ClientAppActor pid=16533)[0m [Client 0] Opacus Accountant Epsilon: 6.5910
[36m(ClientAppActor pid=16533)[0m 
[36m(ClientAppActor pid=16533)[0m         
[36m(ClientAppActor pid=16533)[0m 
[36m(ClientAppActor pid=16533)[0m         
[36m(ClientAppActor pid=16533)[0m [93mWARNING [0m:   DEPRECATED FEATURE: `client_fn` now expects a signature `def client_fn(context: Context)`.The provided `client_fn` has signature: {'cid': <Parameter "cid: str">}. You can import the `Context` like this: `from flwr.app import Context`
[36m(ClientAppActor pid=16533)[0m 09/07/2026 19:47:58:WARNING:DEPRECATED FEATURE: `client_fn` now expects a signature `def client_fn(context: Context)`.The provided `client_fn` has signature: {'cid': <Parameter "cid: str">}. You can import the `Context` like this: `from flwr.app import Context`
[36m(ClientAppActor pid=16533)[0m [93mWARNING [0m:   Deprecation Warning: The `client_fn` function must return an instance of `Client`, but an instance of `NumpyClient` was returned. Please use `NumPyClient.to_client()` method to convert it to `Client`.
[36m(ClientAppActor pid=16533)[0m 09/07/2026 19:47:58:WARNING:Deprecation Warning: The `client_fn` function must return an instance of `Client`, but an instance of `NumpyClient` was returned. Please use `NumPyClient.to_client()` method to convert it to `Client`.
[36m(ClientAppActor pid=16533)[0m /usr/local/lib/python3.13/dist-packages/opacus/privacy_engine.py:98: UserWarning: Secure RNG turned off. This is perfectly fine for experimentation as it allows for much faster training performance, but remember to turn it on and retrain one last time before production with ``secure_mode`` turned on.
[36m(ClientAppActor pid=16533)[0m   warnings.warn(
[36m(ClientAppActor pid=16533)[0m             This is a deprecated feature. It will be removed[32m [repeated 2x across cluster][0m
[36m(ClientAppActor pid=16533)[0m             entirely in future versions of Flower.[32m [repeated 2x across cluster][0m
[36m(ClientAppActor pid=16532)[0m Train Epoch: 1 	Loss: 1.812583	Accuracy: 65.28%
[36m(ClientAppActor pid=16532)[0m [Client 3] Opacus Accountant Epsilon: 7.2892
[36m(ClientAppActor pid=16532)[0m [93mWARNING [0m:   DEPRECATED FEATURE: `client_fn` now expects a signature `def client_fn(context: Context)`.The provided `client_fn` has signature: {'cid': <Parameter "cid: str">}. You can import the `Context` like this: `from flwr.app import Context`
[36m(ClientAppActor pid=16532)[0m 
[36m(ClientAppActor pid=16532)[0m         
[36m(ClientAppActor pid=16532)[0m 09/07/2026 19:48:06:WARNING:DEPRECATED FEATURE: `client_fn` now expects a signature `def client_fn(context: Context)`.The provided `client_fn` has signature: {'cid': <Parameter "cid: str">}. You can import the `Context` like this: `from flwr.app import Context`
[36m(ClientAppActor pid=16532)[0m 
[36m(ClientAppActor pid=16532)[0m         
[36m(ClientAppActor pid=16532)[0m [93mWARNING [0m:   Deprecation Warning: The `client_fn` function must return an instance of `Client`, but an instance of `NumpyClient` was returned. Please use `NumPyClient.to_client()` method to convert it to `Client`.
[36m(ClientAppActor pid=16532)[0m 09/07/2026 19:48:06:WARNING:Deprecation Warning: The `client_fn` function must return an instance of `Client`, but an instance of `NumpyClient` was returned. Please use `NumPyClient.to_client()` method to convert it to `Client`.
[36m(ClientAppActor pid=16532)[0m /usr/local/lib/python3.13/dist-packages/opacus/privacy_engine.py:98: UserWarning: Secure RNG turned off. This is perfectly fine for experimentation as it allows for much faster training performance, but remember to turn it on and retrain one last time before production with ``secure_mode`` turned on.
[36m(ClientAppActor pid=16532)[0m   warnings.warn(
[36m(ClientAppActor pid=16532)[0m             This is a deprecated feature. It will be removed[32m [repeated 2x across cluster][0m
[36m(ClientAppActor pid=16532)[0m             entirely in future versions of Flower.[32m [repeated 2x across cluster][0m
[36m(ClientAppActor pid=16533)[0m Train Epoch: 1 	Loss: 1.424071	Accuracy: 74.93%
[36m(ClientAppActor pid=16533)[0m [Client 1] Opacus Accountant Epsilon: 6.9750
[92mINFO [0m:      aggregate_fit: received 5 results and 0 failures
09/07/2026 19:48:45:INFO:aggregate_fit: received 5 results and 0 failures
[92mINFO [0m:      configure_evaluate: strategy sampled 5 clients (out of 5)
09/07/2026 19:48:45:INFO:configure_evaluate: strategy sampled 5 clients (out of 5)
[36m(ClientAppActor pid=16532)[0m Train Epoch: 1 	Loss: 1.398874	Accuracy: 62.11%
[36m(ClientAppActor pid=16532)[0m [Client 2] Opacus Accountant Epsilon: 6.7583
[36m(ClientAppActor pid=16532)[0m [93mWARNING [0m:   DEPRECATED FEATURE: `client_fn` now expects a signature `def client_fn(context: Context)`.The provided `client_fn` has signature: {'cid': <Parameter "cid: str">}. You can import the `Context` like this: `from flwr.app import Context`
[36m(ClientAppActor pid=16532)[0m 
[36m(ClientAppActor pid=16532)[0m         
[36m(ClientAppActor pid=16532)[0m 09/07/2026 19:48:45:WARNING:DEPRECATED FEATURE: `client_fn` now expects a signature `def client_fn(context: Context)`.The provided `client_fn` has signature: {'cid': <Parameter "cid: str">}. You can import the `Context` like this: `from flwr.app import Context`
[36m(ClientAppActor pid=16532)[0m 
[36m(ClientAppActor pid=16532)[0m         
[36m(ClientAppActor pid=16532)[0m [93mWARNING [0m:   Deprecation Warning: The `client_fn` function must return an instance of `Client`, but an instance of `NumpyClient` was returned. Please use `NumPyClient.to_client()` method to convert it to `Client`.
[36m(ClientAppActor pid=16532)[0m 09/07/2026 19:48:45:WARNING:Deprecation Warning: The `client_fn` function must return an instance of `Client`, but an instance of `NumpyClient` was returned. Please use `NumPyClient.to_client()` method to convert it to `Client`.
[36m(ClientAppActor pid=16532)[0m             This is a deprecated feature. It will be removed[32m [repeated 2x across cluster][0m
[36m(ClientAppActor pid=16532)[0m             entirely in future versions of Flower.[32m [repeated 2x across cluster][0m
[36m(ClientAppActor pid=16533)[0m [93mWARNING [0m:   DEPRECATED FEATURE: `client_fn` now expects a signature `def client_fn(context: Context)`.The provided `client_fn` has signature: {'cid': <Parameter "cid: str">}. You can import the `Context` like this: `from flwr.app import Context`
[36m(ClientAppActor pid=16533)[0m 
[36m(ClientAppActor pid=16533)[0m         
[36m(ClientAppActor pid=16533)[0m 09/07/2026 19:48:45:WARNING:DEPRECATED FEATURE: `client_fn` now expects a signature `def client_fn(context: Context)`.The provided `client_fn` has signature: {'cid': <Parameter "cid: str">}. You can import the `Context` like this: `from flwr.app import Context`
[36m(ClientAppActor pid=16533)[0m 
[36m(ClientAppActor pid=16533)[0m         
[36m(ClientAppActor pid=16533)[0m [93mWARNING [0m:   Deprecation Warning: The `client_fn` function must return an instance of `Client`, but an instance of `NumpyClient` was returned. Please use `NumPyClient.to_client()` method to convert it to `Client`.
[36m(ClientAppActor pid=16533)[0m 09/07/2026 19:48:45:WARNING:Deprecation Warning: The `client_fn` function must return an instance of `Client`, but an instance of `NumpyClient` was returned. Please use `NumPyClient.to_client()` method to convert it to `Client`.
[36m(ClientAppActor pid=16532)[0m Test set: Average loss: 1.9966, Accuracy: 2479/10000 (24.79%)
[36m(ClientAppActor pid=16532)[0m 
[36m(ClientAppActor pid=16532)[0m         
[36m(ClientAppActor pid=16532)[0m 
[36m(ClientAppActor pid=16532)[0m         
[36m(ClientAppActor pid=16532)[0m             This is a deprecated feature. It will be removed[32m [repeated 4x across cluster][0m
[36m(ClientAppActor pid=16532)[0m             entirely in future versions of Flower.[32m [repeated 4x across cluster][0m
[36m(ClientAppActor pid=16532)[0m [93mWARNING [0m:   DEPRECATED FEATURE: `client_fn` now expects a signature `def client_fn(context: Context)`.The provided `client_fn` has signature: {'cid': <Parameter "cid: str">}. You can import the `Context` like this: `from flwr.app import Context`
[36m(ClientAppActor pid=16532)[0m 09/07/2026 19:48:56:WARNING:DEPRECATED FEATURE: `client_fn` now expects a signature `def client_fn(context: Context)`.The provided `client_fn` has signature: {'cid': <Parameter "cid: str">}. You can import the `Context` like this: `from flwr.app import Context`
[36m(ClientAppActor pid=16532)[0m [93mWARNING [0m:   Deprecation Warning: The `client_fn` function must return an instance of `Client`, but an instance of `NumpyClient` was returned. Please use `NumPyClient.to_client()` method to convert it to `Client`.
[36m(ClientAppActor pid=16532)[0m 09/07/2026 19:48:56:WARNING:Deprecation Warning: The `client_fn` function must return an instance of `Client`, but an instance of `NumpyClient` was returned. Please use `NumPyClient.to_client()` method to convert it to `Client`.
[36m(ClientAppActor pid=16533)[0m [93mWARNING [0m:   DEPRECATED FEATURE: `client_fn` now expects a signature `def client_fn(context: Context)`.The provided `client_fn` has signature: {'cid': <Parameter "cid: str">}. You can import the `Context` like this: `from flwr.app import Context`
[36m(ClientAppActor pid=16533)[0m 
[36m(ClientAppActor pid=16533)[0m         
[36m(ClientAppActor pid=16533)[0m 09/07/2026 19:48:57:WARNING:DEPRECATED FEATURE: `client_fn` now expects a signature `def client_fn(context: Context)`.The provided `client_fn` has signature: {'cid': <Parameter "cid: str">}. You can import the `Context` like this: `from flwr.app import Context`
[36m(ClientAppActor pid=16533)[0m 
[36m(ClientAppActor pid=16533)[0m         
[36m(ClientAppActor pid=16533)[0m [93mWARNING [0m:   Deprecation Warning: The `client_fn` function must return an instance of `Client`, but an instance of `NumpyClient` was returned. Please use `NumPyClient.to_client()` method to convert it to `Client`.
[36m(ClientAppActor pid=16533)[0m 09/07/2026 19:48:57:WARNING:Deprecation Warning: The `client_fn` function must return an instance of `Client`, but an instance of `NumpyClient` was returned. Please use `NumPyClient.to_client()` method to convert it to `Client`.
[36m(ClientAppActor pid=16532)[0m Test set: Average loss: 1.9966, Accuracy: 2479/10000 (24.79%)[32m [repeated 2x across cluster][0m
[36m(ClientAppActor pid=16532)[0m 
[36m(ClientAppActor pid=16532)[0m         
[36m(ClientAppActor pid=16532)[0m 
[36m(ClientAppActor pid=16532)[0m         
[36m(ClientAppActor pid=16532)[0m             This is a deprecated feature. It will be removed[32m [repeated 4x across cluster][0m
[36m(ClientAppActor pid=16532)[0m             entirely in future versions of Flower.[32m [repeated 4x across cluster][0m
[36m(ClientAppActor pid=16532)[0m [93mWARNING [0m:   DEPRECATED FEATURE: `client_fn` now expects a signature `def client_fn(context: Context)`.The provided `client_fn` has signature: {'cid': <Parameter "cid: str">}. You can import the `Context` like this: `from flwr.app import Context`
[36m(ClientAppActor pid=16532)[0m 09/07/2026 19:49:05:WARNING:DEPRECATED FEATURE: `client_fn` now expects a signature `def client_fn(context: Context)`.The provided `client_fn` has signature: {'cid': <Parameter "cid: str">}. You can import the `Context` like this: `from flwr.app import Context`
[36m(ClientAppActor pid=16532)[0m [93mWARNING [0m:   Deprecation Warning: The `client_fn` function must return an instance of `Client`, but an instance of `NumpyClient` was returned. Please use `NumPyClient.to_client()` method to convert it to `Client`.
[36m(ClientAppActor pid=16532)[0m 09/07/2026 19:49:05:WARNING:Deprecation Warning: The `client_fn` function must return an instance of `Client`, but an instance of `NumpyClient` was returned. Please use `NumPyClient.to_client()` method to convert it to `Client`.
[92mINFO [0m:      aggregate_evaluate: received 5 results and 0 failures
09/07/2026 19:49:13:INFO:aggregate_evaluate: received 5 results and 0 failures
[92mINFO [0m:      
09/07/2026 19:49:13:INFO:
[92mINFO [0m:      [ROUND 3]
09/07/2026 19:49:13:INFO:[ROUND 3]
[92mINFO [0m:      configure_fit: strategy sampled 5 clients (out of 5)
09/07/2026 19:49:13:INFO:configure_fit: strategy sampled 5 clients (out of 5)
[36m(ClientAppActor pid=16532)[0m Test set: Average loss: 1.9966, Accuracy: 2479/10000 (24.79%)[32m [repeated 2x across cluster][0m
[36m(ClientAppActor pid=16532)[0m [93mWARNING [0m:   DEPRECATED FEATURE: `client_fn` now expects a signature `def client_fn(context: Context)`.The provided `client_fn` has signature: {'cid': <Parameter "cid: str">}. You can import the `Context` like this: `from flwr.app import Context`
[36m(ClientAppActor pid=16532)[0m 
[36m(ClientAppActor pid=16532)[0m         
[36m(ClientAppActor pid=16532)[0m 09/07/2026 19:49:13:WARNING:DEPRECATED FEATURE: `client_fn` now expects a signature `def client_fn(context: Context)`.The provided `client_fn` has signature: {'cid': <Parameter "cid: str">}. You can import the `Context` like this: `from flwr.app import Context`
[36m(ClientAppActor pid=16532)[0m 
[36m(ClientAppActor pid=16532)[0m         
[36m(ClientAppActor pid=16532)[0m [93mWARNING [0m:   Deprecation Warning: The `client_fn` function must return an instance of `Client`, but an instance of `NumpyClient` was returned. Please use `NumPyClient.to_client()` method to convert it to `Client`.
[36m(ClientAppActor pid=16532)[0m 09/07/2026 19:49:13:WARNING:Deprecation Warning: The `client_fn` function must return an instance of `Client`, but an instance of `NumpyClient` was returned. Please use `NumPyClient.to_client()` method to convert it to `Client`.
[36m(ClientAppActor pid=16532)[0m /usr/local/lib/python3.13/dist-packages/opacus/privacy_engine.py:98: UserWarning: Secure RNG turned off. This is perfectly fine for experimentation as it allows for much faster training performance, but remember to turn it on and retrain one last time before production with ``secure_mode`` turned on.
[36m(ClientAppActor pid=16532)[0m   warnings.warn(
[36m(ClientAppActor pid=16532)[0m             This is a deprecated feature. It will be removed[32m [repeated 2x across cluster][0m
[36m(ClientAppActor pid=16532)[0m             entirely in future versions of Flower.[32m [repeated 2x across cluster][0m
[36m(ClientAppActor pid=16533)[0m 
[36m(ClientAppActor pid=16533)[0m         
[36m(ClientAppActor pid=16533)[0m 
[36m(ClientAppActor pid=16533)[0m         
[36m(ClientAppActor pid=16532)[0m Train Epoch: 1 	Loss: 1.816315	Accuracy: 66.05%
[36m(ClientAppActor pid=16532)[0m [Client 3] Opacus Accountant Epsilon: 7.2892
[36m(ClientAppActor pid=16532)[0m 
[36m(ClientAppActor pid=16532)[0m         
[36m(ClientAppActor pid=16532)[0m 
[36m(ClientAppActor pid=16532)[0m         
[36m(ClientAppActor pid=16532)[0m [93mWARNING [0m:   DEPRECATED FEATURE: `client_fn` now expects a signature `def client_fn(context: Context)`.The provided `client_fn` has signature: {'cid': <Parameter "cid: str">}. You can import the `Context` like this: `from flwr.app import Context`[32m [repeated 2x across cluster][0m
[36m(ClientAppActor pid=16532)[0m 09/07/2026 19:49:46:WARNING:DEPRECATED FEATURE: `client_fn` now expects a signature `def client_fn(context: Context)`.The provided `client_fn` has signature: {'cid': <Parameter "cid: str">}. You can import the `Context` like this: `from flwr.app import Context`[32m [repeated 2x across cluster][0m
[36m(ClientAppActor pid=16532)[0m [93mWARNING [0m:   Deprecation Warning: The `client_fn` function must return an instance of `Client`, but an instance of `NumpyClient` was returned. Please use `NumPyClient.to_client()` method to convert it to `Client`.[32m [repeated 2x across cluster][0m
[36m(ClientAppActor pid=16532)[0m 09/07/2026 19:49:46:WARNING:Deprecation Warning: The `client_fn` function must return an instance of `Client`, but an instance of `NumpyClient` was returned. Please use `NumPyClient.to_client()` method to convert it to `Client`.[32m [repeated 2x across cluster][0m
[36m(ClientAppActor pid=16532)[0m /usr/local/lib/python3.13/dist-packages/opacus/privacy_engine.py:98: UserWarning: Secure RNG turned off. This is perfectly fine for experimentation as it allows for much faster training performance, but remember to turn it on and retrain one last time before production with ``secure_mode`` turned on.[32m [repeated 2x across cluster][0m
[36m(ClientAppActor pid=16532)[0m   warnings.warn([32m [repeated 2x across cluster][0m
[36m(ClientAppActor pid=16532)[0m             This is a deprecated feature. It will be removed[32m [repeated 4x across cluster][0m
[36m(ClientAppActor pid=16532)[0m             entirely in future versions of Flower.[32m [repeated 4x across cluster][0m
[36m(ClientAppActor pid=16533)[0m Train Epoch: 1 	Loss: 1.523937	Accuracy: 52.56%
[36m(ClientAppActor pid=16533)[0m [Client 0] Opacus Accountant Epsilon: 6.5910
[36m(ClientAppActor pid=16533)[0m 
[36m(ClientAppActor pid=16533)[0m         
[36m(ClientAppActor pid=16533)[0m 
[36m(ClientAppActor pid=16533)[0m         
[36m(ClientAppActor pid=16533)[0m [93mWARNING [0m:   DEPRECATED FEATURE: `client_fn` now expects a signature `def client_fn(context: Context)`.The provided `client_fn` has signature: {'cid': <Parameter "cid: str">}. You can import the `Context` like this: `from flwr.app import Context`
[36m(ClientAppActor pid=16533)[0m 09/07/2026 19:49:58:WARNING:DEPRECATED FEATURE: `client_fn` now expects a signature `def client_fn(context: Context)`.The provided `client_fn` has signature: {'cid': <Parameter "cid: str">}. You can import the `Context` like this: `from flwr.app import Context`
[36m(ClientAppActor pid=16533)[0m             This is a deprecated feature. It will be removed[32m [repeated 2x across cluster][0m
[36m(ClientAppActor pid=16533)[0m             entirely in future versions of Flower.[32m [repeated 2x across cluster][0m
[36m(ClientAppActor pid=16533)[0m [93mWARNING [0m:   Deprecation Warning: The `client_fn` function must return an instance of `Client`, but an instance of `NumpyClient` was returned. Please use `NumPyClient.to_client()` method to convert it to `Client`.
[36m(ClientAppActor pid=16533)[0m 09/07/2026 19:49:58:WARNING:Deprecation Warning: The `client_fn` function must return an instance of `Client`, but an instance of `NumpyClient` was returned. Please use `NumPyClient.to_client()` method to convert it to `Client`.
[36m(ClientAppActor pid=16533)[0m /usr/local/lib/python3.13/dist-packages/opacus/privacy_engine.py:98: UserWarning: Secure RNG turned off. This is perfectly fine for experimentation as it allows for much faster training performance, but remember to turn it on and retrain one last time before production with ``secure_mode`` turned on.
[36m(ClientAppActor pid=16533)[0m   warnings.warn(
[36m(ClientAppActor pid=16532)[0m Train Epoch: 1 	Loss: 1.330193	Accuracy: 76.95%
[36m(ClientAppActor pid=16532)[0m [Client 1] Opacus Accountant Epsilon: 6.9750
[36m(ClientAppActor pid=16532)[0m [93mWARNING [0m:   DEPRECATED FEATURE: `client_fn` now expects a signature `def client_fn(context: Context)`.The provided `client_fn` has signature: {'cid': <Parameter "cid: str">}. You can import the `Context` like this: `from flwr.app import Context`
[36m(ClientAppActor pid=16532)[0m 
[36m(ClientAppActor pid=16532)[0m         
[36m(ClientAppActor pid=16532)[0m 09/07/2026 19:50:24:WARNING:DEPRECATED FEATURE: `client_fn` now expects a signature `def client_fn(context: Context)`.The provided `client_fn` has signature: {'cid': <Parameter "cid: str">}. You can import the `Context` like this: `from flwr.app import Context`
[36m(ClientAppActor pid=16532)[0m 
[36m(ClientAppActor pid=16532)[0m         
[36m(ClientAppActor pid=16532)[0m             This is a deprecated feature. It will be removed[32m [repeated 2x across cluster][0m
[36m(ClientAppActor pid=16532)[0m             entirely in future versions of Flower.[32m [repeated 2x across cluster][0m
[36m(ClientAppActor pid=16532)[0m [93mWARNING [0m:   Deprecation Warning: The `client_fn` function must return an instance of `Client`, but an instance of `NumpyClient` was returned. Please use `NumPyClient.to_client()` method to convert it to `Client`.
[36m(ClientAppActor pid=16532)[0m 09/07/2026 19:50:24:WARNING:Deprecation Warning: The `client_fn` function must return an instance of `Client`, but an instance of `NumpyClient` was returned. Please use `NumPyClient.to_client()` method to convert it to `Client`.
[36m(ClientAppActor pid=16532)[0m /usr/local/lib/python3.13/dist-packages/opacus/privacy_engine.py:98: UserWarning: Secure RNG turned off. This is perfectly fine for experimentation as it allows for much faster training performance, but remember to turn it on and retrain one last time before production with ``secure_mode`` turned on.
[36m(ClientAppActor pid=16532)[0m   warnings.warn(
[36m(ClientAppActor pid=16533)[0m Train Epoch: 1 	Loss: 1.330079	Accuracy: 62.14%
[36m(ClientAppActor pid=16533)[0m [Client 2] Opacus Accountant Epsilon: 6.7583
[92mINFO [0m:      aggregate_fit: received 5 results and 0 failures
09/07/2026 19:50:43:INFO:aggregate_fit: received 5 results and 0 failures
[92mINFO [0m:      configure_evaluate: strategy sampled 5 clients (out of 5)
09/07/2026 19:50:43:INFO:configure_evaluate: strategy sampled 5 clients (out of 5)
[36m(ClientAppActor pid=16532)[0m Train Epoch: 1 	Loss: 0.992902	Accuracy: 78.40%
[36m(ClientAppActor pid=16532)[0m [93mWARNING [0m:   DEPRECATED FEATURE: `client_fn` now expects a signature `def client_fn(context: Context)`.The provided `client_fn` has signature: {'cid': <Parameter "cid: str">}. You can import the `Context` like this: `from flwr.app import Context`
[36m(ClientAppActor pid=16532)[0m 
[36m(ClientAppActor pid=16532)[0m         
[36m(ClientAppActor pid=16532)[0m 09/07/2026 19:50:43:WARNING:DEPRECATED FEATURE: `client_fn` now expects a signature `def client_fn(context: Context)`.The provided `client_fn` has signature: {'cid': <Parameter "cid: str">}. You can import the `Context` like this: `from flwr.app import Context`
[36m(ClientAppActor pid=16532)[0m 
[36m(ClientAppActor pid=16532)[0m         
[36m(ClientAppActor pid=16532)[0m [93mWARNING [0m:   Deprecation Warning: The `client_fn` function must return an instance of `Client`, but an instance of `NumpyClient` was returned. Please use `NumPyClient.to_client()` method to convert it to `Client`.
[36m(ClientAppActor pid=16532)[0m 09/07/2026 19:50:43:WARNING:Deprecation Warning: The `client_fn` function must return an instance of `Client`, but an instance of `NumpyClient` was returned. Please use `NumPyClient.to_client()` method to convert it to `Client`.
[36m(ClientAppActor pid=16532)[0m             This is a deprecated feature. It will be removed[32m [repeated 2x across cluster][0m
[36m(ClientAppActor pid=16532)[0m             entirely in future versions of Flower.[32m [repeated 2x across cluster][0m
[36m(ClientAppActor pid=16533)[0m [93mWARNING [0m:   DEPRECATED FEATURE: `client_fn` now expects a signature `def client_fn(context: Context)`.The provided `client_fn` has signature: {'cid': <Parameter "cid: str">}. You can import the `Context` like this: `from flwr.app import Context`
[36m(ClientAppActor pid=16533)[0m 
[36m(ClientAppActor pid=16533)[0m         
[36m(ClientAppActor pid=16533)[0m 09/07/2026 19:50:44:WARNING:DEPRECATED FEATURE: `client_fn` now expects a signature `def client_fn(context: Context)`.The provided `client_fn` has signature: {'cid': <Parameter "cid: str">}. You can import the `Context` like this: `from flwr.app import Context`
[36m(ClientAppActor pid=16533)[0m 
[36m(ClientAppActor pid=16533)[0m         
[36m(ClientAppActor pid=16533)[0m Test set: Average loss: 2.0950, Accuracy: 2511/10000 (25.11%)
[36m(ClientAppActor pid=16532)[0m [Client 4] Opacus Accountant Epsilon: 8.3040
[36m(ClientAppActor pid=16533)[0m [93mWARNING [0m:   DEPRECATED FEATURE: `client_fn` now expects a signature `def client_fn(context: Context)`.The provided `client_fn` has signature: {'cid': <Parameter "cid: str">}. You can import the `Context` like this: `from flwr.app import Context`
[36m(ClientAppActor pid=16533)[0m 
[36m(ClientAppActor pid=16533)[0m         
[36m(ClientAppActor pid=16533)[0m 09/07/2026 19:50:55:WARNING:DEPRECATED FEATURE: `client_fn` now expects a signature `def client_fn(context: Context)`.The provided `client_fn` has signature: {'cid': <Parameter "cid: str">}. You can import the `Context` like this: `from flwr.app import Context`
[36m(ClientAppActor pid=16533)[0m 
[36m(ClientAppActor pid=16533)[0m         
[36m(ClientAppActor pid=16533)[0m [93mWARNING [0m:   Deprecation Warning: The `client_fn` function must return an instance of `Client`, but an instance of `NumpyClient` was returned. Please use `NumPyClient.to_client()` method to convert it to `Client`.[32m [repeated 2x across cluster][0m
[36m(ClientAppActor pid=16533)[0m 09/07/2026 19:50:55:WARNING:Deprecation Warning: The `client_fn` function must return an instance of `Client`, but an instance of `NumpyClient` was returned. Please use `NumPyClient.to_client()` method to convert it to `Client`.[32m [repeated 2x across cluster][0m
[36m(ClientAppActor pid=16533)[0m             This is a deprecated feature. It will be removed[32m [repeated 4x across cluster][0m
[36m(ClientAppActor pid=16533)[0m             entirely in future versions of Flower.[32m [repeated 4x across cluster][0m
[36m(ClientAppActor pid=16532)[0m [93mWARNING [0m:   DEPRECATED FEATURE: `client_fn` now expects a signature `def client_fn(context: Context)`.The provided `client_fn` has signature: {'cid': <Parameter "cid: str">}. You can import the `Context` like this: `from flwr.app import Context`
[36m(ClientAppActor pid=16532)[0m 
[36m(ClientAppActor pid=16532)[0m         
[36m(ClientAppActor pid=16532)[0m 09/07/2026 19:50:55:WARNING:DEPRECATED FEATURE: `client_fn` now expects a signature `def client_fn(context: Context)`.The provided `client_fn` has signature: {'cid': <Parameter "cid: str">}. You can import the `Context` like this: `from flwr.app import Context`
[36m(ClientAppActor pid=16532)[0m 
[36m(ClientAppActor pid=16532)[0m         
[36m(ClientAppActor pid=16532)[0m Test set: Average loss: 2.0950, Accuracy: 2511/10000 (25.11%)[32m [repeated 2x across cluster][0m
[36m(ClientAppActor pid=16532)[0m [93mWARNING [0m:   DEPRECATED FEATURE: `client_fn` now expects a signature `def client_fn(context: Context)`.The provided `client_fn` has signature: {'cid': <Parameter "cid: str">}. You can import the `Context` like this: `from flwr.app import Context`
[36m(ClientAppActor pid=16532)[0m 
[36m(ClientAppActor pid=16532)[0m         
[36m(ClientAppActor pid=16532)[0m 09/07/2026 19:51:04:WARNING:DEPRECATED FEATURE: `client_fn` now expects a signature `def client_fn(context: Context)`.The provided `client_fn` has signature: {'cid': <Parameter "cid: str">}. You can import the `Context` like this: `from flwr.app import Context`
[36m(ClientAppActor pid=16532)[0m 
[36m(ClientAppActor pid=16532)[0m         
[36m(ClientAppActor pid=16532)[0m [93mWARNING [0m:   Deprecation Warning: The `client_fn` function must return an instance of `Client`, but an instance of `NumpyClient` was returned. Please use `NumPyClient.to_client()` method to convert it to `Client`.[32m [repeated 2x across cluster][0m
[36m(ClientAppActor pid=16532)[0m 09/07/2026 19:51:04:WARNING:Deprecation Warning: The `client_fn` function must return an instance of `Client`, but an instance of `NumpyClient` was returned. Please use `NumPyClient.to_client()` method to convert it to `Client`.[32m [repeated 2x across cluster][0m
[36m(ClientAppActor pid=16532)[0m             This is a deprecated feature. It will be removed[32m [repeated 4x across cluster][0m
[36m(ClientAppActor pid=16532)[0m             entirely in future versions of Flower.[32m [repeated 4x across cluster][0m
[92mINFO [0m:      aggregate_evaluate: received 5 results and 0 failures
09/07/2026 19:51:11:INFO:aggregate_evaluate: received 5 results and 0 failures
[92mINFO [0m:      
09/07/2026 19:51:11:INFO:
[92mINFO [0m:      [SUMMARY]
09/07/2026 19:51:11:INFO:[SUMMARY]
[92mINFO [0m:      Run finished 3 round(s) in 367.22s
09/07/2026 19:51:11:INFO:Run finished 3 round(s) in 367.22s
[92mINFO [0m:      	History (loss, distributed):
09/07/2026 19:51:11:INFO:	History (loss, distributed):
[92mINFO [0m:      		round 1: 2.2199801912732946
09/07/2026 19:51:11:INFO:		round 1: 2.2199801912732946
[92mINFO [0m:      		round 2: 1.9965783023530512
09/07/2026 19:51:11:INFO:		round 2: 1.9965783023530512
[92mINFO [0m:      		round 3: 2.0950148211922617
09/07/2026 19:51:11:INFO:		round 3: 2.0950148211922617
[92mINFO [0m:      	History (metrics, distributed, fit):
09/07/2026 19:51:11:INFO:	History (metrics, distributed, fit):
[92mINFO [0m:      	{'client_stats': [(1,
09/07/2026 19:51:11:INFO:	{'client_stats': [(1,
[92mINFO [0m:      	                   '[{"client_id": "0", "sample_rate": 0.0049261083743842365, '
09/07/2026 19:51:11:INFO:	                   '[{"client_id": "0", "sample_rate": 0.0049261083743842365, '
[92mINFO [0m:      	                   '"dp_steps": 203, "sigma": 0.5, "C": 1.0}, {"client_id": '
09/07/2026 19:51:11:INFO:	                   '"dp_steps": 203, "sigma": 0.5, "C": 1.0}, {"client_id": '
[92mINFO [0m:      	                   '"2", "sample_rate": 0.0053475935828877, "dp_steps": 187, '
09/07/2026 19:51:11:INFO:	                   '"2", "sample_rate": 0.0053475935828877, "dp_steps": 187, '
[92mINFO [0m:      	                   '"sigma": 0.5, "C": 1.0}, {"client_id": "4", "sample_rate": '
09/07/2026 19:51:11:INFO:	                   '"sigma": 0.5, "C": 1.0}, {"client_id": "4", "sample_rate": '
[92mINFO [0m:      	                   '0.011363636363636364, "dp_steps": 88, "sigma": 0.5, "C": '
09/07/2026 19:51:11:INFO:	                   '0.011363636363636364, "dp_steps": 88, "sigma": 0.5, "C": '
[92mINFO [0m:      	                   '1.0}, {"client_id": "1", "sample_rate": '
09/07/2026 19:51:11:INFO:	                   '1.0}, {"client_id": "1", "sample_rate": '
[92mINFO [0m:      	                   '0.006060606060606061, "dp_steps": 165, "sigma": 0.5, "C": '
09/07/2026 19:51:11:INFO:	                   '0.006060606060606061, "dp_steps": 165, "sigma": 0.5, "C": '
[92mINFO [0m:      	                   '1.0}, {"client_id": "3", "sample_rate": '
09/07/2026 19:51:11:INFO:	                   '1.0}, {"client_id": "3", "sample_rate": '
[92mINFO [0m:      	                   '0.007042253521126761, "dp_steps": 142, "sigma": 0.5, "C": '
09/07/2026 19:51:11:INFO:	                   '0.007042253521126761, "dp_steps": 142, "sigma": 0.5, "C": '
[92mINFO [0m:      	                   '1.0}]'),
09/07/2026 19:51:11:INFO:	                   '1.0}]'),
[92mINFO [0m:      	                  (2,
09/07/2026 19:51:11:INFO:	                  (2,
[92mINFO [0m:      	                   '[{"client_id": "1", "sample_rate": 0.006060606060606061, '
09/07/2026 19:51:11:INFO:	                   '[{"client_id": "1", "sample_rate": 0.006060606060606061, '
[92mINFO [0m:      	                   '"dp_steps": 165, "sigma": 0.5, "C": 1.0}, {"client_id": '
09/07/2026 19:51:11:INFO:	                   '"dp_steps": 165, "sigma": 0.5, "C": 1.0}, {"client_id": '
[92mINFO [0m:      	                   '"2", "sample_rate": 0.0053475935828877, "dp_steps": 187, '
09/07/2026 19:51:11:INFO:	                   '"2", "sample_rate": 0.0053475935828877, "dp_steps": 187, '
[92mINFO [0m:      	                   '"sigma": 0.5, "C": 1.0}, {"client_id": "0", "sample_rate": '
09/07/2026 19:51:11:INFO:	                   '"sigma": 0.5, "C": 1.0}, {"client_id": "0", "sample_rate": '
[92mINFO [0m:      	                   '0.0049261083743842365, "dp_steps": 203, "sigma": 0.5, "C": '
09/07/2026 19:51:11:INFO:	                   '0.0049261083743842365, "dp_steps": 203, "sigma": 0.5, "C": '
[92mINFO [0m:      	                   '1.0}, {"client_id": "4", "sample_rate": '
09/07/2026 19:51:11:INFO:	                   '1.0}, {"client_id": "4", "sample_rate": '
[92mINFO [0m:      	                   '0.011363636363636364, "dp_steps": 88, "sigma": 0.5, "C": '
09/07/2026 19:51:11:INFO:	                   '0.011363636363636364, "dp_steps": 88, "sigma": 0.5, "C": '
[92mINFO [0m:      	                   '1.0}, {"client_id": "3", "sample_rate": '
09/07/2026 19:51:11:INFO:	                   '1.0}, {"client_id": "3", "sample_rate": '
[92mINFO [0m:      	                   '0.007042253521126761, "dp_steps": 142, "sigma": 0.5, "C": '
09/07/2026 19:51:11:INFO:	                   '0.007042253521126761, "dp_steps": 142, "sigma": 0.5, "C": '
[92mINFO [0m:      	                   '1.0}]'),
09/07/2026 19:51:11:INFO:	                   '1.0}]'),
[92mINFO [0m:      	                  (3,
09/07/2026 19:51:11:INFO:	                  (3,
[92mINFO [0m:      	                   '[{"client_id": "3", "sample_rate": 0.007042253521126761, '
09/07/2026 19:51:11:INFO:	                   '[{"client_id": "3", "sample_rate": 0.007042253521126761, '
[92mINFO [0m:      	                   '"dp_steps": 142, "sigma": 0.5, "C": 1.0}, {"client_id": '
09/07/2026 19:51:11:INFO:	                   '"dp_steps": 142, "sigma": 0.5, "C": 1.0}, {"client_id": '
[92mINFO [0m:      	                   '"2", "sample_rate": 0.0053475935828877, "dp_steps": 187, '
09/07/2026 19:51:11:INFO:	                   '"2", "sample_rate": 0.0053475935828877, "dp_steps": 187, '
[92mINFO [0m:      	                   '"sigma": 0.5, "C": 1.0}, {"client_id": "0", "sample_rate": '
09/07/2026 19:51:11:INFO:	                   '"sigma": 0.5, "C": 1.0}, {"client_id": "0", "sample_rate": '
[92mINFO [0m:      	                   '0.0049261083743842365, "dp_steps": 203, "sigma": 0.5, "C": '
09/07/2026 19:51:11:INFO:	                   '0.0049261083743842365, "dp_steps": 203, "sigma": 0.5, "C": '
[92mINFO [0m:      	                   '1.0}, {"client_id": "1", "sample_rate": '
09/07/2026 19:51:11:INFO:	                   '1.0}, {"client_id": "1", "sample_rate": '
[92mINFO [0m:      	                   '0.006060606060606061, "dp_steps": 165, "sigma": 0.5, "C": '
09/07/2026 19:51:11:INFO:	                   '0.006060606060606061, "dp_steps": 165, "sigma": 0.5, "C": '
[92mINFO [0m:      	                   '1.0}, {"client_id": "4", "sample_rate": '
09/07/2026 19:51:11:INFO:	                   '1.0}, {"client_id": "4", "sample_rate": '
[92mINFO [0m:      	                   '0.011363636363636364, "dp_steps": 88, "sigma": 0.5, "C": '
09/07/2026 19:51:11:INFO:	                   '0.011363636363636364, "dp_steps": 88, "sigma": 0.5, "C": '
[92mINFO [0m:      	                   '1.0}]')]}
09/07/2026 19:51:11:INFO:	                   '1.0}]')]}
[92mINFO [0m:      	History (metrics, distributed, evaluate):
09/07/2026 19:51:11:INFO:	History (metrics, distributed, evaluate):
[92mINFO [0m:      	{'accuracy': [(1, 16.99), (2, 24.79), (3, 25.11)]}
09/07/2026 19:51:11:INFO:	{'accuracy': [(1, 16.99), (2, 24.79), (3, 25.11)]}
[92mINFO [0m:      
09/07/2026 19:51:11:INFO:
[36m(ClientAppActor pid=16532)[0m Test set: Average loss: 2.0950, Accuracy: 2511/10000 (25.11%)[32m [repeated 2x across cluster][0m

--- DP-SGD FINAL RESULTS ---
sigma=0.5, C=1.0
Privacy Guarantee: epsilon=10.8698 (delta=1e-5, alpha=2.3)
Final Aggregated Accuracy: 25.11%
Runtime: 402.67 seconds
Results saved to results/stage5/per_run/sigma_0.5_C_1.0
Running Federation on FULL CIFAR-10, clients: 5, alpha: 0.1
CUDA Available: True
Selected Device: cuda
GPU Name: Tesla T4
PyTorch Version: 2.13.0+cu130
Opacus Version: 1.6.0
Flower Version: 1.35.0
2026-09-07 19:51:37.366749: I tensorflow/core/platform/cpu_feature_guard.cc:210] This TensorFlow binary is optimized to use available CPU instructions in performance-critical operations.
To enable the following instructions: AVX2 AVX512F FMA, in other operations, rebuild TensorFlow with the appropriate compiler flags.
[93mWARNING [0m:   DEPRECATED FEATURE: flwr.simulation.start_simulation() is deprecated.
	Instead, use the `flwr run` CLI command to start a local simulation in your Flower app, as shown for example below:

		$ flwr new  # Create a new Flower app from a template

		$ flwr run  # Run the Flower app in Simulation Mode

	Using `start_simulation()` is deprecated.

            This is a deprecated feature. It will be removed
            entirely in future versions of Flower.
        
09/07/2026 19:51:40:WARNING:DEPRECATED FEATURE: flwr.simulation.start_simulation() is deprecated.
	Instead, use the `flwr run` CLI command to start a local simulation in your Flower app, as shown for example below:

		$ flwr new  # Create a new Flower app from a template

		$ flwr run  # Run the Flower app in Simulation Mode

	Using `start_simulation()` is deprecated.

            This is a deprecated feature. It will be removed
            entirely in future versions of Flower.
        
[92mINFO [0m:      Starting Flower simulation, config: num_rounds=3, no round_timeout
09/07/2026 19:51:40:INFO:Starting Flower simulation, config: num_rounds=3, no round_timeout
2026-09-07 19:51:51,738	INFO worker.py:2012 -- Started a local Ray instance.
/usr/local/lib/python3.13/dist-packages/ray/_private/worker.py:2051: FutureWarning: Tip: In future versions of Ray, Ray will no longer override accelerator visible devices env var if num_gpus=0 or num_gpus=None (default). To enable this behavior and turn off this error message, set RAY_ACCEL_ENV_VAR_OVERRIDE_ON_ZERO=0
  warnings.warn(
[92mINFO [0m:      Flower VCE: Ray initialized with resources: {'accelerator_type:T4': 1.0, 'object_store_memory': 3952893542.0, 'node:__internal_head__': 1.0, 'node:172.28.0.12': 1.0, 'memory': 9223418266.0, 'CPU': 2.0, 'GPU': 1.0}
09/07/2026 19:51:54:INFO:Flower VCE: Ray initialized with resources: {'accelerator_type:T4': 1.0, 'object_store_memory': 3952893542.0, 'node:__internal_head__': 1.0, 'node:172.28.0.12': 1.0, 'memory': 9223418266.0, 'CPU': 2.0, 'GPU': 1.0}
[92mINFO [0m:      Optimize your simulation with Flower VCE: https://flower.ai/docs/framework/how-to-run-simulations.html
09/07/2026 19:51:54:INFO:Optimize your simulation with Flower VCE: https://flower.ai/docs/framework/how-to-run-simulations.html
[92mINFO [0m:      No `client_resources` specified. Using minimal resources for clients.
09/07/2026 19:51:54:INFO:No `client_resources` specified. Using minimal resources for clients.
[92mINFO [0m:      Flower VCE: Resources for each Virtual Client: {'num_cpus': 1, 'num_gpus': 0.0}
09/07/2026 19:51:54:INFO:Flower VCE: Resources for each Virtual Client: {'num_cpus': 1, 'num_gpus': 0.0}
[92mINFO [0m:      Flower VCE: Creating VirtualClientEngineActorPool with 2 actors
09/07/2026 19:51:54:INFO:Flower VCE: Creating VirtualClientEngineActorPool with 2 actors
[92mINFO [0m:      [INIT]
09/07/2026 19:51:54:INFO:[INIT]
[92mINFO [0m:      Requesting initial parameters from one random client
09/07/2026 19:51:54:INFO:Requesting initial parameters from one random client
[36m(ClientAppActor pid=19081)[0m [93mWARNING [0m:   DEPRECATED FEATURE: `client_fn` now expects a signature `def client_fn(context: Context)`.The provided `client_fn` has signature: {'cid': <Parameter "cid: str">}. You can import the `Context` like this: `from flwr.app import Context`
[36m(ClientAppActor pid=19081)[0m 
[36m(ClientAppActor pid=19081)[0m             This is a deprecated feature. It will be removed
[36m(ClientAppActor pid=19081)[0m             entirely in future versions of Flower.
[36m(ClientAppActor pid=19081)[0m         
[36m(ClientAppActor pid=19081)[0m [93mWARNING [0m:   Deprecation Warning: The `client_fn` function must return an instance of `Client`, but an instance of `NumpyClient` was returned. Please use `NumPyClient.to_client()` method to convert it to `Client`.
[92mINFO [0m:      Received initial parameters from one random client
09/07/2026 19:52:09:INFO:Received initial parameters from one random client
[92mINFO [0m:      Starting evaluation of initial global parameters
09/07/2026 19:52:09:INFO:Starting evaluation of initial global parameters
[92mINFO [0m:      Evaluation returned no results (`None`)
09/07/2026 19:52:09:INFO:Evaluation returned no results (`None`)
[92mINFO [0m:      
09/07/2026 19:52:09:INFO:
[92mINFO [0m:      [ROUND 1]
09/07/2026 19:52:09:INFO:[ROUND 1]
[92mINFO [0m:      configure_fit: strategy sampled 5 clients (out of 5)
09/07/2026 19:52:09:INFO:configure_fit: strategy sampled 5 clients (out of 5)
[36m(ClientAppActor pid=19081)[0m [93mWARNING [0m:   DEPRECATED FEATURE: `client_fn` now expects a signature `def client_fn(context: Context)`.The provided `client_fn` has signature: {'cid': <Parameter "cid: str">}. You can import the `Context` like this: `from flwr.app import Context`
[36m(ClientAppActor pid=19081)[0m 
[36m(ClientAppActor pid=19081)[0m             This is a deprecated feature. It will be removed
[36m(ClientAppActor pid=19081)[0m             entirely in future versions of Flower.
[36m(ClientAppActor pid=19081)[0m         
[36m(ClientAppActor pid=19081)[0m [93mWARNING [0m:   Deprecation Warning: The `client_fn` function must return an instance of `Client`, but an instance of `NumpyClient` was returned. Please use `NumPyClient.to_client()` method to convert it to `Client`.
[36m(ClientAppActor pid=19081)[0m /usr/local/lib/python3.13/dist-packages/opacus/privacy_engine.py:98: UserWarning: Secure RNG turned off. This is perfectly fine for experimentation as it allows for much faster training performance, but remember to turn it on and retrain one last time before production with ``secure_mode`` turned on.
[36m(ClientAppActor pid=19081)[0m   warnings.warn(
[36m(ClientAppActor pid=19080)[0m 
[36m(ClientAppActor pid=19080)[0m         
[36m(ClientAppActor pid=19080)[0m [93mWARNING [0m:   DEPRECATED FEATURE: `client_fn` now expects a signature `def client_fn(context: Context)`.The provided `client_fn` has signature: {'cid': <Parameter "cid: str">}. You can import the `Context` like this: `from flwr.app import Context`
[36m(ClientAppActor pid=19080)[0m             This is a deprecated feature. It will be removed
[36m(ClientAppActor pid=19080)[0m             entirely in future versions of Flower.
[36m(ClientAppActor pid=19080)[0m [93mWARNING [0m:   Deprecation Warning: The `client_fn` function must return an instance of `Client`, but an instance of `NumpyClient` was returned. Please use `NumPyClient.to_client()` method to convert it to `Client`.
[36m(ClientAppActor pid=19080)[0m /usr/local/lib/python3.13/dist-packages/opacus/privacy_engine.py:98: UserWarning: Secure RNG turned off. This is perfectly fine for experimentation as it allows for much faster training performance, but remember to turn it on and retrain one last time before production with ``secure_mode`` turned on.
[36m(ClientAppActor pid=19080)[0m   warnings.warn(
[36m(ClientAppActor pid=19081)[0m Train Epoch: 1 	Loss: 1.283081	Accuracy: 58.54%
[36m(ClientAppActor pid=19081)[0m [Client 1] Opacus Accountant Epsilon: 1.0264
[36m(ClientAppActor pid=19081)[0m [93mWARNING [0m:   DEPRECATED FEATURE: `client_fn` now expects a signature `def client_fn(context: Context)`.The provided `client_fn` has signature: {'cid': <Parameter "cid: str">}. You can import the `Context` like this: `from flwr.app import Context`
[36m(ClientAppActor pid=19081)[0m 
[36m(ClientAppActor pid=19081)[0m             This is a deprecated feature. It will be removed
[36m(ClientAppActor pid=19081)[0m             entirely in future versions of Flower.
[36m(ClientAppActor pid=19081)[0m         
[36m(ClientAppActor pid=19081)[0m 09/07/2026 19:52:48:WARNING:DEPRECATED FEATURE: `client_fn` now expects a signature `def client_fn(context: Context)`.The provided `client_fn` has signature: {'cid': <Parameter "cid: str">}. You can import the `Context` like this: `from flwr.app import Context`
[36m(ClientAppActor pid=19081)[0m 
[36m(ClientAppActor pid=19081)[0m             This is a deprecated feature. It will be removed
[36m(ClientAppActor pid=19081)[0m             entirely in future versions of Flower.
[36m(ClientAppActor pid=19081)[0m         
[36m(ClientAppActor pid=19081)[0m 09/07/2026 19:52:48:WARNING:Deprecation Warning: The `client_fn` function must return an instance of `Client`, but an instance of `NumpyClient` was returned. Please use `NumPyClient.to_client()` method to convert it to `Client`.
[36m(ClientAppActor pid=19081)[0m [93mWARNING [0m:   Deprecation Warning: The `client_fn` function must return an instance of `Client`, but an instance of `NumpyClient` was returned. Please use `NumPyClient.to_client()` method to convert it to `Client`.
[36m(ClientAppActor pid=19081)[0m /usr/local/lib/python3.13/dist-packages/opacus/privacy_engine.py:98: UserWarning: Secure RNG turned off. This is perfectly fine for experimentation as it allows for much faster training performance, but remember to turn it on and retrain one last time before production with ``secure_mode`` turned on.
[36m(ClientAppActor pid=19081)[0m   warnings.warn(
[36m(ClientAppActor pid=19080)[0m Train Epoch: 1 	Loss: 1.330607	Accuracy: 38.22%
[36m(ClientAppActor pid=19080)[0m [Client 2] Opacus Accountant Epsilon: 0.9877
[36m(ClientAppActor pid=19080)[0m 
[36m(ClientAppActor pid=19080)[0m         
[36m(ClientAppActor pid=19080)[0m 
[36m(ClientAppActor pid=19080)[0m         
[36m(ClientAppActor pid=19080)[0m [93mWARNING [0m:   Deprecation Warning: The `client_fn` function must return an instance of `Client`, but an instance of `NumpyClient` was returned. Please use `NumPyClient.to_client()` method to convert it to `Client`.
[36m(ClientAppActor pid=19080)[0m /usr/local/lib/python3.13/dist-packages/opacus/privacy_engine.py:98: UserWarning: Secure RNG turned off. This is perfectly fine for experimentation as it allows for much faster training performance, but remember to turn it on and retrain one last time before production with ``secure_mode`` turned on.
[36m(ClientAppActor pid=19080)[0m   warnings.warn(
[36m(ClientAppActor pid=19080)[0m [93mWARNING [0m:   DEPRECATED FEATURE: `client_fn` now expects a signature `def client_fn(context: Context)`.The provided `client_fn` has signature: {'cid': <Parameter "cid: str">}. You can import the `Context` like this: `from flwr.app import Context`
[36m(ClientAppActor pid=19080)[0m             This is a deprecated feature. It will be removed[32m [repeated 2x across cluster] (Ray deduplicates logs by default. Set RAY_DEDUP_LOGS=0 to disable log deduplication, or see https://docs.ray.io/en/master/ray-observability/user-guides/configure-logging.html#log-deduplication for more options.)[0m
[36m(ClientAppActor pid=19080)[0m             entirely in future versions of Flower.[32m [repeated 2x across cluster][0m
[36m(ClientAppActor pid=19080)[0m 09/07/2026 19:53:01:WARNING:DEPRECATED FEATURE: `client_fn` now expects a signature `def client_fn(context: Context)`.The provided `client_fn` has signature: {'cid': <Parameter "cid: str">}. You can import the `Context` like this: `from flwr.app import Context`
[36m(ClientAppActor pid=19080)[0m 09/07/2026 19:53:01:WARNING:Deprecation Warning: The `client_fn` function must return an instance of `Client`, but an instance of `NumpyClient` was returned. Please use `NumPyClient.to_client()` method to convert it to `Client`.
[36m(ClientAppActor pid=19080)[0m Train Epoch: 1 	Loss: 1.871963	Accuracy: 57.27%
[36m(ClientAppActor pid=19081)[0m [Client 3] Opacus Accountant Epsilon: 1.0763
[36m(ClientAppActor pid=19081)[0m [93mWARNING [0m:   DEPRECATED FEATURE: `client_fn` now expects a signature `def client_fn(context: Context)`.The provided `client_fn` has signature: {'cid': <Parameter "cid: str">}. You can import the `Context` like this: `from flwr.app import Context`
[36m(ClientAppActor pid=19081)[0m 
[36m(ClientAppActor pid=19081)[0m         
[36m(ClientAppActor pid=19081)[0m 09/07/2026 19:53:20:WARNING:DEPRECATED FEATURE: `client_fn` now expects a signature `def client_fn(context: Context)`.The provided `client_fn` has signature: {'cid': <Parameter "cid: str">}. You can import the `Context` like this: `from flwr.app import Context`
[36m(ClientAppActor pid=19081)[0m 
[36m(ClientAppActor pid=19081)[0m         
[36m(ClientAppActor pid=19081)[0m 09/07/2026 19:53:20:WARNING:Deprecation Warning: The `client_fn` function must return an instance of `Client`, but an instance of `NumpyClient` was returned. Please use `NumPyClient.to_client()` method to convert it to `Client`.
[36m(ClientAppActor pid=19081)[0m [93mWARNING [0m:   Deprecation Warning: The `client_fn` function must return an instance of `Client`, but an instance of `NumpyClient` was returned. Please use `NumPyClient.to_client()` method to convert it to `Client`.
[36m(ClientAppActor pid=19081)[0m /usr/local/lib/python3.13/dist-packages/opacus/privacy_engine.py:98: UserWarning: Secure RNG turned off. This is perfectly fine for experimentation as it allows for much faster training performance, but remember to turn it on and retrain one last time before production with ``secure_mode`` turned on.
[36m(ClientAppActor pid=19081)[0m   warnings.warn(
[36m(ClientAppActor pid=19081)[0m             This is a deprecated feature. It will be removed[32m [repeated 2x across cluster][0m
[36m(ClientAppActor pid=19081)[0m             entirely in future versions of Flower.[32m [repeated 2x across cluster][0m
[92mINFO [0m:      aggregate_fit: received 5 results and 0 failures
09/07/2026 19:53:50:INFO:aggregate_fit: received 5 results and 0 failures
[92mINFO [0m:      configure_evaluate: strategy sampled 5 clients (out of 5)
09/07/2026 19:53:50:INFO:configure_evaluate: strategy sampled 5 clients (out of 5)
[36m(ClientAppActor pid=19081)[0m Train Epoch: 1 	Loss: 1.361647	Accuracy: 38.11%[32m [repeated 2x across cluster][0m
[36m(ClientAppActor pid=19081)[0m [Client 0] Opacus Accountant Epsilon: 0.9646[32m [repeated 2x across cluster][0m
[36m(ClientAppActor pid=19081)[0m [93mWARNING [0m:   DEPRECATED FEATURE: `client_fn` now expects a signature `def client_fn(context: Context)`.The provided `client_fn` has signature: {'cid': <Parameter "cid: str">}. You can import the `Context` like this: `from flwr.app import Context`
[36m(ClientAppActor pid=19081)[0m 
[36m(ClientAppActor pid=19081)[0m         
[36m(ClientAppActor pid=19081)[0m 09/07/2026 19:53:50:WARNING:DEPRECATED FEATURE: `client_fn` now expects a signature `def client_fn(context: Context)`.The provided `client_fn` has signature: {'cid': <Parameter "cid: str">}. You can import the `Context` like this: `from flwr.app import Context`
[36m(ClientAppActor pid=19081)[0m 
[36m(ClientAppActor pid=19081)[0m         
[36m(ClientAppActor pid=19081)[0m [93mWARNING [0m:   Deprecation Warning: The `client_fn` function must return an instance of `Client`, but an instance of `NumpyClient` was returned. Please use `NumPyClient.to_client()` method to convert it to `Client`.
[36m(ClientAppActor pid=19081)[0m 09/07/2026 19:53:50:WARNING:Deprecation Warning: The `client_fn` function must return an instance of `Client`, but an instance of `NumpyClient` was returned. Please use `NumPyClient.to_client()` method to convert it to `Client`.
[36m(ClientAppActor pid=19081)[0m             This is a deprecated feature. It will be removed[32m [repeated 2x across cluster][0m
[36m(ClientAppActor pid=19081)[0m             entirely in future versions of Flower.[32m [repeated 2x across cluster][0m
[36m(ClientAppActor pid=19080)[0m [93mWARNING [0m:   DEPRECATED FEATURE: `client_fn` now expects a signature `def client_fn(context: Context)`.The provided `client_fn` has signature: {'cid': <Parameter "cid: str">}. You can import the `Context` like this: `from flwr.app import Context`
[36m(ClientAppActor pid=19080)[0m 
[36m(ClientAppActor pid=19080)[0m         
[36m(ClientAppActor pid=19080)[0m 09/07/2026 19:53:50:WARNING:DEPRECATED FEATURE: `client_fn` now expects a signature `def client_fn(context: Context)`.The provided `client_fn` has signature: {'cid': <Parameter "cid: str">}. You can import the `Context` like this: `from flwr.app import Context`
[36m(ClientAppActor pid=19080)[0m 
[36m(ClientAppActor pid=19080)[0m         
[36m(ClientAppActor pid=19080)[0m 09/07/2026 19:53:50:WARNING:Deprecation Warning: The `client_fn` function must return an instance of `Client`, but an instance of `NumpyClient` was returned. Please use `NumPyClient.to_client()` method to convert it to `Client`.
[36m(ClientAppActor pid=19081)[0m Test set: Average loss: 2.2588, Accuracy: 1558/10000 (15.58%)
[36m(ClientAppActor pid=19081)[0m 
[36m(ClientAppActor pid=19081)[0m         
[36m(ClientAppActor pid=19081)[0m 
[36m(ClientAppActor pid=19081)[0m         
[36m(ClientAppActor pid=19081)[0m [93mWARNING [0m:   Deprecation Warning: The `client_fn` function must return an instance of `Client`, but an instance of `NumpyClient` was returned. Please use `NumPyClient.to_client()` method to convert it to `Client`.[32m [repeated 2x across cluster][0m
[36m(ClientAppActor pid=19081)[0m             This is a deprecated feature. It will be removed[32m [repeated 4x across cluster][0m
[36m(ClientAppActor pid=19081)[0m             entirely in future versions of Flower.[32m [repeated 4x across cluster][0m
[36m(ClientAppActor pid=19081)[0m [93mWARNING [0m:   DEPRECATED FEATURE: `client_fn` now expects a signature `def client_fn(context: Context)`.The provided `client_fn` has signature: {'cid': <Parameter "cid: str">}. You can import the `Context` like this: `from flwr.app import Context`
[36m(ClientAppActor pid=19081)[0m 09/07/2026 19:54:02:WARNING:DEPRECATED FEATURE: `client_fn` now expects a signature `def client_fn(context: Context)`.The provided `client_fn` has signature: {'cid': <Parameter "cid: str">}. You can import the `Context` like this: `from flwr.app import Context`
[36m(ClientAppActor pid=19081)[0m 09/07/2026 19:54:02:WARNING:Deprecation Warning: The `client_fn` function must return an instance of `Client`, but an instance of `NumpyClient` was returned. Please use `NumPyClient.to_client()` method to convert it to `Client`.
[36m(ClientAppActor pid=19080)[0m [93mWARNING [0m:   DEPRECATED FEATURE: `client_fn` now expects a signature `def client_fn(context: Context)`.The provided `client_fn` has signature: {'cid': <Parameter "cid: str">}. You can import the `Context` like this: `from flwr.app import Context`
[36m(ClientAppActor pid=19080)[0m 
[36m(ClientAppActor pid=19080)[0m         
[36m(ClientAppActor pid=19080)[0m 09/07/2026 19:54:02:WARNING:DEPRECATED FEATURE: `client_fn` now expects a signature `def client_fn(context: Context)`.The provided `client_fn` has signature: {'cid': <Parameter "cid: str">}. You can import the `Context` like this: `from flwr.app import Context`
[36m(ClientAppActor pid=19080)[0m 
[36m(ClientAppActor pid=19080)[0m         
[36m(ClientAppActor pid=19080)[0m 09/07/2026 19:54:02:WARNING:Deprecation Warning: The `client_fn` function must return an instance of `Client`, but an instance of `NumpyClient` was returned. Please use `NumPyClient.to_client()` method to convert it to `Client`.
[36m(ClientAppActor pid=19081)[0m Test set: Average loss: 2.2588, Accuracy: 1558/10000 (15.58%)[32m [repeated 2x across cluster][0m
[36m(ClientAppActor pid=19081)[0m 
[36m(ClientAppActor pid=19081)[0m         
[36m(ClientAppActor pid=19081)[0m 
[36m(ClientAppActor pid=19081)[0m         
[36m(ClientAppActor pid=19081)[0m [93mWARNING [0m:   Deprecation Warning: The `client_fn` function must return an instance of `Client`, but an instance of `NumpyClient` was returned. Please use `NumPyClient.to_client()` method to convert it to `Client`.[32m [repeated 2x across cluster][0m
[36m(ClientAppActor pid=19081)[0m             This is a deprecated feature. It will be removed[32m [repeated 4x across cluster][0m
[36m(ClientAppActor pid=19081)[0m             entirely in future versions of Flower.[32m [repeated 4x across cluster][0m
[36m(ClientAppActor pid=19081)[0m [93mWARNING [0m:   DEPRECATED FEATURE: `client_fn` now expects a signature `def client_fn(context: Context)`.The provided `client_fn` has signature: {'cid': <Parameter "cid: str">}. You can import the `Context` like this: `from flwr.app import Context`
[36m(ClientAppActor pid=19081)[0m 09/07/2026 19:54:10:WARNING:DEPRECATED FEATURE: `client_fn` now expects a signature `def client_fn(context: Context)`.The provided `client_fn` has signature: {'cid': <Parameter "cid: str">}. You can import the `Context` like this: `from flwr.app import Context`
[36m(ClientAppActor pid=19081)[0m 09/07/2026 19:54:10:WARNING:Deprecation Warning: The `client_fn` function must return an instance of `Client`, but an instance of `NumpyClient` was returned. Please use `NumPyClient.to_client()` method to convert it to `Client`.
[92mINFO [0m:      aggregate_evaluate: received 5 results and 0 failures
09/07/2026 19:54:18:INFO:aggregate_evaluate: received 5 results and 0 failures
[92mINFO [0m:      
09/07/2026 19:54:18:INFO:
[92mINFO [0m:      [ROUND 2]
09/07/2026 19:54:18:INFO:[ROUND 2]
[92mINFO [0m:      configure_fit: strategy sampled 5 clients (out of 5)
09/07/2026 19:54:18:INFO:configure_fit: strategy sampled 5 clients (out of 5)
[36m(ClientAppActor pid=19081)[0m Test set: Average loss: 2.2588, Accuracy: 1558/10000 (15.58%)[32m [repeated 2x across cluster][0m
[36m(ClientAppActor pid=19081)[0m [93mWARNING [0m:   DEPRECATED FEATURE: `client_fn` now expects a signature `def client_fn(context: Context)`.The provided `client_fn` has signature: {'cid': <Parameter "cid: str">}. You can import the `Context` like this: `from flwr.app import Context`
[36m(ClientAppActor pid=19081)[0m 
[36m(ClientAppActor pid=19081)[0m         
[36m(ClientAppActor pid=19081)[0m 09/07/2026 19:54:18:WARNING:DEPRECATED FEATURE: `client_fn` now expects a signature `def client_fn(context: Context)`.The provided `client_fn` has signature: {'cid': <Parameter "cid: str">}. You can import the `Context` like this: `from flwr.app import Context`
[36m(ClientAppActor pid=19081)[0m 
[36m(ClientAppActor pid=19081)[0m         
[36m(ClientAppActor pid=19081)[0m 09/07/2026 19:54:18:WARNING:Deprecation Warning: The `client_fn` function must return an instance of `Client`, but an instance of `NumpyClient` was returned. Please use `NumPyClient.to_client()` method to convert it to `Client`.
[36m(ClientAppActor pid=19081)[0m /usr/local/lib/python3.13/dist-packages/opacus/privacy_engine.py:98: UserWarning: Secure RNG turned off. This is perfectly fine for experimentation as it allows for much faster training performance, but remember to turn it on and retrain one last time before production with ``secure_mode`` turned on.
[36m(ClientAppActor pid=19081)[0m   warnings.warn(
[36m(ClientAppActor pid=19081)[0m [93mWARNING [0m:   Deprecation Warning: The `client_fn` function must return an instance of `Client`, but an instance of `NumpyClient` was returned. Please use `NumPyClient.to_client()` method to convert it to `Client`.
[36m(ClientAppActor pid=19081)[0m             This is a deprecated feature. It will be removed[32m [repeated 2x across cluster][0m
[36m(ClientAppActor pid=19081)[0m             entirely in future versions of Flower.[32m [repeated 2x across cluster][0m
[36m(ClientAppActor pid=19080)[0m 
[36m(ClientAppActor pid=19080)[0m         
[36m(ClientAppActor pid=19080)[0m 
[36m(ClientAppActor pid=19080)[0m         
[36m(ClientAppActor pid=19080)[0m [93mWARNING [0m:   Deprecation Warning: The `client_fn` function must return an instance of `Client`, but an instance of `NumpyClient` was returned. Please use `NumPyClient.to_client()` method to convert it to `Client`.
[36m(ClientAppActor pid=19080)[0m Train Epoch: 1 	Loss: 1.271383	Accuracy: 41.51%
[36m(ClientAppActor pid=19080)[0m [Client 2] Opacus Accountant Epsilon: 0.9877
[36m(ClientAppActor pid=19080)[0m 
[36m(ClientAppActor pid=19080)[0m         
[36m(ClientAppActor pid=19080)[0m 
[36m(ClientAppActor pid=19080)[0m         
[36m(ClientAppActor pid=19080)[0m [93mWARNING [0m:   Deprecation Warning: The `client_fn` function must return an instance of `Client`, but an instance of `NumpyClient` was returned. Please use `NumPyClient.to_client()` method to convert it to `Client`.
[36m(ClientAppActor pid=19080)[0m [93mWARNING [0m:   DEPRECATED FEATURE: `client_fn` now expects a signature `def client_fn(context: Context)`.The provided `client_fn` has signature: {'cid': <Parameter "cid: str">}. You can import the `Context` like this: `from flwr.app import Context`[32m [repeated 2x across cluster][0m
[36m(ClientAppActor pid=19080)[0m 09/07/2026 19:55:00:WARNING:DEPRECATED FEATURE: `client_fn` now expects a signature `def client_fn(context: Context)`.The provided `client_fn` has signature: {'cid': <Parameter "cid: str">}. You can import the `Context` like this: `from flwr.app import Context`[32m [repeated 2x across cluster][0m
[36m(ClientAppActor pid=19080)[0m 09/07/2026 19:55:00:WARNING:Deprecation Warning: The `client_fn` function must return an instance of `Client`, but an instance of `NumpyClient` was returned. Please use `NumPyClient.to_client()` method to convert it to `Client`.[32m [repeated 2x across cluster][0m
[36m(ClientAppActor pid=19080)[0m /usr/local/lib/python3.13/dist-packages/opacus/privacy_engine.py:98: UserWarning: Secure RNG turned off. This is perfectly fine for experimentation as it allows for much faster training performance, but remember to turn it on and retrain one last time before production with ``secure_mode`` turned on.[32m [repeated 2x across cluster][0m
[36m(ClientAppActor pid=19080)[0m   warnings.warn([32m [repeated 2x across cluster][0m
[36m(ClientAppActor pid=19080)[0m             This is a deprecated feature. It will be removed[32m [repeated 4x across cluster][0m
[36m(ClientAppActor pid=19080)[0m             entirely in future versions of Flower.[32m [repeated 4x across cluster][0m
[36m(ClientAppActor pid=19081)[0m 
[36m(ClientAppActor pid=19081)[0m         
[36m(ClientAppActor pid=19081)[0m 
[36m(ClientAppActor pid=19081)[0m         
[36m(ClientAppActor pid=19081)[0m [93mWARNING [0m:   Deprecation Warning: The `client_fn` function must return an instance of `Client`, but an instance of `NumpyClient` was returned. Please use `NumPyClient.to_client()` method to convert it to `Client`.
[36m(ClientAppActor pid=19080)[0m Train Epoch: 1 	Loss: 2.607802	Accuracy: 52.05%[32m [repeated 2x across cluster][0m
[36m(ClientAppActor pid=19080)[0m [Client 3] Opacus Accountant Epsilon: 1.0763[32m [repeated 2x across cluster][0m
[36m(ClientAppActor pid=19080)[0m 
[36m(ClientAppActor pid=19080)[0m         
[36m(ClientAppActor pid=19080)[0m 
[36m(ClientAppActor pid=19080)[0m         
[36m(ClientAppActor pid=19080)[0m [93mWARNING [0m:   DEPRECATED FEATURE: `client_fn` now expects a signature `def client_fn(context: Context)`.The provided `client_fn` has signature: {'cid': <Parameter "cid: str">}. You can import the `Context` like this: `from flwr.app import Context`[32m [repeated 2x across cluster][0m
[36m(ClientAppActor pid=19080)[0m 09/07/2026 19:55:33:WARNING:DEPRECATED FEATURE: `client_fn` now expects a signature `def client_fn(context: Context)`.The provided `client_fn` has signature: {'cid': <Parameter "cid: str">}. You can import the `Context` like this: `from flwr.app import Context`[32m [repeated 2x across cluster][0m
[36m(ClientAppActor pid=19080)[0m 09/07/2026 19:55:33:WARNING:Deprecation Warning: The `client_fn` function must return an instance of `Client`, but an instance of `NumpyClient` was returned. Please use `NumPyClient.to_client()` method to convert it to `Client`.[32m [repeated 2x across cluster][0m
[36m(ClientAppActor pid=19081)[0m /usr/local/lib/python3.13/dist-packages/opacus/privacy_engine.py:98: UserWarning: Secure RNG turned off. This is perfectly fine for experimentation as it allows for much faster training performance, but remember to turn it on and retrain one last time before production with ``secure_mode`` turned on.
[36m(ClientAppActor pid=19081)[0m   warnings.warn(
[36m(ClientAppActor pid=19080)[0m             This is a deprecated feature. It will be removed[32m [repeated 4x across cluster][0m
[36m(ClientAppActor pid=19080)[0m             entirely in future versions of Flower.[32m [repeated 4x across cluster][0m
[36m(ClientAppActor pid=19080)[0m [93mWARNING [0m:   Deprecation Warning: The `client_fn` function must return an instance of `Client`, but an instance of `NumpyClient` was returned. Please use `NumPyClient.to_client()` method to convert it to `Client`.
[36m(ClientAppActor pid=19080)[0m /usr/local/lib/python3.13/dist-packages/opacus/privacy_engine.py:98: UserWarning: Secure RNG turned off. This is perfectly fine for experimentation as it allows for much faster training performance, but remember to turn it on and retrain one last time before production with ``secure_mode`` turned on.
[36m(ClientAppActor pid=19080)[0m   warnings.warn(
[36m(ClientAppActor pid=19081)[0m Train Epoch: 1 	Loss: 1.292939	Accuracy: 66.82%
[36m(ClientAppActor pid=19081)[0m [Client 1] Opacus Accountant Epsilon: 1.0264
[92mINFO [0m:      aggregate_fit: received 5 results and 0 failures
09/07/2026 19:55:49:INFO:aggregate_fit: received 5 results and 0 failures
[92mINFO [0m:      configure_evaluate: strategy sampled 5 clients (out of 5)
09/07/2026 19:55:49:INFO:configure_evaluate: strategy sampled 5 clients (out of 5)
[36m(ClientAppActor pid=19080)[0m Train Epoch: 1 	Loss: 1.955506	Accuracy: 56.57%
[36m(ClientAppActor pid=19080)[0m [Client 4] Opacus Accountant Epsilon: 1.2736
[36m(ClientAppActor pid=19080)[0m 
[36m(ClientAppActor pid=19080)[0m         
[36m(ClientAppActor pid=19080)[0m 
[36m(ClientAppActor pid=19080)[0m         
[36m(ClientAppActor pid=19080)[0m [93mWARNING [0m:   Deprecation Warning: The `client_fn` function must return an instance of `Client`, but an instance of `NumpyClient` was returned. Please use `NumPyClient.to_client()` method to convert it to `Client`.
[36m(ClientAppActor pid=19080)[0m [93mWARNING [0m:   DEPRECATED FEATURE: `client_fn` now expects a signature `def client_fn(context: Context)`.The provided `client_fn` has signature: {'cid': <Parameter "cid: str">}. You can import the `Context` like this: `from flwr.app import Context`
[36m(ClientAppActor pid=19080)[0m 09/07/2026 19:55:49:WARNING:DEPRECATED FEATURE: `client_fn` now expects a signature `def client_fn(context: Context)`.The provided `client_fn` has signature: {'cid': <Parameter "cid: str">}. You can import the `Context` like this: `from flwr.app import Context`
[36m(ClientAppActor pid=19080)[0m 09/07/2026 19:55:49:WARNING:Deprecation Warning: The `client_fn` function must return an instance of `Client`, but an instance of `NumpyClient` was returned. Please use `NumPyClient.to_client()` method to convert it to `Client`.
[36m(ClientAppActor pid=19080)[0m             This is a deprecated feature. It will be removed[32m [repeated 2x across cluster][0m
[36m(ClientAppActor pid=19080)[0m             entirely in future versions of Flower.[32m [repeated 2x across cluster][0m
[36m(ClientAppActor pid=19081)[0m [93mWARNING [0m:   DEPRECATED FEATURE: `client_fn` now expects a signature `def client_fn(context: Context)`.The provided `client_fn` has signature: {'cid': <Parameter "cid: str">}. You can import the `Context` like this: `from flwr.app import Context`
[36m(ClientAppActor pid=19081)[0m 
[36m(ClientAppActor pid=19081)[0m         
[36m(ClientAppActor pid=19081)[0m 09/07/2026 19:55:49:WARNING:DEPRECATED FEATURE: `client_fn` now expects a signature `def client_fn(context: Context)`.The provided `client_fn` has signature: {'cid': <Parameter "cid: str">}. You can import the `Context` like this: `from flwr.app import Context`
[36m(ClientAppActor pid=19081)[0m 
[36m(ClientAppActor pid=19081)[0m         
[36m(ClientAppActor pid=19081)[0m 09/07/2026 19:55:49:WARNING:Deprecation Warning: The `client_fn` function must return an instance of `Client`, but an instance of `NumpyClient` was returned. Please use `NumPyClient.to_client()` method to convert it to `Client`.
[36m(ClientAppActor pid=19081)[0m Test set: Average loss: 2.2012, Accuracy: 1879/10000 (18.79%)
[36m(ClientAppActor pid=19081)[0m [93mWARNING [0m:   DEPRECATED FEATURE: `client_fn` now expects a signature `def client_fn(context: Context)`.The provided `client_fn` has signature: {'cid': <Parameter "cid: str">}. You can import the `Context` like this: `from flwr.app import Context`
[36m(ClientAppActor pid=19081)[0m 
[36m(ClientAppActor pid=19081)[0m         
[36m(ClientAppActor pid=19081)[0m 09/07/2026 19:56:00:WARNING:DEPRECATED FEATURE: `client_fn` now expects a signature `def client_fn(context: Context)`.The provided `client_fn` has signature: {'cid': <Parameter "cid: str">}. You can import the `Context` like this: `from flwr.app import Context`
[36m(ClientAppActor pid=19081)[0m 
[36m(ClientAppActor pid=19081)[0m         
[36m(ClientAppActor pid=19081)[0m 09/07/2026 19:56:00:WARNING:Deprecation Warning: The `client_fn` function must return an instance of `Client`, but an instance of `NumpyClient` was returned. Please use `NumPyClient.to_client()` method to convert it to `Client`.
[36m(ClientAppActor pid=19081)[0m [93mWARNING [0m:   Deprecation Warning: The `client_fn` function must return an instance of `Client`, but an instance of `NumpyClient` was returned. Please use `NumPyClient.to_client()` method to convert it to `Client`.[32m [repeated 2x across cluster][0m
[36m(ClientAppActor pid=19081)[0m             This is a deprecated feature. It will be removed[32m [repeated 4x across cluster][0m
[36m(ClientAppActor pid=19081)[0m             entirely in future versions of Flower.[32m [repeated 4x across cluster][0m
[36m(ClientAppActor pid=19080)[0m [93mWARNING [0m:   DEPRECATED FEATURE: `client_fn` now expects a signature `def client_fn(context: Context)`.The provided `client_fn` has signature: {'cid': <Parameter "cid: str">}. You can import the `Context` like this: `from flwr.app import Context`
[36m(ClientAppActor pid=19080)[0m 
[36m(ClientAppActor pid=19080)[0m         
[36m(ClientAppActor pid=19080)[0m 09/07/2026 19:56:01:WARNING:DEPRECATED FEATURE: `client_fn` now expects a signature `def client_fn(context: Context)`.The provided `client_fn` has signature: {'cid': <Parameter "cid: str">}. You can import the `Context` like this: `from flwr.app import Context`
[36m(ClientAppActor pid=19080)[0m 
[36m(ClientAppActor pid=19080)[0m         
[36m(ClientAppActor pid=19080)[0m 09/07/2026 19:56:01:WARNING:Deprecation Warning: The `client_fn` function must return an instance of `Client`, but an instance of `NumpyClient` was returned. Please use `NumPyClient.to_client()` method to convert it to `Client`.
[36m(ClientAppActor pid=19081)[0m Test set: Average loss: 2.2012, Accuracy: 1879/10000 (18.79%)[32m [repeated 2x across cluster][0m
[36m(ClientAppActor pid=19081)[0m 
[36m(ClientAppActor pid=19081)[0m         
[36m(ClientAppActor pid=19081)[0m 
[36m(ClientAppActor pid=19081)[0m         
[36m(ClientAppActor pid=19080)[0m [93mWARNING [0m:   Deprecation Warning: The `client_fn` function must return an instance of `Client`, but an instance of `NumpyClient` was returned. Please use `NumPyClient.to_client()` method to convert it to `Client`.
[36m(ClientAppActor pid=19081)[0m             This is a deprecated feature. It will be removed[32m [repeated 4x across cluster][0m
[36m(ClientAppActor pid=19081)[0m             entirely in future versions of Flower.[32m [repeated 4x across cluster][0m
[36m(ClientAppActor pid=19081)[0m [93mWARNING [0m:   DEPRECATED FEATURE: `client_fn` now expects a signature `def client_fn(context: Context)`.The provided `client_fn` has signature: {'cid': <Parameter "cid: str">}. You can import the `Context` like this: `from flwr.app import Context`
[36m(ClientAppActor pid=19081)[0m 09/07/2026 19:56:11:WARNING:DEPRECATED FEATURE: `client_fn` now expects a signature `def client_fn(context: Context)`.The provided `client_fn` has signature: {'cid': <Parameter "cid: str">}. You can import the `Context` like this: `from flwr.app import Context`
[36m(ClientAppActor pid=19081)[0m [93mWARNING [0m:   Deprecation Warning: The `client_fn` function must return an instance of `Client`, but an instance of `NumpyClient` was returned. Please use `NumPyClient.to_client()` method to convert it to `Client`.
[36m(ClientAppActor pid=19081)[0m 09/07/2026 19:56:12:WARNING:Deprecation Warning: The `client_fn` function must return an instance of `Client`, but an instance of `NumpyClient` was returned. Please use `NumPyClient.to_client()` method to convert it to `Client`.
[92mINFO [0m:      aggregate_evaluate: received 5 results and 0 failures
09/07/2026 19:56:17:INFO:aggregate_evaluate: received 5 results and 0 failures
[92mINFO [0m:      
09/07/2026 19:56:17:INFO:
[92mINFO [0m:      [ROUND 3]
09/07/2026 19:56:17:INFO:[ROUND 3]
[92mINFO [0m:      configure_fit: strategy sampled 5 clients (out of 5)
09/07/2026 19:56:17:INFO:configure_fit: strategy sampled 5 clients (out of 5)
[36m(ClientAppActor pid=19081)[0m Test set: Average loss: 2.2012, Accuracy: 1879/10000 (18.79%)[32m [repeated 2x across cluster][0m
[36m(ClientAppActor pid=19081)[0m [93mWARNING [0m:   DEPRECATED FEATURE: `client_fn` now expects a signature `def client_fn(context: Context)`.The provided `client_fn` has signature: {'cid': <Parameter "cid: str">}. You can import the `Context` like this: `from flwr.app import Context`
[36m(ClientAppActor pid=19081)[0m 
[36m(ClientAppActor pid=19081)[0m         
[36m(ClientAppActor pid=19081)[0m 09/07/2026 19:56:17:WARNING:DEPRECATED FEATURE: `client_fn` now expects a signature `def client_fn(context: Context)`.The provided `client_fn` has signature: {'cid': <Parameter "cid: str">}. You can import the `Context` like this: `from flwr.app import Context`
[36m(ClientAppActor pid=19081)[0m 
[36m(ClientAppActor pid=19081)[0m         
[36m(ClientAppActor pid=19081)[0m [93mWARNING [0m:   Deprecation Warning: The `client_fn` function must return an instance of `Client`, but an instance of `NumpyClient` was returned. Please use `NumPyClient.to_client()` method to convert it to `Client`.
[36m(ClientAppActor pid=19081)[0m 09/07/2026 19:56:17:WARNING:Deprecation Warning: The `client_fn` function must return an instance of `Client`, but an instance of `NumpyClient` was returned. Please use `NumPyClient.to_client()` method to convert it to `Client`.
[36m(ClientAppActor pid=19081)[0m /usr/local/lib/python3.13/dist-packages/opacus/privacy_engine.py:98: UserWarning: Secure RNG turned off. This is perfectly fine for experimentation as it allows for much faster training performance, but remember to turn it on and retrain one last time before production with ``secure_mode`` turned on.
[36m(ClientAppActor pid=19081)[0m   warnings.warn(
[36m(ClientAppActor pid=19081)[0m             This is a deprecated feature. It will be removed[32m [repeated 2x across cluster][0m
[36m(ClientAppActor pid=19081)[0m             entirely in future versions of Flower.[32m [repeated 2x across cluster][0m
[36m(ClientAppActor pid=19080)[0m 
[36m(ClientAppActor pid=19080)[0m         
[36m(ClientAppActor pid=19080)[0m 
[36m(ClientAppActor pid=19080)[0m         
[36m(ClientAppActor pid=19080)[0m [93mWARNING [0m:   Deprecation Warning: The `client_fn` function must return an instance of `Client`, but an instance of `NumpyClient` was returned. Please use `NumPyClient.to_client()` method to convert it to `Client`.
[36m(ClientAppActor pid=19080)[0m 09/07/2026 19:56:17:WARNING:Deprecation Warning: The `client_fn` function must return an instance of `Client`, but an instance of `NumpyClient` was returned. Please use `NumPyClient.to_client()` method to convert it to `Client`.
[36m(ClientAppActor pid=19081)[0m Train Epoch: 1 	Loss: 1.242366	Accuracy: 43.36%
[36m(ClientAppActor pid=19081)[0m [Client 2] Opacus Accountant Epsilon: 0.9877
[36m(ClientAppActor pid=19081)[0m 
[36m(ClientAppActor pid=19081)[0m         
[36m(ClientAppActor pid=19081)[0m 
[36m(ClientAppActor pid=19081)[0m         
[36m(ClientAppActor pid=19081)[0m [93mWARNING [0m:   DEPRECATED FEATURE: `client_fn` now expects a signature `def client_fn(context: Context)`.The provided `client_fn` has signature: {'cid': <Parameter "cid: str">}. You can import the `Context` like this: `from flwr.app import Context`[32m [repeated 2x across cluster][0m
[36m(ClientAppActor pid=19081)[0m 09/07/2026 19:56:58:WARNING:DEPRECATED FEATURE: `client_fn` now expects a signature `def client_fn(context: Context)`.The provided `client_fn` has signature: {'cid': <Parameter "cid: str">}. You can import the `Context` like this: `from flwr.app import Context`[32m [repeated 2x across cluster][0m
[36m(ClientAppActor pid=19081)[0m /usr/local/lib/python3.13/dist-packages/opacus/privacy_engine.py:98: UserWarning: Secure RNG turned off. This is perfectly fine for experimentation as it allows for much faster training performance, but remember to turn it on and retrain one last time before production with ``secure_mode`` turned on.[32m [repeated 2x across cluster][0m
[36m(ClientAppActor pid=19081)[0m   warnings.warn([32m [repeated 2x across cluster][0m
[36m(ClientAppActor pid=19081)[0m             This is a deprecated feature. It will be removed[32m [repeated 4x across cluster][0m
[36m(ClientAppActor pid=19081)[0m             entirely in future versions of Flower.[32m [repeated 4x across cluster][0m
[36m(ClientAppActor pid=19081)[0m [93mWARNING [0m:   Deprecation Warning: The `client_fn` function must return an instance of `Client`, but an instance of `NumpyClient` was returned. Please use `NumPyClient.to_client()` method to convert it to `Client`.
[36m(ClientAppActor pid=19081)[0m 09/07/2026 19:56:58:WARNING:Deprecation Warning: The `client_fn` function must return an instance of `Client`, but an instance of `NumpyClient` was returned. Please use `NumPyClient.to_client()` method to convert it to `Client`.
[36m(ClientAppActor pid=19080)[0m Train Epoch: 1 	Loss: 1.296103	Accuracy: 41.50%
[36m(ClientAppActor pid=19080)[0m [Client 0] Opacus Accountant Epsilon: 0.9646
[36m(ClientAppActor pid=19080)[0m 
[36m(ClientAppActor pid=19080)[0m         
[36m(ClientAppActor pid=19080)[0m 
[36m(ClientAppActor pid=19080)[0m         
[36m(ClientAppActor pid=19080)[0m [93mWARNING [0m:   Deprecation Warning: The `client_fn` function must return an instance of `Client`, but an instance of `NumpyClient` was returned. Please use `NumPyClient.to_client()` method to convert it to `Client`.
[36m(ClientAppActor pid=19080)[0m 09/07/2026 19:57:05:WARNING:Deprecation Warning: The `client_fn` function must return an instance of `Client`, but an instance of `NumpyClient` was returned. Please use `NumPyClient.to_client()` method to convert it to `Client`.
[36m(ClientAppActor pid=19080)[0m [93mWARNING [0m:   DEPRECATED FEATURE: `client_fn` now expects a signature `def client_fn(context: Context)`.The provided `client_fn` has signature: {'cid': <Parameter "cid: str">}. You can import the `Context` like this: `from flwr.app import Context`
[36m(ClientAppActor pid=19080)[0m 09/07/2026 19:57:05:WARNING:DEPRECATED FEATURE: `client_fn` now expects a signature `def client_fn(context: Context)`.The provided `client_fn` has signature: {'cid': <Parameter "cid: str">}. You can import the `Context` like this: `from flwr.app import Context`
[36m(ClientAppActor pid=19080)[0m /usr/local/lib/python3.13/dist-packages/opacus/privacy_engine.py:98: UserWarning: Secure RNG turned off. This is perfectly fine for experimentation as it allows for much faster training performance, but remember to turn it on and retrain one last time before production with ``secure_mode`` turned on.
[36m(ClientAppActor pid=19080)[0m   warnings.warn(
[36m(ClientAppActor pid=19080)[0m             This is a deprecated feature. It will be removed[32m [repeated 2x across cluster][0m
[36m(ClientAppActor pid=19080)[0m             entirely in future versions of Flower.[32m [repeated 2x across cluster][0m
[36m(ClientAppActor pid=19080)[0m Train Epoch: 1 	Loss: 1.805294	Accuracy: 59.71%
[36m(ClientAppActor pid=19080)[0m [Client 4] Opacus Accountant Epsilon: 1.2736
[36m(ClientAppActor pid=19080)[0m [93mWARNING [0m:   DEPRECATED FEATURE: `client_fn` now expects a signature `def client_fn(context: Context)`.The provided `client_fn` has signature: {'cid': <Parameter "cid: str">}. You can import the `Context` like this: `from flwr.app import Context`
[36m(ClientAppActor pid=19080)[0m 
[36m(ClientAppActor pid=19080)[0m         
[36m(ClientAppActor pid=19080)[0m 09/07/2026 19:57:26:WARNING:DEPRECATED FEATURE: `client_fn` now expects a signature `def client_fn(context: Context)`.The provided `client_fn` has signature: {'cid': <Parameter "cid: str">}. You can import the `Context` like this: `from flwr.app import Context`
[36m(ClientAppActor pid=19080)[0m 
[36m(ClientAppActor pid=19080)[0m         
[36m(ClientAppActor pid=19080)[0m             This is a deprecated feature. It will be removed[32m [repeated 2x across cluster][0m
[36m(ClientAppActor pid=19080)[0m             entirely in future versions of Flower.[32m [repeated 2x across cluster][0m
[36m(ClientAppActor pid=19080)[0m [93mWARNING [0m:   Deprecation Warning: The `client_fn` function must return an instance of `Client`, but an instance of `NumpyClient` was returned. Please use `NumPyClient.to_client()` method to convert it to `Client`.
[36m(ClientAppActor pid=19080)[0m 09/07/2026 19:57:26:WARNING:Deprecation Warning: The `client_fn` function must return an instance of `Client`, but an instance of `NumpyClient` was returned. Please use `NumPyClient.to_client()` method to convert it to `Client`.
[36m(ClientAppActor pid=19080)[0m /usr/local/lib/python3.13/dist-packages/opacus/privacy_engine.py:98: UserWarning: Secure RNG turned off. This is perfectly fine for experimentation as it allows for much faster training performance, but remember to turn it on and retrain one last time before production with ``secure_mode`` turned on.
[36m(ClientAppActor pid=19080)[0m   warnings.warn(
[36m(ClientAppActor pid=19080)[0m Train Epoch: 1 	Loss: 1.415480	Accuracy: 69.19%[32m [repeated 2x across cluster][0m
[36m(ClientAppActor pid=19081)[0m [Client 3] Opacus Accountant Epsilon: 1.0763
[92mINFO [0m:      aggregate_fit: received 5 results and 0 failures
09/07/2026 19:57:51:INFO:aggregate_fit: received 5 results and 0 failures
[92mINFO [0m:      configure_evaluate: strategy sampled 5 clients (out of 5)
09/07/2026 19:57:51:INFO:configure_evaluate: strategy sampled 5 clients (out of 5)
[36m(ClientAppActor pid=19080)[0m [Client 1] Opacus Accountant Epsilon: 1.0264
[36m(ClientAppActor pid=19080)[0m [93mWARNING [0m:   DEPRECATED FEATURE: `client_fn` now expects a signature `def client_fn(context: Context)`.The provided `client_fn` has signature: {'cid': <Parameter "cid: str">}. You can import the `Context` like this: `from flwr.app import Context`
[36m(ClientAppActor pid=19080)[0m 
[36m(ClientAppActor pid=19080)[0m         
[36m(ClientAppActor pid=19080)[0m 09/07/2026 19:57:51:WARNING:DEPRECATED FEATURE: `client_fn` now expects a signature `def client_fn(context: Context)`.The provided `client_fn` has signature: {'cid': <Parameter "cid: str">}. You can import the `Context` like this: `from flwr.app import Context`
[36m(ClientAppActor pid=19080)[0m 
[36m(ClientAppActor pid=19080)[0m         
[36m(ClientAppActor pid=19080)[0m [93mWARNING [0m:   Deprecation Warning: The `client_fn` function must return an instance of `Client`, but an instance of `NumpyClient` was returned. Please use `NumPyClient.to_client()` method to convert it to `Client`.
[36m(ClientAppActor pid=19080)[0m 09/07/2026 19:57:51:WARNING:Deprecation Warning: The `client_fn` function must return an instance of `Client`, but an instance of `NumpyClient` was returned. Please use `NumPyClient.to_client()` method to convert it to `Client`.
[36m(ClientAppActor pid=19080)[0m             This is a deprecated feature. It will be removed[32m [repeated 2x across cluster][0m
[36m(ClientAppActor pid=19080)[0m             entirely in future versions of Flower.[32m [repeated 2x across cluster][0m
[36m(ClientAppActor pid=19081)[0m [93mWARNING [0m:   DEPRECATED FEATURE: `client_fn` now expects a signature `def client_fn(context: Context)`.The provided `client_fn` has signature: {'cid': <Parameter "cid: str">}. You can import the `Context` like this: `from flwr.app import Context`
[36m(ClientAppActor pid=19081)[0m 
[36m(ClientAppActor pid=19081)[0m         
[36m(ClientAppActor pid=19081)[0m 09/07/2026 19:57:51:WARNING:DEPRECATED FEATURE: `client_fn` now expects a signature `def client_fn(context: Context)`.The provided `client_fn` has signature: {'cid': <Parameter "cid: str">}. You can import the `Context` like this: `from flwr.app import Context`
[36m(ClientAppActor pid=19081)[0m 
[36m(ClientAppActor pid=19081)[0m         
[36m(ClientAppActor pid=19081)[0m [93mWARNING [0m:   Deprecation Warning: The `client_fn` function must return an instance of `Client`, but an instance of `NumpyClient` was returned. Please use `NumPyClient.to_client()` method to convert it to `Client`.
[36m(ClientAppActor pid=19081)[0m 09/07/2026 19:57:51:WARNING:Deprecation Warning: The `client_fn` function must return an instance of `Client`, but an instance of `NumpyClient` was returned. Please use `NumPyClient.to_client()` method to convert it to `Client`.
[36m(ClientAppActor pid=19081)[0m Test set: Average loss: 2.1549, Accuracy: 2092/10000 (20.92%)
[36m(ClientAppActor pid=19081)[0m [93mWARNING [0m:   DEPRECATED FEATURE: `client_fn` now expects a signature `def client_fn(context: Context)`.The provided `client_fn` has signature: {'cid': <Parameter "cid: str">}. You can import the `Context` like this: `from flwr.app import Context`
[36m(ClientAppActor pid=19081)[0m 
[36m(ClientAppActor pid=19081)[0m         
[36m(ClientAppActor pid=19081)[0m 09/07/2026 19:58:00:WARNING:DEPRECATED FEATURE: `client_fn` now expects a signature `def client_fn(context: Context)`.The provided `client_fn` has signature: {'cid': <Parameter "cid: str">}. You can import the `Context` like this: `from flwr.app import Context`
[36m(ClientAppActor pid=19081)[0m 
[36m(ClientAppActor pid=19081)[0m         
[36m(ClientAppActor pid=19081)[0m [93mWARNING [0m:   Deprecation Warning: The `client_fn` function must return an instance of `Client`, but an instance of `NumpyClient` was returned. Please use `NumPyClient.to_client()` method to convert it to `Client`.
[36m(ClientAppActor pid=19081)[0m 09/07/2026 19:58:00:WARNING:Deprecation Warning: The `client_fn` function must return an instance of `Client`, but an instance of `NumpyClient` was returned. Please use `NumPyClient.to_client()` method to convert it to `Client`.
[36m(ClientAppActor pid=19081)[0m             This is a deprecated feature. It will be removed[32m [repeated 4x across cluster][0m
[36m(ClientAppActor pid=19081)[0m             entirely in future versions of Flower.[32m [repeated 4x across cluster][0m
[36m(ClientAppActor pid=19080)[0m [93mWARNING [0m:   DEPRECATED FEATURE: `client_fn` now expects a signature `def client_fn(context: Context)`.The provided `client_fn` has signature: {'cid': <Parameter "cid: str">}. You can import the `Context` like this: `from flwr.app import Context`
[36m(ClientAppActor pid=19080)[0m 
[36m(ClientAppActor pid=19080)[0m         
[36m(ClientAppActor pid=19080)[0m 09/07/2026 19:58:00:WARNING:DEPRECATED FEATURE: `client_fn` now expects a signature `def client_fn(context: Context)`.The provided `client_fn` has signature: {'cid': <Parameter "cid: str">}. You can import the `Context` like this: `from flwr.app import Context`
[36m(ClientAppActor pid=19080)[0m 
[36m(ClientAppActor pid=19080)[0m         
[36m(ClientAppActor pid=19080)[0m [93mWARNING [0m:   Deprecation Warning: The `client_fn` function must return an instance of `Client`, but an instance of `NumpyClient` was returned. Please use `NumPyClient.to_client()` method to convert it to `Client`.
[36m(ClientAppActor pid=19080)[0m 09/07/2026 19:58:00:WARNING:Deprecation Warning: The `client_fn` function must return an instance of `Client`, but an instance of `NumpyClient` was returned. Please use `NumPyClient.to_client()` method to convert it to `Client`.
[36m(ClientAppActor pid=19081)[0m Test set: Average loss: 2.1549, Accuracy: 2092/10000 (20.92%)[32m [repeated 2x across cluster][0m
[36m(ClientAppActor pid=19081)[0m 
[36m(ClientAppActor pid=19081)[0m         
[36m(ClientAppActor pid=19081)[0m 
[36m(ClientAppActor pid=19081)[0m         
[36m(ClientAppActor pid=19081)[0m             This is a deprecated feature. It will be removed[32m [repeated 4x across cluster][0m
[36m(ClientAppActor pid=19081)[0m             entirely in future versions of Flower.[32m [repeated 4x across cluster][0m
[36m(ClientAppActor pid=19081)[0m [93mWARNING [0m:   DEPRECATED FEATURE: `client_fn` now expects a signature `def client_fn(context: Context)`.The provided `client_fn` has signature: {'cid': <Parameter "cid: str">}. You can import the `Context` like this: `from flwr.app import Context`
[36m(ClientAppActor pid=19081)[0m 09/07/2026 19:58:11:WARNING:DEPRECATED FEATURE: `client_fn` now expects a signature `def client_fn(context: Context)`.The provided `client_fn` has signature: {'cid': <Parameter "cid: str">}. You can import the `Context` like this: `from flwr.app import Context`
[36m(ClientAppActor pid=19081)[0m [93mWARNING [0m:   Deprecation Warning: The `client_fn` function must return an instance of `Client`, but an instance of `NumpyClient` was returned. Please use `NumPyClient.to_client()` method to convert it to `Client`.
[36m(ClientAppActor pid=19081)[0m 09/07/2026 19:58:11:WARNING:Deprecation Warning: The `client_fn` function must return an instance of `Client`, but an instance of `NumpyClient` was returned. Please use `NumPyClient.to_client()` method to convert it to `Client`.
[92mINFO [0m:      aggregate_evaluate: received 5 results and 0 failures
09/07/2026 19:58:17:INFO:aggregate_evaluate: received 5 results and 0 failures
[92mINFO [0m:      
09/07/2026 19:58:17:INFO:
[92mINFO [0m:      [SUMMARY]
09/07/2026 19:58:17:INFO:[SUMMARY]
[92mINFO [0m:      Run finished 3 round(s) in 367.46s
09/07/2026 19:58:17:INFO:Run finished 3 round(s) in 367.46s
[92mINFO [0m:      	History (loss, distributed):
09/07/2026 19:58:17:INFO:	History (loss, distributed):
[92mINFO [0m:      		round 1: 2.258826062937451
09/07/2026 19:58:17:INFO:		round 1: 2.258826062937451
[92mINFO [0m:      		round 2: 2.2012308949877504
09/07/2026 19:58:17:INFO:		round 2: 2.2012308949877504
[92mINFO [0m:      		round 3: 2.154859568662704
09/07/2026 19:58:17:INFO:		round 3: 2.154859568662704
[92mINFO [0m:      	History (metrics, distributed, fit):
09/07/2026 19:58:17:INFO:	History (metrics, distributed, fit):
[92mINFO [0m:      	{'client_stats': [(1,
09/07/2026 19:58:17:INFO:	{'client_stats': [(1,
[92mINFO [0m:      	                   '[{"client_id": "2", "sample_rate": 0.0053475935828877, '
09/07/2026 19:58:17:INFO:	                   '[{"client_id": "2", "sample_rate": 0.0053475935828877, '
[92mINFO [0m:      	                   '"dp_steps": 187, "sigma": 1.0, "C": 0.1}, {"client_id": '
09/07/2026 19:58:17:INFO:	                   '"dp_steps": 187, "sigma": 1.0, "C": 0.1}, {"client_id": '
[92mINFO [0m:      	                   '"0", "sample_rate": 0.0049261083743842365, "dp_steps": '
09/07/2026 19:58:17:INFO:	                   '"0", "sample_rate": 0.0049261083743842365, "dp_steps": '
[92mINFO [0m:      	                   '203, "sigma": 1.0, "C": 0.1}, {"client_id": "4", '
09/07/2026 19:58:17:INFO:	                   '203, "sigma": 1.0, "C": 0.1}, {"client_id": "4", '
[92mINFO [0m:      	                   '"sample_rate": 0.011363636363636364, "dp_steps": 88, '
09/07/2026 19:58:17:INFO:	                   '"sample_rate": 0.011363636363636364, "dp_steps": 88, '
[92mINFO [0m:      	                   '"sigma": 1.0, "C": 0.1}, {"client_id": "3", "sample_rate": '
09/07/2026 19:58:17:INFO:	                   '"sigma": 1.0, "C": 0.1}, {"client_id": "3", "sample_rate": '
[92mINFO [0m:      	                   '0.007042253521126761, "dp_steps": 142, "sigma": 1.0, "C": '
09/07/2026 19:58:17:INFO:	                   '0.007042253521126761, "dp_steps": 142, "sigma": 1.0, "C": '
[92mINFO [0m:      	                   '0.1}, {"client_id": "1", "sample_rate": '
09/07/2026 19:58:17:INFO:	                   '0.1}, {"client_id": "1", "sample_rate": '
[92mINFO [0m:      	                   '0.006060606060606061, "dp_steps": 165, "sigma": 1.0, "C": '
09/07/2026 19:58:17:INFO:	                   '0.006060606060606061, "dp_steps": 165, "sigma": 1.0, "C": '
[92mINFO [0m:      	                   '0.1}]'),
09/07/2026 19:58:17:INFO:	                   '0.1}]'),
[92mINFO [0m:      	                  (2,
09/07/2026 19:58:17:INFO:	                  (2,
[92mINFO [0m:      	                   '[{"client_id": "3", "sample_rate": 0.007042253521126761, '
09/07/2026 19:58:17:INFO:	                   '[{"client_id": "3", "sample_rate": 0.007042253521126761, '
[92mINFO [0m:      	                   '"dp_steps": 142, "sigma": 1.0, "C": 0.1}, {"client_id": '
09/07/2026 19:58:17:INFO:	                   '"dp_steps": 142, "sigma": 1.0, "C": 0.1}, {"client_id": '
[92mINFO [0m:      	                   '"1", "sample_rate": 0.006060606060606061, "dp_steps": 165, '
09/07/2026 19:58:17:INFO:	                   '"1", "sample_rate": 0.006060606060606061, "dp_steps": 165, '
[92mINFO [0m:      	                   '"sigma": 1.0, "C": 0.1}, {"client_id": "0", "sample_rate": '
09/07/2026 19:58:17:INFO:	                   '"sigma": 1.0, "C": 0.1}, {"client_id": "0", "sample_rate": '
[92mINFO [0m:      	                   '0.0049261083743842365, "dp_steps": 203, "sigma": 1.0, "C": '
09/07/2026 19:58:17:INFO:	                   '0.0049261083743842365, "dp_steps": 203, "sigma": 1.0, "C": '
[92mINFO [0m:      	                   '0.1}, {"client_id": "4", "sample_rate": '
09/07/2026 19:58:17:INFO:	                   '0.1}, {"client_id": "4", "sample_rate": '
[92mINFO [0m:      	                   '0.011363636363636364, "dp_steps": 88, "sigma": 1.0, "C": '
09/07/2026 19:58:17:INFO:	                   '0.011363636363636364, "dp_steps": 88, "sigma": 1.0, "C": '
[92mINFO [0m:      	                   '0.1}, {"client_id": "2", "sample_rate": '
09/07/2026 19:58:17:INFO:	                   '0.1}, {"client_id": "2", "sample_rate": '
[92mINFO [0m:      	                   '0.0053475935828877, "dp_steps": 187, "sigma": 1.0, "C": '
09/07/2026 19:58:17:INFO:	                   '0.0053475935828877, "dp_steps": 187, "sigma": 1.0, "C": '
[92mINFO [0m:      	                   '0.1}]'),
09/07/2026 19:58:17:INFO:	                   '0.1}]'),
[92mINFO [0m:      	                  (3,
09/07/2026 19:58:17:INFO:	                  (3,
[92mINFO [0m:      	                   '[{"client_id": "4", "sample_rate": 0.011363636363636364, '
09/07/2026 19:58:17:INFO:	                   '[{"client_id": "4", "sample_rate": 0.011363636363636364, '
[92mINFO [0m:      	                   '"dp_steps": 88, "sigma": 1.0, "C": 0.1}, {"client_id": '
09/07/2026 19:58:17:INFO:	                   '"dp_steps": 88, "sigma": 1.0, "C": 0.1}, {"client_id": '
[92mINFO [0m:      	                   '"3", "sample_rate": 0.007042253521126761, "dp_steps": 142, '
09/07/2026 19:58:17:INFO:	                   '"3", "sample_rate": 0.007042253521126761, "dp_steps": 142, '
[92mINFO [0m:      	                   '"sigma": 1.0, "C": 0.1}, {"client_id": "1", "sample_rate": '
09/07/2026 19:58:17:INFO:	                   '"sigma": 1.0, "C": 0.1}, {"client_id": "1", "sample_rate": '
[92mINFO [0m:      	                   '0.006060606060606061, "dp_steps": 165, "sigma": 1.0, "C": '
09/07/2026 19:58:17:INFO:	                   '0.006060606060606061, "dp_steps": 165, "sigma": 1.0, "C": '
[92mINFO [0m:      	                   '0.1}, {"client_id": "2", "sample_rate": '
09/07/2026 19:58:17:INFO:	                   '0.1}, {"client_id": "2", "sample_rate": '
[92mINFO [0m:      	                   '0.0053475935828877, "dp_steps": 187, "sigma": 1.0, "C": '
09/07/2026 19:58:17:INFO:	                   '0.0053475935828877, "dp_steps": 187, "sigma": 1.0, "C": '
[92mINFO [0m:      	                   '0.1}, {"client_id": "0", "sample_rate": '
09/07/2026 19:58:17:INFO:	                   '0.1}, {"client_id": "0", "sample_rate": '
[92mINFO [0m:      	                   '0.0049261083743842365, "dp_steps": 203, "sigma": 1.0, "C": '
09/07/2026 19:58:17:INFO:	                   '0.0049261083743842365, "dp_steps": 203, "sigma": 1.0, "C": '
[92mINFO [0m:      	                   '0.1}]')]}
09/07/2026 19:58:17:INFO:	                   '0.1}]')]}
[92mINFO [0m:      	History (metrics, distributed, evaluate):
09/07/2026 19:58:17:INFO:	History (metrics, distributed, evaluate):
[92mINFO [0m:      	{'accuracy': [(1, 15.58), (2, 18.79), (3, 20.92)]}
09/07/2026 19:58:17:INFO:	{'accuracy': [(1, 15.58), (2, 18.79), (3, 20.92)]}
[92mINFO [0m:      
09/07/2026 19:58:17:INFO:
[36m(ClientAppActor pid=19081)[0m Test set: Average loss: 2.1549, Accuracy: 2092/10000 (20.92%)[32m [repeated 2x across cluster][0m

--- DP-SGD FINAL RESULTS ---
sigma=1.0, C=0.1
Privacy Guarantee: epsilon=1.5394 (delta=1e-5, alpha=8.2)
Final Aggregated Accuracy: 20.92%
Runtime: 404.06 seconds
Results saved to results/stage5/per_run/sigma_1.0_C_0.1
Running Federation on FULL CIFAR-10, clients: 5, alpha: 0.1
CUDA Available: True
Selected Device: cuda
GPU Name: Tesla T4
PyTorch Version: 2.13.0+cu130
Opacus Version: 1.6.0
Flower Version: 1.35.0
2026-09-07 19:58:40.784935: I tensorflow/core/platform/cpu_feature_guard.cc:210] This TensorFlow binary is optimized to use available CPU instructions in performance-critical operations.
To enable the following instructions: AVX2 AVX512F FMA, in other operations, rebuild TensorFlow with the appropriate compiler flags.
[93mWARNING [0m:   DEPRECATED FEATURE: flwr.simulation.start_simulation() is deprecated.
	Instead, use the `flwr run` CLI command to start a local simulation in your Flower app, as shown for example below:

		$ flwr new  # Create a new Flower app from a template

		$ flwr run  # Run the Flower app in Simulation Mode

	Using `start_simulation()` is deprecated.

            This is a deprecated feature. It will be removed
            entirely in future versions of Flower.
        
09/07/2026 19:58:44:WARNING:DEPRECATED FEATURE: flwr.simulation.start_simulation() is deprecated.
	Instead, use the `flwr run` CLI command to start a local simulation in your Flower app, as shown for example below:

		$ flwr new  # Create a new Flower app from a template

		$ flwr run  # Run the Flower app in Simulation Mode

	Using `start_simulation()` is deprecated.

            This is a deprecated feature. It will be removed
            entirely in future versions of Flower.
        
[92mINFO [0m:      Starting Flower simulation, config: num_rounds=3, no round_timeout
09/07/2026 19:58:44:INFO:Starting Flower simulation, config: num_rounds=3, no round_timeout
2026-09-07 19:58:55,215	INFO worker.py:2012 -- Started a local Ray instance.
/usr/local/lib/python3.13/dist-packages/ray/_private/worker.py:2051: FutureWarning: Tip: In future versions of Ray, Ray will no longer override accelerator visible devices env var if num_gpus=0 or num_gpus=None (default). To enable this behavior and turn off this error message, set RAY_ACCEL_ENV_VAR_OVERRIDE_ON_ZERO=0
  warnings.warn(
[92mINFO [0m:      Flower VCE: Ray initialized with resources: {'GPU': 1.0, 'node:172.28.0.12': 1.0, 'accelerator_type:T4': 1.0, 'memory': 9221457101.0, 'CPU': 2.0, 'node:__internal_head__': 1.0, 'object_store_memory': 3952053043.0}
09/07/2026 19:58:58:INFO:Flower VCE: Ray initialized with resources: {'GPU': 1.0, 'node:172.28.0.12': 1.0, 'accelerator_type:T4': 1.0, 'memory': 9221457101.0, 'CPU': 2.0, 'node:__internal_head__': 1.0, 'object_store_memory': 3952053043.0}
[92mINFO [0m:      Optimize your simulation with Flower VCE: https://flower.ai/docs/framework/how-to-run-simulations.html
09/07/2026 19:58:58:INFO:Optimize your simulation with Flower VCE: https://flower.ai/docs/framework/how-to-run-simulations.html
[92mINFO [0m:      No `client_resources` specified. Using minimal resources for clients.
09/07/2026 19:58:58:INFO:No `client_resources` specified. Using minimal resources for clients.
[92mINFO [0m:      Flower VCE: Resources for each Virtual Client: {'num_cpus': 1, 'num_gpus': 0.0}
09/07/2026 19:58:58:INFO:Flower VCE: Resources for each Virtual Client: {'num_cpus': 1, 'num_gpus': 0.0}
[92mINFO [0m:      Flower VCE: Creating VirtualClientEngineActorPool with 2 actors
09/07/2026 19:58:58:INFO:Flower VCE: Creating VirtualClientEngineActorPool with 2 actors
[92mINFO [0m:      [INIT]
09/07/2026 19:58:58:INFO:[INIT]
[92mINFO [0m:      Requesting initial parameters from one random client
09/07/2026 19:58:58:INFO:Requesting initial parameters from one random client
[92mINFO [0m:      Received initial parameters from one random client
09/07/2026 19:59:13:INFO:Received initial parameters from one random client
[92mINFO [0m:      Starting evaluation of initial global parameters
09/07/2026 19:59:13:INFO:Starting evaluation of initial global parameters
[92mINFO [0m:      Evaluation returned no results (`None`)
09/07/2026 19:59:13:INFO:Evaluation returned no results (`None`)
[92mINFO [0m:      
09/07/2026 19:59:13:INFO:
[92mINFO [0m:      [ROUND 1]
09/07/2026 19:59:13:INFO:[ROUND 1]
[92mINFO [0m:      configure_fit: strategy sampled 5 clients (out of 5)
09/07/2026 19:59:13:INFO:configure_fit: strategy sampled 5 clients (out of 5)
[36m(ClientAppActor pid=21600)[0m [93mWARNING [0m:   DEPRECATED FEATURE: `client_fn` now expects a signature `def client_fn(context: Context)`.The provided `client_fn` has signature: {'cid': <Parameter "cid: str">}. You can import the `Context` like this: `from flwr.app import Context`
[36m(ClientAppActor pid=21600)[0m 
[36m(ClientAppActor pid=21600)[0m             This is a deprecated feature. It will be removed
[36m(ClientAppActor pid=21600)[0m             entirely in future versions of Flower.
[36m(ClientAppActor pid=21600)[0m         
[36m(ClientAppActor pid=21600)[0m [93mWARNING [0m:   Deprecation Warning: The `client_fn` function must return an instance of `Client`, but an instance of `NumpyClient` was returned. Please use `NumPyClient.to_client()` method to convert it to `Client`.
[36m(ClientAppActor pid=21600)[0m [93mWARNING [0m:   DEPRECATED FEATURE: `client_fn` now expects a signature `def client_fn(context: Context)`.The provided `client_fn` has signature: {'cid': <Parameter "cid: str">}. You can import the `Context` like this: `from flwr.app import Context`
[36m(ClientAppActor pid=21600)[0m 
[36m(ClientAppActor pid=21600)[0m             This is a deprecated feature. It will be removed
[36m(ClientAppActor pid=21600)[0m             entirely in future versions of Flower.
[36m(ClientAppActor pid=21600)[0m         
[36m(ClientAppActor pid=21600)[0m [93mWARNING [0m:   Deprecation Warning: The `client_fn` function must return an instance of `Client`, but an instance of `NumpyClient` was returned. Please use `NumPyClient.to_client()` method to convert it to `Client`.
[36m(ClientAppActor pid=21600)[0m /usr/local/lib/python3.13/dist-packages/opacus/privacy_engine.py:98: UserWarning: Secure RNG turned off. This is perfectly fine for experimentation as it allows for much faster training performance, but remember to turn it on and retrain one last time before production with ``secure_mode`` turned on.
[36m(ClientAppActor pid=21600)[0m   warnings.warn(
[36m(ClientAppActor pid=21601)[0m 
[36m(ClientAppActor pid=21601)[0m         
[36m(ClientAppActor pid=21601)[0m [93mWARNING [0m:   DEPRECATED FEATURE: `client_fn` now expects a signature `def client_fn(context: Context)`.The provided `client_fn` has signature: {'cid': <Parameter "cid: str">}. You can import the `Context` like this: `from flwr.app import Context`
[36m(ClientAppActor pid=21601)[0m             This is a deprecated feature. It will be removed
[36m(ClientAppActor pid=21601)[0m             entirely in future versions of Flower.
[36m(ClientAppActor pid=21601)[0m [93mWARNING [0m:   Deprecation Warning: The `client_fn` function must return an instance of `Client`, but an instance of `NumpyClient` was returned. Please use `NumPyClient.to_client()` method to convert it to `Client`.
[36m(ClientAppActor pid=21601)[0m /usr/local/lib/python3.13/dist-packages/opacus/privacy_engine.py:98: UserWarning: Secure RNG turned off. This is perfectly fine for experimentation as it allows for much faster training performance, but remember to turn it on and retrain one last time before production with ``secure_mode`` turned on.
[36m(ClientAppActor pid=21601)[0m   warnings.warn(
[36m(ClientAppActor pid=21600)[0m Train Epoch: 1 	Loss: 1.312294	Accuracy: 66.82%
[36m(ClientAppActor pid=21600)[0m [Client 4] Opacus Accountant Epsilon: 1.2736
[36m(ClientAppActor pid=21600)[0m [93mWARNING [0m:   DEPRECATED FEATURE: `client_fn` now expects a signature `def client_fn(context: Context)`.The provided `client_fn` has signature: {'cid': <Parameter "cid: str">}. You can import the `Context` like this: `from flwr.app import Context`
[36m(ClientAppActor pid=21600)[0m 
[36m(ClientAppActor pid=21600)[0m             This is a deprecated feature. It will be removed
[36m(ClientAppActor pid=21600)[0m             entirely in future versions of Flower.
[36m(ClientAppActor pid=21600)[0m         
[36m(ClientAppActor pid=21600)[0m 09/07/2026 19:59:33:WARNING:DEPRECATED FEATURE: `client_fn` now expects a signature `def client_fn(context: Context)`.The provided `client_fn` has signature: {'cid': <Parameter "cid: str">}. You can import the `Context` like this: `from flwr.app import Context`
[36m(ClientAppActor pid=21600)[0m 
[36m(ClientAppActor pid=21600)[0m             This is a deprecated feature. It will be removed
[36m(ClientAppActor pid=21600)[0m             entirely in future versions of Flower.
[36m(ClientAppActor pid=21600)[0m         
[36m(ClientAppActor pid=21600)[0m 09/07/2026 19:59:33:WARNING:Deprecation Warning: The `client_fn` function must return an instance of `Client`, but an instance of `NumpyClient` was returned. Please use `NumPyClient.to_client()` method to convert it to `Client`.
[36m(ClientAppActor pid=21600)[0m [93mWARNING [0m:   Deprecation Warning: The `client_fn` function must return an instance of `Client`, but an instance of `NumpyClient` was returned. Please use `NumPyClient.to_client()` method to convert it to `Client`.
[36m(ClientAppActor pid=21600)[0m /usr/local/lib/python3.13/dist-packages/opacus/privacy_engine.py:98: UserWarning: Secure RNG turned off. This is perfectly fine for experimentation as it allows for much faster training performance, but remember to turn it on and retrain one last time before production with ``secure_mode`` turned on.
[36m(ClientAppActor pid=21600)[0m   warnings.warn(
[36m(ClientAppActor pid=21601)[0m Train Epoch: 1 	Loss: 2.168166	Accuracy: 58.23%
[36m(ClientAppActor pid=21601)[0m [Client 3] Opacus Accountant Epsilon: 1.0763
[36m(ClientAppActor pid=21601)[0m 
[36m(ClientAppActor pid=21601)[0m         
[36m(ClientAppActor pid=21601)[0m 
[36m(ClientAppActor pid=21601)[0m         
[36m(ClientAppActor pid=21601)[0m [93mWARNING [0m:   Deprecation Warning: The `client_fn` function must return an instance of `Client`, but an instance of `NumpyClient` was returned. Please use `NumPyClient.to_client()` method to convert it to `Client`.
[36m(ClientAppActor pid=21601)[0m /usr/local/lib/python3.13/dist-packages/opacus/privacy_engine.py:98: UserWarning: Secure RNG turned off. This is perfectly fine for experimentation as it allows for much faster training performance, but remember to turn it on and retrain one last time before production with ``secure_mode`` turned on.
[36m(ClientAppActor pid=21601)[0m   warnings.warn(
[36m(ClientAppActor pid=21601)[0m [93mWARNING [0m:   DEPRECATED FEATURE: `client_fn` now expects a signature `def client_fn(context: Context)`.The provided `client_fn` has signature: {'cid': <Parameter "cid: str">}. You can import the `Context` like this: `from flwr.app import Context`
[36m(ClientAppActor pid=21601)[0m             This is a deprecated feature. It will be removed[32m [repeated 2x across cluster] (Ray deduplicates logs by default. Set RAY_DEDUP_LOGS=0 to disable log deduplication, or see https://docs.ray.io/en/master/ray-observability/user-guides/configure-logging.html#log-deduplication for more options.)[0m
[36m(ClientAppActor pid=21601)[0m             entirely in future versions of Flower.[32m [repeated 2x across cluster][0m
[36m(ClientAppActor pid=21601)[0m 09/07/2026 19:59:55:WARNING:DEPRECATED FEATURE: `client_fn` now expects a signature `def client_fn(context: Context)`.The provided `client_fn` has signature: {'cid': <Parameter "cid: str">}. You can import the `Context` like this: `from flwr.app import Context`
[36m(ClientAppActor pid=21601)[0m 09/07/2026 19:59:55:WARNING:Deprecation Warning: The `client_fn` function must return an instance of `Client`, but an instance of `NumpyClient` was returned. Please use `NumPyClient.to_client()` method to convert it to `Client`.
[36m(ClientAppActor pid=21600)[0m Train Epoch: 1 	Loss: 1.594038	Accuracy: 67.32%
[36m(ClientAppActor pid=21600)[0m [Client 1] Opacus Accountant Epsilon: 1.0264
[36m(ClientAppActor pid=21600)[0m [93mWARNING [0m:   DEPRECATED FEATURE: `client_fn` now expects a signature `def client_fn(context: Context)`.The provided `client_fn` has signature: {'cid': <Parameter "cid: str">}. You can import the `Context` like this: `from flwr.app import Context`
[36m(ClientAppActor pid=21600)[0m 
[36m(ClientAppActor pid=21600)[0m         
[36m(ClientAppActor pid=21600)[0m 09/07/2026 20:00:12:WARNING:DEPRECATED FEATURE: `client_fn` now expects a signature `def client_fn(context: Context)`.The provided `client_fn` has signature: {'cid': <Parameter "cid: str">}. You can import the `Context` like this: `from flwr.app import Context`
[36m(ClientAppActor pid=21600)[0m 
[36m(ClientAppActor pid=21600)[0m         
[36m(ClientAppActor pid=21600)[0m 09/07/2026 20:00:12:WARNING:Deprecation Warning: The `client_fn` function must return an instance of `Client`, but an instance of `NumpyClient` was returned. Please use `NumPyClient.to_client()` method to convert it to `Client`.
[36m(ClientAppActor pid=21600)[0m [93mWARNING [0m:   Deprecation Warning: The `client_fn` function must return an instance of `Client`, but an instance of `NumpyClient` was returned. Please use `NumPyClient.to_client()` method to convert it to `Client`.
[36m(ClientAppActor pid=21600)[0m /usr/local/lib/python3.13/dist-packages/opacus/privacy_engine.py:98: UserWarning: Secure RNG turned off. This is perfectly fine for experimentation as it allows for much faster training performance, but remember to turn it on and retrain one last time before production with ``secure_mode`` turned on.
[36m(ClientAppActor pid=21600)[0m   warnings.warn(
[36m(ClientAppActor pid=21600)[0m             This is a deprecated feature. It will be removed[32m [repeated 2x across cluster][0m
[36m(ClientAppActor pid=21600)[0m             entirely in future versions of Flower.[32m [repeated 2x across cluster][0m
[36m(ClientAppActor pid=21601)[0m Train Epoch: 1 	Loss: 1.605305	Accuracy: 50.67%
[36m(ClientAppActor pid=21601)[0m [Client 2] Opacus Accountant Epsilon: 0.9877
[92mINFO [0m:      aggregate_fit: received 5 results and 0 failures
09/07/2026 20:00:51:INFO:aggregate_fit: received 5 results and 0 failures
[92mINFO [0m:      configure_evaluate: strategy sampled 5 clients (out of 5)
09/07/2026 20:00:51:INFO:configure_evaluate: strategy sampled 5 clients (out of 5)
[36m(ClientAppActor pid=21600)[0m Train Epoch: 1 	Loss: 1.612152	Accuracy: 40.03%
[36m(ClientAppActor pid=21600)[0m [Client 0] Opacus Accountant Epsilon: 0.9646
[36m(ClientAppActor pid=21600)[0m [93mWARNING [0m:   DEPRECATED FEATURE: `client_fn` now expects a signature `def client_fn(context: Context)`.The provided `client_fn` has signature: {'cid': <Parameter "cid: str">}. You can import the `Context` like this: `from flwr.app import Context`
[36m(ClientAppActor pid=21600)[0m 
[36m(ClientAppActor pid=21600)[0m         
[36m(ClientAppActor pid=21600)[0m 09/07/2026 20:00:51:WARNING:DEPRECATED FEATURE: `client_fn` now expects a signature `def client_fn(context: Context)`.The provided `client_fn` has signature: {'cid': <Parameter "cid: str">}. You can import the `Context` like this: `from flwr.app import Context`
[36m(ClientAppActor pid=21600)[0m 
[36m(ClientAppActor pid=21600)[0m         
[36m(ClientAppActor pid=21600)[0m [93mWARNING [0m:   Deprecation Warning: The `client_fn` function must return an instance of `Client`, but an instance of `NumpyClient` was returned. Please use `NumPyClient.to_client()` method to convert it to `Client`.
[36m(ClientAppActor pid=21600)[0m 09/07/2026 20:00:51:WARNING:Deprecation Warning: The `client_fn` function must return an instance of `Client`, but an instance of `NumpyClient` was returned. Please use `NumPyClient.to_client()` method to convert it to `Client`.
[36m(ClientAppActor pid=21600)[0m             This is a deprecated feature. It will be removed[32m [repeated 2x across cluster][0m
[36m(ClientAppActor pid=21600)[0m             entirely in future versions of Flower.[32m [repeated 2x across cluster][0m
[36m(ClientAppActor pid=21601)[0m [93mWARNING [0m:   DEPRECATED FEATURE: `client_fn` now expects a signature `def client_fn(context: Context)`.The provided `client_fn` has signature: {'cid': <Parameter "cid: str">}. You can import the `Context` like this: `from flwr.app import Context`
[36m(ClientAppActor pid=21601)[0m 
[36m(ClientAppActor pid=21601)[0m         
[36m(ClientAppActor pid=21601)[0m 09/07/2026 20:00:51:WARNING:DEPRECATED FEATURE: `client_fn` now expects a signature `def client_fn(context: Context)`.The provided `client_fn` has signature: {'cid': <Parameter "cid: str">}. You can import the `Context` like this: `from flwr.app import Context`
[36m(ClientAppActor pid=21601)[0m 
[36m(ClientAppActor pid=21601)[0m         
[36m(ClientAppActor pid=21601)[0m 09/07/2026 20:00:51:WARNING:Deprecation Warning: The `client_fn` function must return an instance of `Client`, but an instance of `NumpyClient` was returned. Please use `NumPyClient.to_client()` method to convert it to `Client`.
[36m(ClientAppActor pid=21600)[0m Test set: Average loss: 2.3700, Accuracy: 1281/10000 (12.81%)
[36m(ClientAppActor pid=21600)[0m 
[36m(ClientAppActor pid=21600)[0m         
[36m(ClientAppActor pid=21600)[0m 
[36m(ClientAppActor pid=21600)[0m         
[36m(ClientAppActor pid=21600)[0m [93mWARNING [0m:   Deprecation Warning: The `client_fn` function must return an instance of `Client`, but an instance of `NumpyClient` was returned. Please use `NumPyClient.to_client()` method to convert it to `Client`.[32m [repeated 2x across cluster][0m
[36m(ClientAppActor pid=21600)[0m             This is a deprecated feature. It will be removed[32m [repeated 4x across cluster][0m
[36m(ClientAppActor pid=21600)[0m             entirely in future versions of Flower.[32m [repeated 4x across cluster][0m
[36m(ClientAppActor pid=21600)[0m [93mWARNING [0m:   DEPRECATED FEATURE: `client_fn` now expects a signature `def client_fn(context: Context)`.The provided `client_fn` has signature: {'cid': <Parameter "cid: str">}. You can import the `Context` like this: `from flwr.app import Context`
[36m(ClientAppActor pid=21600)[0m 09/07/2026 20:01:03:WARNING:DEPRECATED FEATURE: `client_fn` now expects a signature `def client_fn(context: Context)`.The provided `client_fn` has signature: {'cid': <Parameter "cid: str">}. You can import the `Context` like this: `from flwr.app import Context`
[36m(ClientAppActor pid=21600)[0m 09/07/2026 20:01:03:WARNING:Deprecation Warning: The `client_fn` function must return an instance of `Client`, but an instance of `NumpyClient` was returned. Please use `NumPyClient.to_client()` method to convert it to `Client`.
[36m(ClientAppActor pid=21601)[0m [93mWARNING [0m:   DEPRECATED FEATURE: `client_fn` now expects a signature `def client_fn(context: Context)`.The provided `client_fn` has signature: {'cid': <Parameter "cid: str">}. You can import the `Context` like this: `from flwr.app import Context`
[36m(ClientAppActor pid=21601)[0m 
[36m(ClientAppActor pid=21601)[0m         
[36m(ClientAppActor pid=21601)[0m 09/07/2026 20:01:03:WARNING:DEPRECATED FEATURE: `client_fn` now expects a signature `def client_fn(context: Context)`.The provided `client_fn` has signature: {'cid': <Parameter "cid: str">}. You can import the `Context` like this: `from flwr.app import Context`
[36m(ClientAppActor pid=21601)[0m 
[36m(ClientAppActor pid=21601)[0m         
[36m(ClientAppActor pid=21601)[0m 09/07/2026 20:01:03:WARNING:Deprecation Warning: The `client_fn` function must return an instance of `Client`, but an instance of `NumpyClient` was returned. Please use `NumPyClient.to_client()` method to convert it to `Client`.
[36m(ClientAppActor pid=21600)[0m Test set: Average loss: 2.3700, Accuracy: 1281/10000 (12.81%)[32m [repeated 2x across cluster][0m
[36m(ClientAppActor pid=21600)[0m 
[36m(ClientAppActor pid=21600)[0m         
[36m(ClientAppActor pid=21600)[0m 
[36m(ClientAppActor pid=21600)[0m         
[36m(ClientAppActor pid=21600)[0m [93mWARNING [0m:   Deprecation Warning: The `client_fn` function must return an instance of `Client`, but an instance of `NumpyClient` was returned. Please use `NumPyClient.to_client()` method to convert it to `Client`.[32m [repeated 2x across cluster][0m
[36m(ClientAppActor pid=21600)[0m             This is a deprecated feature. It will be removed[32m [repeated 4x across cluster][0m
[36m(ClientAppActor pid=21600)[0m             entirely in future versions of Flower.[32m [repeated 4x across cluster][0m
[36m(ClientAppActor pid=21600)[0m [93mWARNING [0m:   DEPRECATED FEATURE: `client_fn` now expects a signature `def client_fn(context: Context)`.The provided `client_fn` has signature: {'cid': <Parameter "cid: str">}. You can import the `Context` like this: `from flwr.app import Context`
[36m(ClientAppActor pid=21600)[0m 09/07/2026 20:01:14:WARNING:DEPRECATED FEATURE: `client_fn` now expects a signature `def client_fn(context: Context)`.The provided `client_fn` has signature: {'cid': <Parameter "cid: str">}. You can import the `Context` like this: `from flwr.app import Context`
[36m(ClientAppActor pid=21600)[0m 09/07/2026 20:01:14:WARNING:Deprecation Warning: The `client_fn` function must return an instance of `Client`, but an instance of `NumpyClient` was returned. Please use `NumPyClient.to_client()` method to convert it to `Client`.
[92mINFO [0m:      aggregate_evaluate: received 5 results and 0 failures
09/07/2026 20:01:20:INFO:aggregate_evaluate: received 5 results and 0 failures
[92mINFO [0m:      
09/07/2026 20:01:20:INFO:
[92mINFO [0m:      [ROUND 2]
09/07/2026 20:01:20:INFO:[ROUND 2]
[92mINFO [0m:      configure_fit: strategy sampled 5 clients (out of 5)
09/07/2026 20:01:20:INFO:configure_fit: strategy sampled 5 clients (out of 5)
[36m(ClientAppActor pid=21600)[0m Test set: Average loss: 2.3700, Accuracy: 1281/10000 (12.81%)[32m [repeated 2x across cluster][0m
[36m(ClientAppActor pid=21601)[0m [93mWARNING [0m:   DEPRECATED FEATURE: `client_fn` now expects a signature `def client_fn(context: Context)`.The provided `client_fn` has signature: {'cid': <Parameter "cid: str">}. You can import the `Context` like this: `from flwr.app import Context`
[36m(ClientAppActor pid=21601)[0m 
[36m(ClientAppActor pid=21601)[0m         
[36m(ClientAppActor pid=21601)[0m 09/07/2026 20:01:21:WARNING:DEPRECATED FEATURE: `client_fn` now expects a signature `def client_fn(context: Context)`.The provided `client_fn` has signature: {'cid': <Parameter "cid: str">}. You can import the `Context` like this: `from flwr.app import Context`
[36m(ClientAppActor pid=21601)[0m 
[36m(ClientAppActor pid=21601)[0m         
[36m(ClientAppActor pid=21601)[0m 09/07/2026 20:01:21:WARNING:Deprecation Warning: The `client_fn` function must return an instance of `Client`, but an instance of `NumpyClient` was returned. Please use `NumPyClient.to_client()` method to convert it to `Client`.
[36m(ClientAppActor pid=21601)[0m [93mWARNING [0m:   Deprecation Warning: The `client_fn` function must return an instance of `Client`, but an instance of `NumpyClient` was returned. Please use `NumPyClient.to_client()` method to convert it to `Client`.
[36m(ClientAppActor pid=21601)[0m             This is a deprecated feature. It will be removed[32m [repeated 2x across cluster][0m
[36m(ClientAppActor pid=21601)[0m             entirely in future versions of Flower.[32m [repeated 2x across cluster][0m
[36m(ClientAppActor pid=21600)[0m 
[36m(ClientAppActor pid=21600)[0m         
[36m(ClientAppActor pid=21600)[0m 
[36m(ClientAppActor pid=21600)[0m         
[36m(ClientAppActor pid=21600)[0m [93mWARNING [0m:   Deprecation Warning: The `client_fn` function must return an instance of `Client`, but an instance of `NumpyClient` was returned. Please use `NumPyClient.to_client()` method to convert it to `Client`.
[36m(ClientAppActor pid=21600)[0m /usr/local/lib/python3.13/dist-packages/opacus/privacy_engine.py:98: UserWarning: Secure RNG turned off. This is perfectly fine for experimentation as it allows for much faster training performance, but remember to turn it on and retrain one last time before production with ``secure_mode`` turned on.
[36m(ClientAppActor pid=21600)[0m   warnings.warn(
[36m(ClientAppActor pid=21601)[0m Train Epoch: 1 	Loss: 1.317729	Accuracy: 66.97%
[36m(ClientAppActor pid=21601)[0m [Client 4] Opacus Accountant Epsilon: 1.2736
[36m(ClientAppActor pid=21601)[0m 
[36m(ClientAppActor pid=21601)[0m         
[36m(ClientAppActor pid=21601)[0m 
[36m(ClientAppActor pid=21601)[0m         
[36m(ClientAppActor pid=21601)[0m [93mWARNING [0m:   DEPRECATED FEATURE: `client_fn` now expects a signature `def client_fn(context: Context)`.The provided `client_fn` has signature: {'cid': <Parameter "cid: str">}. You can import the `Context` like this: `from flwr.app import Context`[32m [repeated 2x across cluster][0m
[36m(ClientAppActor pid=21601)[0m 09/07/2026 20:01:40:WARNING:DEPRECATED FEATURE: `client_fn` now expects a signature `def client_fn(context: Context)`.The provided `client_fn` has signature: {'cid': <Parameter "cid: str">}. You can import the `Context` like this: `from flwr.app import Context`[32m [repeated 2x across cluster][0m
[36m(ClientAppActor pid=21601)[0m 09/07/2026 20:01:40:WARNING:Deprecation Warning: The `client_fn` function must return an instance of `Client`, but an instance of `NumpyClient` was returned. Please use `NumPyClient.to_client()` method to convert it to `Client`.[32m [repeated 2x across cluster][0m
[36m(ClientAppActor pid=21601)[0m             This is a deprecated feature. It will be removed[32m [repeated 4x across cluster][0m
[36m(ClientAppActor pid=21601)[0m             entirely in future versions of Flower.[32m [repeated 4x across cluster][0m
[36m(ClientAppActor pid=21601)[0m [93mWARNING [0m:   Deprecation Warning: The `client_fn` function must return an instance of `Client`, but an instance of `NumpyClient` was returned. Please use `NumPyClient.to_client()` method to convert it to `Client`.
[36m(ClientAppActor pid=21601)[0m /usr/local/lib/python3.13/dist-packages/opacus/privacy_engine.py:98: UserWarning: Secure RNG turned off. This is perfectly fine for experimentation as it allows for much faster training performance, but remember to turn it on and retrain one last time before production with ``secure_mode`` turned on.[32m [repeated 2x across cluster][0m
[36m(ClientAppActor pid=21601)[0m   warnings.warn([32m [repeated 2x across cluster][0m
[36m(ClientAppActor pid=21600)[0m Train Epoch: 1 	Loss: 2.094652	Accuracy: 60.86%
[36m(ClientAppActor pid=21600)[0m [Client 3] Opacus Accountant Epsilon: 1.0763
[36m(ClientAppActor pid=21600)[0m 
[36m(ClientAppActor pid=21600)[0m         
[36m(ClientAppActor pid=21600)[0m 
[36m(ClientAppActor pid=21600)[0m         
[36m(ClientAppActor pid=21600)[0m [93mWARNING [0m:   Deprecation Warning: The `client_fn` function must return an instance of `Client`, but an instance of `NumpyClient` was returned. Please use `NumPyClient.to_client()` method to convert it to `Client`.
[36m(ClientAppActor pid=21600)[0m [93mWARNING [0m:   DEPRECATED FEATURE: `client_fn` now expects a signature `def client_fn(context: Context)`.The provided `client_fn` has signature: {'cid': <Parameter "cid: str">}. You can import the `Context` like this: `from flwr.app import Context`
[36m(ClientAppActor pid=21600)[0m 09/07/2026 20:01:53:WARNING:DEPRECATED FEATURE: `client_fn` now expects a signature `def client_fn(context: Context)`.The provided `client_fn` has signature: {'cid': <Parameter "cid: str">}. You can import the `Context` like this: `from flwr.app import Context`
[36m(ClientAppActor pid=21600)[0m 09/07/2026 20:01:53:WARNING:Deprecation Warning: The `client_fn` function must return an instance of `Client`, but an instance of `NumpyClient` was returned. Please use `NumPyClient.to_client()` method to convert it to `Client`.
[36m(ClientAppActor pid=21600)[0m             This is a deprecated feature. It will be removed[32m [repeated 2x across cluster][0m
[36m(ClientAppActor pid=21600)[0m             entirely in future versions of Flower.[32m [repeated 2x across cluster][0m
[36m(ClientAppActor pid=21600)[0m /usr/local/lib/python3.13/dist-packages/opacus/privacy_engine.py:98: UserWarning: Secure RNG turned off. This is perfectly fine for experimentation as it allows for much faster training performance, but remember to turn it on and retrain one last time before production with ``secure_mode`` turned on.
[36m(ClientAppActor pid=21600)[0m   warnings.warn(
[36m(ClientAppActor pid=21601)[0m Train Epoch: 1 	Loss: 1.656533	Accuracy: 56.43%
[36m(ClientAppActor pid=21601)[0m [Client 2] Opacus Accountant Epsilon: 0.9877
[36m(ClientAppActor pid=21601)[0m [93mWARNING [0m:   DEPRECATED FEATURE: `client_fn` now expects a signature `def client_fn(context: Context)`.The provided `client_fn` has signature: {'cid': <Parameter "cid: str">}. You can import the `Context` like this: `from flwr.app import Context`
[36m(ClientAppActor pid=21601)[0m 
[36m(ClientAppActor pid=21601)[0m         
[36m(ClientAppActor pid=21601)[0m 09/07/2026 20:02:24:WARNING:DEPRECATED FEATURE: `client_fn` now expects a signature `def client_fn(context: Context)`.The provided `client_fn` has signature: {'cid': <Parameter "cid: str">}. You can import the `Context` like this: `from flwr.app import Context`
[36m(ClientAppActor pid=21601)[0m 
[36m(ClientAppActor pid=21601)[0m         
[36m(ClientAppActor pid=21601)[0m 09/07/2026 20:02:24:WARNING:Deprecation Warning: The `client_fn` function must return an instance of `Client`, but an instance of `NumpyClient` was returned. Please use `NumPyClient.to_client()` method to convert it to `Client`.
[36m(ClientAppActor pid=21601)[0m /usr/local/lib/python3.13/dist-packages/opacus/privacy_engine.py:98: UserWarning: Secure RNG turned off. This is perfectly fine for experimentation as it allows for much faster training performance, but remember to turn it on and retrain one last time before production with ``secure_mode`` turned on.
[36m(ClientAppActor pid=21601)[0m   warnings.warn(
[36m(ClientAppActor pid=21601)[0m [93mWARNING [0m:   Deprecation Warning: The `client_fn` function must return an instance of `Client`, but an instance of `NumpyClient` was returned. Please use `NumPyClient.to_client()` method to convert it to `Client`.
[36m(ClientAppActor pid=21601)[0m             This is a deprecated feature. It will be removed[32m [repeated 2x across cluster][0m
[36m(ClientAppActor pid=21601)[0m             entirely in future versions of Flower.[32m [repeated 2x across cluster][0m
[92mINFO [0m:      aggregate_fit: received 5 results and 0 failures
09/07/2026 20:02:54:INFO:aggregate_fit: received 5 results and 0 failures
[92mINFO [0m:      configure_evaluate: strategy sampled 5 clients (out of 5)
09/07/2026 20:02:54:INFO:configure_evaluate: strategy sampled 5 clients (out of 5)
[36m(ClientAppActor pid=21601)[0m Train Epoch: 1 	Loss: 1.667742	Accuracy: 42.02%[32m [repeated 2x across cluster][0m
[36m(ClientAppActor pid=21601)[0m [Client 0] Opacus Accountant Epsilon: 0.9646[32m [repeated 2x across cluster][0m
[36m(ClientAppActor pid=21601)[0m [93mWARNING [0m:   DEPRECATED FEATURE: `client_fn` now expects a signature `def client_fn(context: Context)`.The provided `client_fn` has signature: {'cid': <Parameter "cid: str">}. You can import the `Context` like this: `from flwr.app import Context`
[36m(ClientAppActor pid=21601)[0m 
[36m(ClientAppActor pid=21601)[0m         
[36m(ClientAppActor pid=21601)[0m 09/07/2026 20:02:54:WARNING:DEPRECATED FEATURE: `client_fn` now expects a signature `def client_fn(context: Context)`.The provided `client_fn` has signature: {'cid': <Parameter "cid: str">}. You can import the `Context` like this: `from flwr.app import Context`
[36m(ClientAppActor pid=21601)[0m 
[36m(ClientAppActor pid=21601)[0m         
[36m(ClientAppActor pid=21601)[0m [93mWARNING [0m:   Deprecation Warning: The `client_fn` function must return an instance of `Client`, but an instance of `NumpyClient` was returned. Please use `NumPyClient.to_client()` method to convert it to `Client`.
[36m(ClientAppActor pid=21601)[0m 09/07/2026 20:02:54:WARNING:Deprecation Warning: The `client_fn` function must return an instance of `Client`, but an instance of `NumpyClient` was returned. Please use `NumPyClient.to_client()` method to convert it to `Client`.
[36m(ClientAppActor pid=21601)[0m             This is a deprecated feature. It will be removed[32m [repeated 2x across cluster][0m
[36m(ClientAppActor pid=21601)[0m             entirely in future versions of Flower.[32m [repeated 2x across cluster][0m
[36m(ClientAppActor pid=21600)[0m [93mWARNING [0m:   DEPRECATED FEATURE: `client_fn` now expects a signature `def client_fn(context: Context)`.The provided `client_fn` has signature: {'cid': <Parameter "cid: str">}. You can import the `Context` like this: `from flwr.app import Context`
[36m(ClientAppActor pid=21600)[0m 
[36m(ClientAppActor pid=21600)[0m         
[36m(ClientAppActor pid=21600)[0m 09/07/2026 20:02:54:WARNING:DEPRECATED FEATURE: `client_fn` now expects a signature `def client_fn(context: Context)`.The provided `client_fn` has signature: {'cid': <Parameter "cid: str">}. You can import the `Context` like this: `from flwr.app import Context`
[36m(ClientAppActor pid=21600)[0m 
[36m(ClientAppActor pid=21600)[0m         
[36m(ClientAppActor pid=21600)[0m 09/07/2026 20:02:54:WARNING:Deprecation Warning: The `client_fn` function must return an instance of `Client`, but an instance of `NumpyClient` was returned. Please use `NumPyClient.to_client()` method to convert it to `Client`.
[36m(ClientAppActor pid=21600)[0m Test set: Average loss: 2.2911, Accuracy: 1814/10000 (18.14%)
[36m(ClientAppActor pid=21600)[0m [93mWARNING [0m:   DEPRECATED FEATURE: `client_fn` now expects a signature `def client_fn(context: Context)`.The provided `client_fn` has signature: {'cid': <Parameter "cid: str">}. You can import the `Context` like this: `from flwr.app import Context`
[36m(ClientAppActor pid=21600)[0m 
[36m(ClientAppActor pid=21600)[0m         
[36m(ClientAppActor pid=21600)[0m 09/07/2026 20:03:03:WARNING:DEPRECATED FEATURE: `client_fn` now expects a signature `def client_fn(context: Context)`.The provided `client_fn` has signature: {'cid': <Parameter "cid: str">}. You can import the `Context` like this: `from flwr.app import Context`
[36m(ClientAppActor pid=21600)[0m 
[36m(ClientAppActor pid=21600)[0m         
[36m(ClientAppActor pid=21600)[0m 09/07/2026 20:03:03:WARNING:Deprecation Warning: The `client_fn` function must return an instance of `Client`, but an instance of `NumpyClient` was returned. Please use `NumPyClient.to_client()` method to convert it to `Client`.
[36m(ClientAppActor pid=21600)[0m [93mWARNING [0m:   Deprecation Warning: The `client_fn` function must return an instance of `Client`, but an instance of `NumpyClient` was returned. Please use `NumPyClient.to_client()` method to convert it to `Client`.[32m [repeated 2x across cluster][0m
[36m(ClientAppActor pid=21600)[0m             This is a deprecated feature. It will be removed[32m [repeated 4x across cluster][0m
[36m(ClientAppActor pid=21600)[0m             entirely in future versions of Flower.[32m [repeated 4x across cluster][0m
[36m(ClientAppActor pid=21601)[0m [93mWARNING [0m:   DEPRECATED FEATURE: `client_fn` now expects a signature `def client_fn(context: Context)`.The provided `client_fn` has signature: {'cid': <Parameter "cid: str">}. You can import the `Context` like this: `from flwr.app import Context`
[36m(ClientAppActor pid=21601)[0m 
[36m(ClientAppActor pid=21601)[0m         
[36m(ClientAppActor pid=21601)[0m 09/07/2026 20:03:03:WARNING:DEPRECATED FEATURE: `client_fn` now expects a signature `def client_fn(context: Context)`.The provided `client_fn` has signature: {'cid': <Parameter "cid: str">}. You can import the `Context` like this: `from flwr.app import Context`
[36m(ClientAppActor pid=21601)[0m 
[36m(ClientAppActor pid=21601)[0m         
[36m(ClientAppActor pid=21601)[0m 09/07/2026 20:03:03:WARNING:Deprecation Warning: The `client_fn` function must return an instance of `Client`, but an instance of `NumpyClient` was returned. Please use `NumPyClient.to_client()` method to convert it to `Client`.
[36m(ClientAppActor pid=21600)[0m Test set: Average loss: 2.2911, Accuracy: 1814/10000 (18.14%)[32m [repeated 2x across cluster][0m
[36m(ClientAppActor pid=21600)[0m 
[36m(ClientAppActor pid=21600)[0m         
[36m(ClientAppActor pid=21600)[0m 
[36m(ClientAppActor pid=21600)[0m         
[36m(ClientAppActor pid=21600)[0m [93mWARNING [0m:   Deprecation Warning: The `client_fn` function must return an instance of `Client`, but an instance of `NumpyClient` was returned. Please use `NumPyClient.to_client()` method to convert it to `Client`.[32m [repeated 2x across cluster][0m
[36m(ClientAppActor pid=21600)[0m             This is a deprecated feature. It will be removed[32m [repeated 4x across cluster][0m
[36m(ClientAppActor pid=21600)[0m             entirely in future versions of Flower.[32m [repeated 4x across cluster][0m
[36m(ClientAppActor pid=21600)[0m [93mWARNING [0m:   DEPRECATED FEATURE: `client_fn` now expects a signature `def client_fn(context: Context)`.The provided `client_fn` has signature: {'cid': <Parameter "cid: str">}. You can import the `Context` like this: `from flwr.app import Context`
[36m(ClientAppActor pid=21600)[0m 09/07/2026 20:03:14:WARNING:DEPRECATED FEATURE: `client_fn` now expects a signature `def client_fn(context: Context)`.The provided `client_fn` has signature: {'cid': <Parameter "cid: str">}. You can import the `Context` like this: `from flwr.app import Context`
[36m(ClientAppActor pid=21600)[0m 09/07/2026 20:03:14:WARNING:Deprecation Warning: The `client_fn` function must return an instance of `Client`, but an instance of `NumpyClient` was returned. Please use `NumPyClient.to_client()` method to convert it to `Client`.
[92mINFO [0m:      aggregate_evaluate: received 5 results and 0 failures
09/07/2026 20:03:20:INFO:aggregate_evaluate: received 5 results and 0 failures
[92mINFO [0m:      
09/07/2026 20:03:20:INFO:
[92mINFO [0m:      [ROUND 3]
09/07/2026 20:03:20:INFO:[ROUND 3]
[92mINFO [0m:      configure_fit: strategy sampled 5 clients (out of 5)
09/07/2026 20:03:20:INFO:configure_fit: strategy sampled 5 clients (out of 5)
[36m(ClientAppActor pid=21600)[0m Test set: Average loss: 2.2911, Accuracy: 1814/10000 (18.14%)[32m [repeated 2x across cluster][0m
[36m(ClientAppActor pid=21601)[0m [93mWARNING [0m:   DEPRECATED FEATURE: `client_fn` now expects a signature `def client_fn(context: Context)`.The provided `client_fn` has signature: {'cid': <Parameter "cid: str">}. You can import the `Context` like this: `from flwr.app import Context`
[36m(ClientAppActor pid=21601)[0m 
[36m(ClientAppActor pid=21601)[0m         
[36m(ClientAppActor pid=21601)[0m 09/07/2026 20:03:20:WARNING:DEPRECATED FEATURE: `client_fn` now expects a signature `def client_fn(context: Context)`.The provided `client_fn` has signature: {'cid': <Parameter "cid: str">}. You can import the `Context` like this: `from flwr.app import Context`
[36m(ClientAppActor pid=21601)[0m 
[36m(ClientAppActor pid=21601)[0m         
[36m(ClientAppActor pid=21601)[0m 09/07/2026 20:03:20:WARNING:Deprecation Warning: The `client_fn` function must return an instance of `Client`, but an instance of `NumpyClient` was returned. Please use `NumPyClient.to_client()` method to convert it to `Client`.
[36m(ClientAppActor pid=21601)[0m /usr/local/lib/python3.13/dist-packages/opacus/privacy_engine.py:98: UserWarning: Secure RNG turned off. This is perfectly fine for experimentation as it allows for much faster training performance, but remember to turn it on and retrain one last time before production with ``secure_mode`` turned on.
[36m(ClientAppActor pid=21601)[0m   warnings.warn(
[36m(ClientAppActor pid=21601)[0m [93mWARNING [0m:   Deprecation Warning: The `client_fn` function must return an instance of `Client`, but an instance of `NumpyClient` was returned. Please use `NumPyClient.to_client()` method to convert it to `Client`.
[36m(ClientAppActor pid=21601)[0m             This is a deprecated feature. It will be removed[32m [repeated 2x across cluster][0m
[36m(ClientAppActor pid=21601)[0m             entirely in future versions of Flower.[32m [repeated 2x across cluster][0m
[36m(ClientAppActor pid=21600)[0m 
[36m(ClientAppActor pid=21600)[0m         
[36m(ClientAppActor pid=21600)[0m 
[36m(ClientAppActor pid=21600)[0m         
[36m(ClientAppActor pid=21600)[0m [93mWARNING [0m:   Deprecation Warning: The `client_fn` function must return an instance of `Client`, but an instance of `NumpyClient` was returned. Please use `NumPyClient.to_client()` method to convert it to `Client`.
[36m(ClientAppActor pid=21600)[0m Train Epoch: 1 	Loss: 2.109029	Accuracy: 63.84%
[36m(ClientAppActor pid=21600)[0m [Client 3] Opacus Accountant Epsilon: 1.0763
[36m(ClientAppActor pid=21600)[0m 
[36m(ClientAppActor pid=21600)[0m         
[36m(ClientAppActor pid=21600)[0m 
[36m(ClientAppActor pid=21600)[0m         
[36m(ClientAppActor pid=21600)[0m [93mWARNING [0m:   Deprecation Warning: The `client_fn` function must return an instance of `Client`, but an instance of `NumpyClient` was returned. Please use `NumPyClient.to_client()` method to convert it to `Client`.
[36m(ClientAppActor pid=21600)[0m [93mWARNING [0m:   DEPRECATED FEATURE: `client_fn` now expects a signature `def client_fn(context: Context)`.The provided `client_fn` has signature: {'cid': <Parameter "cid: str">}. You can import the `Context` like this: `from flwr.app import Context`[32m [repeated 2x across cluster][0m
[36m(ClientAppActor pid=21600)[0m 09/07/2026 20:03:53:WARNING:DEPRECATED FEATURE: `client_fn` now expects a signature `def client_fn(context: Context)`.The provided `client_fn` has signature: {'cid': <Parameter "cid: str">}. You can import the `Context` like this: `from flwr.app import Context`[32m [repeated 2x across cluster][0m
[36m(ClientAppActor pid=21600)[0m 09/07/2026 20:03:53:WARNING:Deprecation Warning: The `client_fn` function must return an instance of `Client`, but an instance of `NumpyClient` was returned. Please use `NumPyClient.to_client()` method to convert it to `Client`.[32m [repeated 2x across cluster][0m
[36m(ClientAppActor pid=21600)[0m /usr/local/lib/python3.13/dist-packages/opacus/privacy_engine.py:98: UserWarning: Secure RNG turned off. This is perfectly fine for experimentation as it allows for much faster training performance, but remember to turn it on and retrain one last time before production with ``secure_mode`` turned on.[32m [repeated 2x across cluster][0m
[36m(ClientAppActor pid=21600)[0m   warnings.warn([32m [repeated 2x across cluster][0m
[36m(ClientAppActor pid=21600)[0m             This is a deprecated feature. It will be removed[32m [repeated 4x across cluster][0m
[36m(ClientAppActor pid=21600)[0m             entirely in future versions of Flower.[32m [repeated 4x across cluster][0m
[36m(ClientAppActor pid=21601)[0m Train Epoch: 1 	Loss: 1.767190	Accuracy: 45.03%
[36m(ClientAppActor pid=21601)[0m [Client 0] Opacus Accountant Epsilon: 0.9646
[36m(ClientAppActor pid=21601)[0m 
[36m(ClientAppActor pid=21601)[0m         
[36m(ClientAppActor pid=21601)[0m 
[36m(ClientAppActor pid=21601)[0m         
[36m(ClientAppActor pid=21601)[0m [93mWARNING [0m:   Deprecation Warning: The `client_fn` function must return an instance of `Client`, but an instance of `NumpyClient` was returned. Please use `NumPyClient.to_client()` method to convert it to `Client`.
[36m(ClientAppActor pid=21601)[0m [93mWARNING [0m:   DEPRECATED FEATURE: `client_fn` now expects a signature `def client_fn(context: Context)`.The provided `client_fn` has signature: {'cid': <Parameter "cid: str">}. You can import the `Context` like this: `from flwr.app import Context`
[36m(ClientAppActor pid=21601)[0m 09/07/2026 20:04:07:WARNING:DEPRECATED FEATURE: `client_fn` now expects a signature `def client_fn(context: Context)`.The provided `client_fn` has signature: {'cid': <Parameter "cid: str">}. You can import the `Context` like this: `from flwr.app import Context`
[36m(ClientAppActor pid=21601)[0m 09/07/2026 20:04:07:WARNING:Deprecation Warning: The `client_fn` function must return an instance of `Client`, but an instance of `NumpyClient` was returned. Please use `NumPyClient.to_client()` method to convert it to `Client`.
[36m(ClientAppActor pid=21601)[0m /usr/local/lib/python3.13/dist-packages/opacus/privacy_engine.py:98: UserWarning: Secure RNG turned off. This is perfectly fine for experimentation as it allows for much faster training performance, but remember to turn it on and retrain one last time before production with ``secure_mode`` turned on.
[36m(ClientAppActor pid=21601)[0m   warnings.warn(
[36m(ClientAppActor pid=21601)[0m             This is a deprecated feature. It will be removed[32m [repeated 2x across cluster][0m
[36m(ClientAppActor pid=21601)[0m             entirely in future versions of Flower.[32m [repeated 2x across cluster][0m
[36m(ClientAppActor pid=21600)[0m Train Epoch: 1 	Loss: 1.608954	Accuracy: 71.35%
[36m(ClientAppActor pid=21600)[0m [Client 1] Opacus Accountant Epsilon: 1.0264
[36m(ClientAppActor pid=21600)[0m [93mWARNING [0m:   DEPRECATED FEATURE: `client_fn` now expects a signature `def client_fn(context: Context)`.The provided `client_fn` has signature: {'cid': <Parameter "cid: str">}. You can import the `Context` like this: `from flwr.app import Context`
[36m(ClientAppActor pid=21600)[0m 
[36m(ClientAppActor pid=21600)[0m         
[36m(ClientAppActor pid=21600)[0m 09/07/2026 20:04:32:WARNING:DEPRECATED FEATURE: `client_fn` now expects a signature `def client_fn(context: Context)`.The provided `client_fn` has signature: {'cid': <Parameter "cid: str">}. You can import the `Context` like this: `from flwr.app import Context`
[36m(ClientAppActor pid=21600)[0m 
[36m(ClientAppActor pid=21600)[0m         
[36m(ClientAppActor pid=21600)[0m 09/07/2026 20:04:32:WARNING:Deprecation Warning: The `client_fn` function must return an instance of `Client`, but an instance of `NumpyClient` was returned. Please use `NumPyClient.to_client()` method to convert it to `Client`.
[36m(ClientAppActor pid=21600)[0m /usr/local/lib/python3.13/dist-packages/opacus/privacy_engine.py:98: UserWarning: Secure RNG turned off. This is perfectly fine for experimentation as it allows for much faster training performance, but remember to turn it on and retrain one last time before production with ``secure_mode`` turned on.
[36m(ClientAppActor pid=21600)[0m   warnings.warn(
[36m(ClientAppActor pid=21600)[0m [93mWARNING [0m:   Deprecation Warning: The `client_fn` function must return an instance of `Client`, but an instance of `NumpyClient` was returned. Please use `NumPyClient.to_client()` method to convert it to `Client`.
[36m(ClientAppActor pid=21600)[0m             This is a deprecated feature. It will be removed[32m [repeated 2x across cluster][0m
[36m(ClientAppActor pid=21600)[0m             entirely in future versions of Flower.[32m [repeated 2x across cluster][0m
[36m(ClientAppActor pid=21600)[0m Train Epoch: 1 	Loss: 1.258063	Accuracy: 70.93%
[36m(ClientAppActor pid=21600)[0m [Client 4] Opacus Accountant Epsilon: 1.2736
[92mINFO [0m:      aggregate_fit: received 5 results and 0 failures
09/07/2026 20:04:52:INFO:aggregate_fit: received 5 results and 0 failures
[92mINFO [0m:      configure_evaluate: strategy sampled 5 clients (out of 5)
09/07/2026 20:04:52:INFO:configure_evaluate: strategy sampled 5 clients (out of 5)
[36m(ClientAppActor pid=21601)[0m Train Epoch: 1 	Loss: 1.723927	Accuracy: 57.97%
[36m(ClientAppActor pid=21601)[0m [Client 2] Opacus Accountant Epsilon: 0.9877
[36m(ClientAppActor pid=21601)[0m 
[36m(ClientAppActor pid=21601)[0m         
[36m(ClientAppActor pid=21601)[0m 
[36m(ClientAppActor pid=21601)[0m         
[36m(ClientAppActor pid=21601)[0m [93mWARNING [0m:   Deprecation Warning: The `client_fn` function must return an instance of `Client`, but an instance of `NumpyClient` was returned. Please use `NumPyClient.to_client()` method to convert it to `Client`.
[36m(ClientAppActor pid=21601)[0m [93mWARNING [0m:   DEPRECATED FEATURE: `client_fn` now expects a signature `def client_fn(context: Context)`.The provided `client_fn` has signature: {'cid': <Parameter "cid: str">}. You can import the `Context` like this: `from flwr.app import Context`
[36m(ClientAppActor pid=21601)[0m 09/07/2026 20:04:52:WARNING:DEPRECATED FEATURE: `client_fn` now expects a signature `def client_fn(context: Context)`.The provided `client_fn` has signature: {'cid': <Parameter "cid: str">}. You can import the `Context` like this: `from flwr.app import Context`
[36m(ClientAppActor pid=21601)[0m 09/07/2026 20:04:52:WARNING:Deprecation Warning: The `client_fn` function must return an instance of `Client`, but an instance of `NumpyClient` was returned. Please use `NumPyClient.to_client()` method to convert it to `Client`.
[36m(ClientAppActor pid=21601)[0m             This is a deprecated feature. It will be removed[32m [repeated 2x across cluster][0m
[36m(ClientAppActor pid=21601)[0m             entirely in future versions of Flower.[32m [repeated 2x across cluster][0m
[36m(ClientAppActor pid=21600)[0m [93mWARNING [0m:   DEPRECATED FEATURE: `client_fn` now expects a signature `def client_fn(context: Context)`.The provided `client_fn` has signature: {'cid': <Parameter "cid: str">}. You can import the `Context` like this: `from flwr.app import Context`
[36m(ClientAppActor pid=21600)[0m 
[36m(ClientAppActor pid=21600)[0m         
[36m(ClientAppActor pid=21600)[0m 09/07/2026 20:04:52:WARNING:DEPRECATED FEATURE: `client_fn` now expects a signature `def client_fn(context: Context)`.The provided `client_fn` has signature: {'cid': <Parameter "cid: str">}. You can import the `Context` like this: `from flwr.app import Context`
[36m(ClientAppActor pid=21600)[0m 
[36m(ClientAppActor pid=21600)[0m         
[36m(ClientAppActor pid=21600)[0m 09/07/2026 20:04:52:WARNING:Deprecation Warning: The `client_fn` function must return an instance of `Client`, but an instance of `NumpyClient` was returned. Please use `NumPyClient.to_client()` method to convert it to `Client`.
[36m(ClientAppActor pid=21600)[0m Test set: Average loss: 2.3590, Accuracy: 2174/10000 (21.74%)
[36m(ClientAppActor pid=21600)[0m [93mWARNING [0m:   DEPRECATED FEATURE: `client_fn` now expects a signature `def client_fn(context: Context)`.The provided `client_fn` has signature: {'cid': <Parameter "cid: str">}. You can import the `Context` like this: `from flwr.app import Context`
[36m(ClientAppActor pid=21600)[0m 
[36m(ClientAppActor pid=21600)[0m         
[36m(ClientAppActor pid=21600)[0m 09/07/2026 20:05:03:WARNING:DEPRECATED FEATURE: `client_fn` now expects a signature `def client_fn(context: Context)`.The provided `client_fn` has signature: {'cid': <Parameter "cid: str">}. You can import the `Context` like this: `from flwr.app import Context`
[36m(ClientAppActor pid=21600)[0m 
[36m(ClientAppActor pid=21600)[0m         
[36m(ClientAppActor pid=21600)[0m 09/07/2026 20:05:03:WARNING:Deprecation Warning: The `client_fn` function must return an instance of `Client`, but an instance of `NumpyClient` was returned. Please use `NumPyClient.to_client()` method to convert it to `Client`.
[36m(ClientAppActor pid=21600)[0m [93mWARNING [0m:   Deprecation Warning: The `client_fn` function must return an instance of `Client`, but an instance of `NumpyClient` was returned. Please use `NumPyClient.to_client()` method to convert it to `Client`.[32m [repeated 2x across cluster][0m
[36m(ClientAppActor pid=21600)[0m             This is a deprecated feature. It will be removed[32m [repeated 4x across cluster][0m
[36m(ClientAppActor pid=21600)[0m             entirely in future versions of Flower.[32m [repeated 4x across cluster][0m
[36m(ClientAppActor pid=21601)[0m [93mWARNING [0m:   DEPRECATED FEATURE: `client_fn` now expects a signature `def client_fn(context: Context)`.The provided `client_fn` has signature: {'cid': <Parameter "cid: str">}. You can import the `Context` like this: `from flwr.app import Context`
[36m(ClientAppActor pid=21601)[0m 
[36m(ClientAppActor pid=21601)[0m         
[36m(ClientAppActor pid=21601)[0m 09/07/2026 20:05:03:WARNING:DEPRECATED FEATURE: `client_fn` now expects a signature `def client_fn(context: Context)`.The provided `client_fn` has signature: {'cid': <Parameter "cid: str">}. You can import the `Context` like this: `from flwr.app import Context`
[36m(ClientAppActor pid=21601)[0m 
[36m(ClientAppActor pid=21601)[0m         
[36m(ClientAppActor pid=21601)[0m 09/07/2026 20:05:03:WARNING:Deprecation Warning: The `client_fn` function must return an instance of `Client`, but an instance of `NumpyClient` was returned. Please use `NumPyClient.to_client()` method to convert it to `Client`.
[36m(ClientAppActor pid=21601)[0m Test set: Average loss: 2.3590, Accuracy: 2174/10000 (21.74%)[32m [repeated 2x across cluster][0m
[36m(ClientAppActor pid=21600)[0m 
[36m(ClientAppActor pid=21600)[0m         
[36m(ClientAppActor pid=21600)[0m 
[36m(ClientAppActor pid=21600)[0m         
[36m(ClientAppActor pid=21600)[0m [93mWARNING [0m:   Deprecation Warning: The `client_fn` function must return an instance of `Client`, but an instance of `NumpyClient` was returned. Please use `NumPyClient.to_client()` method to convert it to `Client`.[32m [repeated 2x across cluster][0m
[36m(ClientAppActor pid=21600)[0m             This is a deprecated feature. It will be removed[32m [repeated 4x across cluster][0m
[36m(ClientAppActor pid=21600)[0m             entirely in future versions of Flower.[32m [repeated 4x across cluster][0m
[36m(ClientAppActor pid=21600)[0m [93mWARNING [0m:   DEPRECATED FEATURE: `client_fn` now expects a signature `def client_fn(context: Context)`.The provided `client_fn` has signature: {'cid': <Parameter "cid: str">}. You can import the `Context` like this: `from flwr.app import Context`
[36m(ClientAppActor pid=21600)[0m 09/07/2026 20:05:12:WARNING:DEPRECATED FEATURE: `client_fn` now expects a signature `def client_fn(context: Context)`.The provided `client_fn` has signature: {'cid': <Parameter "cid: str">}. You can import the `Context` like this: `from flwr.app import Context`
[36m(ClientAppActor pid=21600)[0m 09/07/2026 20:05:12:WARNING:Deprecation Warning: The `client_fn` function must return an instance of `Client`, but an instance of `NumpyClient` was returned. Please use `NumPyClient.to_client()` method to convert it to `Client`.
[92mINFO [0m:      aggregate_evaluate: received 5 results and 0 failures
09/07/2026 20:05:19:INFO:aggregate_evaluate: received 5 results and 0 failures
[92mINFO [0m:      
09/07/2026 20:05:19:INFO:
[92mINFO [0m:      [SUMMARY]
09/07/2026 20:05:19:INFO:[SUMMARY]
[92mINFO [0m:      Run finished 3 round(s) in 366.30s
09/07/2026 20:05:19:INFO:Run finished 3 round(s) in 366.30s
[92mINFO [0m:      	History (loss, distributed):
09/07/2026 20:05:19:INFO:	History (loss, distributed):
[92mINFO [0m:      		round 1: 2.3700297273648014
09/07/2026 20:05:19:INFO:		round 1: 2.3700297273648014
[92mINFO [0m:      		round 2: 2.2910916425619914
09/07/2026 20:05:19:INFO:		round 2: 2.2910916425619914
[92mINFO [0m:      		round 3: 2.3590153615186167
09/07/2026 20:05:19:INFO:		round 3: 2.3590153615186167
[92mINFO [0m:      	History (metrics, distributed, fit):
09/07/2026 20:05:19:INFO:	History (metrics, distributed, fit):
[92mINFO [0m:      	{'client_stats': [(1,
09/07/2026 20:05:19:INFO:	{'client_stats': [(1,
[92mINFO [0m:      	                   '[{"client_id": "4", "sample_rate": 0.011363636363636364, '
09/07/2026 20:05:19:INFO:	                   '[{"client_id": "4", "sample_rate": 0.011363636363636364, '
[92mINFO [0m:      	                   '"dp_steps": 88, "sigma": 1.0, "C": 1.0}, {"client_id": '
09/07/2026 20:05:19:INFO:	                   '"dp_steps": 88, "sigma": 1.0, "C": 1.0}, {"client_id": '
[92mINFO [0m:      	                   '"1", "sample_rate": 0.006060606060606061, "dp_steps": 165, '
09/07/2026 20:05:19:INFO:	                   '"1", "sample_rate": 0.006060606060606061, "dp_steps": 165, '
[92mINFO [0m:      	                   '"sigma": 1.0, "C": 1.0}, {"client_id": "0", "sample_rate": '
09/07/2026 20:05:19:INFO:	                   '"sigma": 1.0, "C": 1.0}, {"client_id": "0", "sample_rate": '
[92mINFO [0m:      	                   '0.0049261083743842365, "dp_steps": 203, "sigma": 1.0, "C": '
09/07/2026 20:05:19:INFO:	                   '0.0049261083743842365, "dp_steps": 203, "sigma": 1.0, "C": '
[92mINFO [0m:      	                   '1.0}, {"client_id": "3", "sample_rate": '
09/07/2026 20:05:19:INFO:	                   '1.0}, {"client_id": "3", "sample_rate": '
[92mINFO [0m:      	                   '0.007042253521126761, "dp_steps": 142, "sigma": 1.0, "C": '
09/07/2026 20:05:19:INFO:	                   '0.007042253521126761, "dp_steps": 142, "sigma": 1.0, "C": '
[92mINFO [0m:      	                   '1.0}, {"client_id": "2", "sample_rate": '
09/07/2026 20:05:19:INFO:	                   '1.0}, {"client_id": "2", "sample_rate": '
[92mINFO [0m:      	                   '0.0053475935828877, "dp_steps": 187, "sigma": 1.0, "C": '
09/07/2026 20:05:19:INFO:	                   '0.0053475935828877, "dp_steps": 187, "sigma": 1.0, "C": '
[92mINFO [0m:      	                   '1.0}]'),
09/07/2026 20:05:19:INFO:	                   '1.0}]'),
[92mINFO [0m:      	                  (2,
09/07/2026 20:05:19:INFO:	                  (2,
[92mINFO [0m:      	                   '[{"client_id": "3", "sample_rate": 0.007042253521126761, '
09/07/2026 20:05:19:INFO:	                   '[{"client_id": "3", "sample_rate": 0.007042253521126761, '
[92mINFO [0m:      	                   '"dp_steps": 142, "sigma": 1.0, "C": 1.0}, {"client_id": '
09/07/2026 20:05:19:INFO:	                   '"dp_steps": 142, "sigma": 1.0, "C": 1.0}, {"client_id": '
[92mINFO [0m:      	                   '"4", "sample_rate": 0.011363636363636364, "dp_steps": 88, '
09/07/2026 20:05:19:INFO:	                   '"4", "sample_rate": 0.011363636363636364, "dp_steps": 88, '
[92mINFO [0m:      	                   '"sigma": 1.0, "C": 1.0}, {"client_id": "1", "sample_rate": '
09/07/2026 20:05:19:INFO:	                   '"sigma": 1.0, "C": 1.0}, {"client_id": "1", "sample_rate": '
[92mINFO [0m:      	                   '0.006060606060606061, "dp_steps": 165, "sigma": 1.0, "C": '
09/07/2026 20:05:19:INFO:	                   '0.006060606060606061, "dp_steps": 165, "sigma": 1.0, "C": '
[92mINFO [0m:      	                   '1.0}, {"client_id": "0", "sample_rate": '
09/07/2026 20:05:19:INFO:	                   '1.0}, {"client_id": "0", "sample_rate": '
[92mINFO [0m:      	                   '0.0049261083743842365, "dp_steps": 203, "sigma": 1.0, "C": '
09/07/2026 20:05:19:INFO:	                   '0.0049261083743842365, "dp_steps": 203, "sigma": 1.0, "C": '
[92mINFO [0m:      	                   '1.0}, {"client_id": "2", "sample_rate": '
09/07/2026 20:05:19:INFO:	                   '1.0}, {"client_id": "2", "sample_rate": '
[92mINFO [0m:      	                   '0.0053475935828877, "dp_steps": 187, "sigma": 1.0, "C": '
09/07/2026 20:05:19:INFO:	                   '0.0053475935828877, "dp_steps": 187, "sigma": 1.0, "C": '
[92mINFO [0m:      	                   '1.0}]'),
09/07/2026 20:05:19:INFO:	                   '1.0}]'),
[92mINFO [0m:      	                  (3,
09/07/2026 20:05:19:INFO:	                  (3,
[92mINFO [0m:      	                   '[{"client_id": "4", "sample_rate": 0.011363636363636364, '
09/07/2026 20:05:19:INFO:	                   '[{"client_id": "4", "sample_rate": 0.011363636363636364, '
[92mINFO [0m:      	                   '"dp_steps": 88, "sigma": 1.0, "C": 1.0}, {"client_id": '
09/07/2026 20:05:19:INFO:	                   '"dp_steps": 88, "sigma": 1.0, "C": 1.0}, {"client_id": '
[92mINFO [0m:      	                   '"1", "sample_rate": 0.006060606060606061, "dp_steps": 165, '
09/07/2026 20:05:19:INFO:	                   '"1", "sample_rate": 0.006060606060606061, "dp_steps": 165, '
[92mINFO [0m:      	                   '"sigma": 1.0, "C": 1.0}, {"client_id": "2", "sample_rate": '
09/07/2026 20:05:19:INFO:	                   '"sigma": 1.0, "C": 1.0}, {"client_id": "2", "sample_rate": '
[92mINFO [0m:      	                   '0.0053475935828877, "dp_steps": 187, "sigma": 1.0, "C": '
09/07/2026 20:05:19:INFO:	                   '0.0053475935828877, "dp_steps": 187, "sigma": 1.0, "C": '
[92mINFO [0m:      	                   '1.0}, {"client_id": "3", "sample_rate": '
09/07/2026 20:05:19:INFO:	                   '1.0}, {"client_id": "3", "sample_rate": '
[92mINFO [0m:      	                   '0.007042253521126761, "dp_steps": 142, "sigma": 1.0, "C": '
09/07/2026 20:05:19:INFO:	                   '0.007042253521126761, "dp_steps": 142, "sigma": 1.0, "C": '
[92mINFO [0m:      	                   '1.0}, {"client_id": "0", "sample_rate": '
09/07/2026 20:05:19:INFO:	                   '1.0}, {"client_id": "0", "sample_rate": '
[92mINFO [0m:      	                   '0.0049261083743842365, "dp_steps": 203, "sigma": 1.0, "C": '
09/07/2026 20:05:19:INFO:	                   '0.0049261083743842365, "dp_steps": 203, "sigma": 1.0, "C": '
[92mINFO [0m:      	                   '1.0}]')]}
09/07/2026 20:05:19:INFO:	                   '1.0}]')]}
[92mINFO [0m:      	History (metrics, distributed, evaluate):
09/07/2026 20:05:19:INFO:	History (metrics, distributed, evaluate):
[92mINFO [0m:      	{'accuracy': [(1, 12.81), (2, 18.14), (3, 21.739999999999995)]}
09/07/2026 20:05:19:INFO:	{'accuracy': [(1, 12.81), (2, 18.14), (3, 21.739999999999995)]}
[92mINFO [0m:      
09/07/2026 20:05:19:INFO:
[36m(ClientAppActor pid=21600)[0m Test set: Average loss: 2.3590, Accuracy: 2174/10000 (21.74%)[32m [repeated 2x across cluster][0m

--- DP-SGD FINAL RESULTS ---
sigma=1.0, C=1.0
Privacy Guarantee: epsilon=1.5394 (delta=1e-5, alpha=8.2)
Final Aggregated Accuracy: 21.74%
Runtime: 401.53 seconds
Results saved to results/stage5/per_run/sigma_1.0_C_1.0
Running Federation on FULL CIFAR-10, clients: 5, alpha: 0.1
CUDA Available: True
Selected Device: cuda
GPU Name: Tesla T4
PyTorch Version: 2.13.0+cu130
Opacus Version: 1.6.0
Flower Version: 1.35.0
2026-09-07 20:05:43.413969: I tensorflow/core/platform/cpu_feature_guard.cc:210] This TensorFlow binary is optimized to use available CPU instructions in performance-critical operations.
To enable the following instructions: AVX2 AVX512F FMA, in other operations, rebuild TensorFlow with the appropriate compiler flags.
[93mWARNING [0m:   DEPRECATED FEATURE: flwr.simulation.start_simulation() is deprecated.
	Instead, use the `flwr run` CLI command to start a local simulation in your Flower app, as shown for example below:

		$ flwr new  # Create a new Flower app from a template

		$ flwr run  # Run the Flower app in Simulation Mode

	Using `start_simulation()` is deprecated.

            This is a deprecated feature. It will be removed
            entirely in future versions of Flower.
        
09/07/2026 20:05:47:WARNING:DEPRECATED FEATURE: flwr.simulation.start_simulation() is deprecated.
	Instead, use the `flwr run` CLI command to start a local simulation in your Flower app, as shown for example below:

		$ flwr new  # Create a new Flower app from a template

		$ flwr run  # Run the Flower app in Simulation Mode

	Using `start_simulation()` is deprecated.

            This is a deprecated feature. It will be removed
            entirely in future versions of Flower.
        
[92mINFO [0m:      Starting Flower simulation, config: num_rounds=3, no round_timeout
09/07/2026 20:05:47:INFO:Starting Flower simulation, config: num_rounds=3, no round_timeout
2026-09-07 20:05:56,995	INFO worker.py:2012 -- Started a local Ray instance.
/usr/local/lib/python3.13/dist-packages/ray/_private/worker.py:2051: FutureWarning: Tip: In future versions of Ray, Ray will no longer override accelerator visible devices env var if num_gpus=0 or num_gpus=None (default). To enable this behavior and turn off this error message, set RAY_ACCEL_ENV_VAR_OVERRIDE_ON_ZERO=0
  warnings.warn(
[92mINFO [0m:      Flower VCE: Ray initialized with resources: {'GPU': 1.0, 'node:__internal_head__': 1.0, 'CPU': 2.0, 'node:172.28.0.12': 1.0, 'memory': 9220181197.0, 'accelerator_type:T4': 1.0, 'object_store_memory': 3951506227.0}
09/07/2026 20:06:01:INFO:Flower VCE: Ray initialized with resources: {'GPU': 1.0, 'node:__internal_head__': 1.0, 'CPU': 2.0, 'node:172.28.0.12': 1.0, 'memory': 9220181197.0, 'accelerator_type:T4': 1.0, 'object_store_memory': 3951506227.0}
[92mINFO [0m:      Optimize your simulation with Flower VCE: https://flower.ai/docs/framework/how-to-run-simulations.html
09/07/2026 20:06:01:INFO:Optimize your simulation with Flower VCE: https://flower.ai/docs/framework/how-to-run-simulations.html
[92mINFO [0m:      No `client_resources` specified. Using minimal resources for clients.
09/07/2026 20:06:01:INFO:No `client_resources` specified. Using minimal resources for clients.
[92mINFO [0m:      Flower VCE: Resources for each Virtual Client: {'num_cpus': 1, 'num_gpus': 0.0}
09/07/2026 20:06:01:INFO:Flower VCE: Resources for each Virtual Client: {'num_cpus': 1, 'num_gpus': 0.0}
[92mINFO [0m:      Flower VCE: Creating VirtualClientEngineActorPool with 2 actors
09/07/2026 20:06:01:INFO:Flower VCE: Creating VirtualClientEngineActorPool with 2 actors
[92mINFO [0m:      [INIT]
09/07/2026 20:06:01:INFO:[INIT]
[92mINFO [0m:      Requesting initial parameters from one random client
09/07/2026 20:06:01:INFO:Requesting initial parameters from one random client
[36m(ClientAppActor pid=24142)[0m [93mWARNING [0m:   DEPRECATED FEATURE: `client_fn` now expects a signature `def client_fn(context: Context)`.The provided `client_fn` has signature: {'cid': <Parameter "cid: str">}. You can import the `Context` like this: `from flwr.app import Context`
[36m(ClientAppActor pid=24142)[0m 
[36m(ClientAppActor pid=24142)[0m             This is a deprecated feature. It will be removed
[36m(ClientAppActor pid=24142)[0m             entirely in future versions of Flower.
[36m(ClientAppActor pid=24142)[0m         
[92mINFO [0m:      Received initial parameters from one random client
09/07/2026 20:06:15:INFO:Received initial parameters from one random client
[92mINFO [0m:      Starting evaluation of initial global parameters
09/07/2026 20:06:15:INFO:Starting evaluation of initial global parameters
[92mINFO [0m:      Evaluation returned no results (`None`)
09/07/2026 20:06:15:INFO:Evaluation returned no results (`None`)
[92mINFO [0m:      
09/07/2026 20:06:15:INFO:
[92mINFO [0m:      [ROUND 1]
09/07/2026 20:06:15:INFO:[ROUND 1]
[92mINFO [0m:      configure_fit: strategy sampled 5 clients (out of 5)
09/07/2026 20:06:15:INFO:configure_fit: strategy sampled 5 clients (out of 5)
[36m(ClientAppActor pid=24142)[0m [93mWARNING [0m:   Deprecation Warning: The `client_fn` function must return an instance of `Client`, but an instance of `NumpyClient` was returned. Please use `NumPyClient.to_client()` method to convert it to `Client`.
[36m(ClientAppActor pid=24142)[0m [93mWARNING [0m:   DEPRECATED FEATURE: `client_fn` now expects a signature `def client_fn(context: Context)`.The provided `client_fn` has signature: {'cid': <Parameter "cid: str">}. You can import the `Context` like this: `from flwr.app import Context`
[36m(ClientAppActor pid=24142)[0m 
[36m(ClientAppActor pid=24142)[0m             This is a deprecated feature. It will be removed
[36m(ClientAppActor pid=24142)[0m             entirely in future versions of Flower.
[36m(ClientAppActor pid=24142)[0m         
[36m(ClientAppActor pid=24142)[0m [93mWARNING [0m:   Deprecation Warning: The `client_fn` function must return an instance of `Client`, but an instance of `NumpyClient` was returned. Please use `NumPyClient.to_client()` method to convert it to `Client`.
[36m(ClientAppActor pid=24142)[0m /usr/local/lib/python3.13/dist-packages/opacus/privacy_engine.py:98: UserWarning: Secure RNG turned off. This is perfectly fine for experimentation as it allows for much faster training performance, but remember to turn it on and retrain one last time before production with ``secure_mode`` turned on.
[36m(ClientAppActor pid=24142)[0m   warnings.warn(
[36m(ClientAppActor pid=24143)[0m 
[36m(ClientAppActor pid=24143)[0m         
[36m(ClientAppActor pid=24143)[0m [93mWARNING [0m:   DEPRECATED FEATURE: `client_fn` now expects a signature `def client_fn(context: Context)`.The provided `client_fn` has signature: {'cid': <Parameter "cid: str">}. You can import the `Context` like this: `from flwr.app import Context`
[36m(ClientAppActor pid=24143)[0m             This is a deprecated feature. It will be removed
[36m(ClientAppActor pid=24143)[0m             entirely in future versions of Flower.
[36m(ClientAppActor pid=24143)[0m [93mWARNING [0m:   Deprecation Warning: The `client_fn` function must return an instance of `Client`, but an instance of `NumpyClient` was returned. Please use `NumPyClient.to_client()` method to convert it to `Client`.
[36m(ClientAppActor pid=24143)[0m /usr/local/lib/python3.13/dist-packages/opacus/privacy_engine.py:98: UserWarning: Secure RNG turned off. This is perfectly fine for experimentation as it allows for much faster training performance, but remember to turn it on and retrain one last time before production with ``secure_mode`` turned on.
[36m(ClientAppActor pid=24143)[0m   warnings.warn(
[36m(ClientAppActor pid=24142)[0m Train Epoch: 1 	Loss: 1.866135	Accuracy: 60.67%
[36m(ClientAppActor pid=24142)[0m [Client 4] Opacus Accountant Epsilon: 0.4931
[36m(ClientAppActor pid=24142)[0m [93mWARNING [0m:   DEPRECATED FEATURE: `client_fn` now expects a signature `def client_fn(context: Context)`.The provided `client_fn` has signature: {'cid': <Parameter "cid: str">}. You can import the `Context` like this: `from flwr.app import Context`
[36m(ClientAppActor pid=24142)[0m 
[36m(ClientAppActor pid=24142)[0m             This is a deprecated feature. It will be removed
[36m(ClientAppActor pid=24142)[0m             entirely in future versions of Flower.
[36m(ClientAppActor pid=24142)[0m         
[36m(ClientAppActor pid=24142)[0m 09/07/2026 20:06:37:WARNING:DEPRECATED FEATURE: `client_fn` now expects a signature `def client_fn(context: Context)`.The provided `client_fn` has signature: {'cid': <Parameter "cid: str">}. You can import the `Context` like this: `from flwr.app import Context`
[36m(ClientAppActor pid=24142)[0m 
[36m(ClientAppActor pid=24142)[0m             This is a deprecated feature. It will be removed
[36m(ClientAppActor pid=24142)[0m             entirely in future versions of Flower.
[36m(ClientAppActor pid=24142)[0m         
[36m(ClientAppActor pid=24142)[0m [93mWARNING [0m:   Deprecation Warning: The `client_fn` function must return an instance of `Client`, but an instance of `NumpyClient` was returned. Please use `NumPyClient.to_client()` method to convert it to `Client`.
[36m(ClientAppActor pid=24142)[0m 09/07/2026 20:06:37:WARNING:Deprecation Warning: The `client_fn` function must return an instance of `Client`, but an instance of `NumpyClient` was returned. Please use `NumPyClient.to_client()` method to convert it to `Client`.
[36m(ClientAppActor pid=24142)[0m /usr/local/lib/python3.13/dist-packages/opacus/privacy_engine.py:98: UserWarning: Secure RNG turned off. This is perfectly fine for experimentation as it allows for much faster training performance, but remember to turn it on and retrain one last time before production with ``secure_mode`` turned on.
[36m(ClientAppActor pid=24142)[0m   warnings.warn(
[36m(ClientAppActor pid=24143)[0m Train Epoch: 1 	Loss: 1.404753	Accuracy: 37.11%
[36m(ClientAppActor pid=24143)[0m [Client 0] Opacus Accountant Epsilon: 0.3712
[36m(ClientAppActor pid=24143)[0m 
[36m(ClientAppActor pid=24143)[0m         
[36m(ClientAppActor pid=24143)[0m 
[36m(ClientAppActor pid=24143)[0m         
[36m(ClientAppActor pid=24143)[0m /usr/local/lib/python3.13/dist-packages/opacus/privacy_engine.py:98: UserWarning: Secure RNG turned off. This is perfectly fine for experimentation as it allows for much faster training performance, but remember to turn it on and retrain one last time before production with ``secure_mode`` turned on.
[36m(ClientAppActor pid=24143)[0m   warnings.warn(
[36m(ClientAppActor pid=24143)[0m [93mWARNING [0m:   DEPRECATED FEATURE: `client_fn` now expects a signature `def client_fn(context: Context)`.The provided `client_fn` has signature: {'cid': <Parameter "cid: str">}. You can import the `Context` like this: `from flwr.app import Context`
[36m(ClientAppActor pid=24143)[0m             This is a deprecated feature. It will be removed[32m [repeated 2x across cluster] (Ray deduplicates logs by default. Set RAY_DEDUP_LOGS=0 to disable log deduplication, or see https://docs.ray.io/en/master/ray-observability/user-guides/configure-logging.html#log-deduplication for more options.)[0m
[36m(ClientAppActor pid=24143)[0m             entirely in future versions of Flower.[32m [repeated 2x across cluster][0m
[36m(ClientAppActor pid=24143)[0m 09/07/2026 20:07:12:WARNING:DEPRECATED FEATURE: `client_fn` now expects a signature `def client_fn(context: Context)`.The provided `client_fn` has signature: {'cid': <Parameter "cid: str">}. You can import the `Context` like this: `from flwr.app import Context`
[36m(ClientAppActor pid=24143)[0m [93mWARNING [0m:   Deprecation Warning: The `client_fn` function must return an instance of `Client`, but an instance of `NumpyClient` was returned. Please use `NumPyClient.to_client()` method to convert it to `Client`.
[36m(ClientAppActor pid=24143)[0m 09/07/2026 20:07:12:WARNING:Deprecation Warning: The `client_fn` function must return an instance of `Client`, but an instance of `NumpyClient` was returned. Please use `NumPyClient.to_client()` method to convert it to `Client`.
[36m(ClientAppActor pid=24142)[0m Train Epoch: 1 	Loss: 1.343214	Accuracy: 38.21%
[36m(ClientAppActor pid=24142)[0m [93mWARNING [0m:   DEPRECATED FEATURE: `client_fn` now expects a signature `def client_fn(context: Context)`.The provided `client_fn` has signature: {'cid': <Parameter "cid: str">}. You can import the `Context` like this: `from flwr.app import Context`
[36m(ClientAppActor pid=24142)[0m 
[36m(ClientAppActor pid=24142)[0m         
[36m(ClientAppActor pid=24142)[0m 09/07/2026 20:07:16:WARNING:DEPRECATED FEATURE: `client_fn` now expects a signature `def client_fn(context: Context)`.The provided `client_fn` has signature: {'cid': <Parameter "cid: str">}. You can import the `Context` like this: `from flwr.app import Context`
[36m(ClientAppActor pid=24142)[0m 
[36m(ClientAppActor pid=24142)[0m         
[36m(ClientAppActor pid=24142)[0m [93mWARNING [0m:   Deprecation Warning: The `client_fn` function must return an instance of `Client`, but an instance of `NumpyClient` was returned. Please use `NumPyClient.to_client()` method to convert it to `Client`.
[36m(ClientAppActor pid=24142)[0m 09/07/2026 20:07:16:WARNING:Deprecation Warning: The `client_fn` function must return an instance of `Client`, but an instance of `NumpyClient` was returned. Please use `NumPyClient.to_client()` method to convert it to `Client`.
[36m(ClientAppActor pid=24142)[0m Train Epoch: 1 	Loss: 2.585375	Accuracy: 51.52%
[36m(ClientAppActor pid=24142)[0m [Client 3] Opacus Accountant Epsilon: 0.4182[32m [repeated 2x across cluster][0m
[92mINFO [0m:      aggregate_fit: received 5 results and 0 failures
09/07/2026 20:07:49:INFO:aggregate_fit: received 5 results and 0 failures
[92mINFO [0m:      configure_evaluate: strategy sampled 5 clients (out of 5)
09/07/2026 20:07:49:INFO:configure_evaluate: strategy sampled 5 clients (out of 5)
[36m(ClientAppActor pid=24143)[0m 
[36m(ClientAppActor pid=24143)[0m         
[36m(ClientAppActor pid=24143)[0m 
[36m(ClientAppActor pid=24143)[0m         
[36m(ClientAppActor pid=24142)[0m /usr/local/lib/python3.13/dist-packages/opacus/privacy_engine.py:98: UserWarning: Secure RNG turned off. This is perfectly fine for experimentation as it allows for much faster training performance, but remember to turn it on and retrain one last time before production with ``secure_mode`` turned on.
[36m(ClientAppActor pid=24142)[0m   warnings.warn(
[36m(ClientAppActor pid=24143)[0m             This is a deprecated feature. It will be removed[32m [repeated 4x across cluster][0m
[36m(ClientAppActor pid=24143)[0m             entirely in future versions of Flower.[32m [repeated 4x across cluster][0m
[36m(ClientAppActor pid=24143)[0m [93mWARNING [0m:   DEPRECATED FEATURE: `client_fn` now expects a signature `def client_fn(context: Context)`.The provided `client_fn` has signature: {'cid': <Parameter "cid: str">}. You can import the `Context` like this: `from flwr.app import Context`
[36m(ClientAppActor pid=24143)[0m 09/07/2026 20:07:49:WARNING:DEPRECATED FEATURE: `client_fn` now expects a signature `def client_fn(context: Context)`.The provided `client_fn` has signature: {'cid': <Parameter "cid: str">}. You can import the `Context` like this: `from flwr.app import Context`
[36m(ClientAppActor pid=24143)[0m Train Epoch: 1 	Loss: 1.235400	Accuracy: 56.53%
[36m(ClientAppActor pid=24143)[0m [93mWARNING [0m:   Deprecation Warning: The `client_fn` function must return an instance of `Client`, but an instance of `NumpyClient` was returned. Please use `NumPyClient.to_client()` method to convert it to `Client`.
[36m(ClientAppActor pid=24143)[0m 09/07/2026 20:07:49:WARNING:Deprecation Warning: The `client_fn` function must return an instance of `Client`, but an instance of `NumpyClient` was returned. Please use `NumPyClient.to_client()` method to convert it to `Client`.
[36m(ClientAppActor pid=24142)[0m [93mWARNING [0m:   DEPRECATED FEATURE: `client_fn` now expects a signature `def client_fn(context: Context)`.The provided `client_fn` has signature: {'cid': <Parameter "cid: str">}. You can import the `Context` like this: `from flwr.app import Context`
[36m(ClientAppActor pid=24142)[0m 
[36m(ClientAppActor pid=24142)[0m         
[36m(ClientAppActor pid=24142)[0m 09/07/2026 20:07:49:WARNING:DEPRECATED FEATURE: `client_fn` now expects a signature `def client_fn(context: Context)`.The provided `client_fn` has signature: {'cid': <Parameter "cid: str">}. You can import the `Context` like this: `from flwr.app import Context`
[36m(ClientAppActor pid=24142)[0m 
[36m(ClientAppActor pid=24142)[0m         
[36m(ClientAppActor pid=24142)[0m Test set: Average loss: 2.2816, Accuracy: 1084/10000 (10.84%)
[36m(ClientAppActor pid=24143)[0m [Client 1] Opacus Accountant Epsilon: 0.3959
[36m(ClientAppActor pid=24142)[0m [93mWARNING [0m:   DEPRECATED FEATURE: `client_fn` now expects a signature `def client_fn(context: Context)`.The provided `client_fn` has signature: {'cid': <Parameter "cid: str">}. You can import the `Context` like this: `from flwr.app import Context`
[36m(ClientAppActor pid=24142)[0m 
[36m(ClientAppActor pid=24142)[0m         
[36m(ClientAppActor pid=24142)[0m 09/07/2026 20:08:00:WARNING:DEPRECATED FEATURE: `client_fn` now expects a signature `def client_fn(context: Context)`.The provided `client_fn` has signature: {'cid': <Parameter "cid: str">}. You can import the `Context` like this: `from flwr.app import Context`
[36m(ClientAppActor pid=24142)[0m 
[36m(ClientAppActor pid=24142)[0m         
[36m(ClientAppActor pid=24142)[0m             This is a deprecated feature. It will be removed[32m [repeated 4x across cluster][0m
[36m(ClientAppActor pid=24142)[0m             entirely in future versions of Flower.[32m [repeated 4x across cluster][0m
[36m(ClientAppActor pid=24142)[0m [93mWARNING [0m:   Deprecation Warning: The `client_fn` function must return an instance of `Client`, but an instance of `NumpyClient` was returned. Please use `NumPyClient.to_client()` method to convert it to `Client`.[32m [repeated 2x across cluster][0m
[36m(ClientAppActor pid=24142)[0m 09/07/2026 20:08:00:WARNING:Deprecation Warning: The `client_fn` function must return an instance of `Client`, but an instance of `NumpyClient` was returned. Please use `NumPyClient.to_client()` method to convert it to `Client`.[32m [repeated 2x across cluster][0m
[36m(ClientAppActor pid=24143)[0m [93mWARNING [0m:   DEPRECATED FEATURE: `client_fn` now expects a signature `def client_fn(context: Context)`.The provided `client_fn` has signature: {'cid': <Parameter "cid: str">}. You can import the `Context` like this: `from flwr.app import Context`
[36m(ClientAppActor pid=24143)[0m 
[36m(ClientAppActor pid=24143)[0m         
[36m(ClientAppActor pid=24143)[0m 09/07/2026 20:08:00:WARNING:DEPRECATED FEATURE: `client_fn` now expects a signature `def client_fn(context: Context)`.The provided `client_fn` has signature: {'cid': <Parameter "cid: str">}. You can import the `Context` like this: `from flwr.app import Context`
[36m(ClientAppActor pid=24143)[0m 
[36m(ClientAppActor pid=24143)[0m         
[36m(ClientAppActor pid=24142)[0m Test set: Average loss: 2.2816, Accuracy: 1084/10000 (10.84%)[32m [repeated 2x across cluster][0m
[36m(ClientAppActor pid=24142)[0m 
[36m(ClientAppActor pid=24142)[0m         
[36m(ClientAppActor pid=24142)[0m 
[36m(ClientAppActor pid=24142)[0m         
[36m(ClientAppActor pid=24142)[0m             This is a deprecated feature. It will be removed[32m [repeated 4x across cluster][0m
[36m(ClientAppActor pid=24142)[0m             entirely in future versions of Flower.[32m [repeated 4x across cluster][0m
[36m(ClientAppActor pid=24142)[0m [93mWARNING [0m:   Deprecation Warning: The `client_fn` function must return an instance of `Client`, but an instance of `NumpyClient` was returned. Please use `NumPyClient.to_client()` method to convert it to `Client`.[32m [repeated 2x across cluster][0m
[36m(ClientAppActor pid=24142)[0m 09/07/2026 20:08:09:WARNING:Deprecation Warning: The `client_fn` function must return an instance of `Client`, but an instance of `NumpyClient` was returned. Please use `NumPyClient.to_client()` method to convert it to `Client`.[32m [repeated 2x across cluster][0m
[36m(ClientAppActor pid=24142)[0m [93mWARNING [0m:   DEPRECATED FEATURE: `client_fn` now expects a signature `def client_fn(context: Context)`.The provided `client_fn` has signature: {'cid': <Parameter "cid: str">}. You can import the `Context` like this: `from flwr.app import Context`
[36m(ClientAppActor pid=24142)[0m 09/07/2026 20:08:09:WARNING:DEPRECATED FEATURE: `client_fn` now expects a signature `def client_fn(context: Context)`.The provided `client_fn` has signature: {'cid': <Parameter "cid: str">}. You can import the `Context` like this: `from flwr.app import Context`
[92mINFO [0m:      aggregate_evaluate: received 5 results and 0 failures
09/07/2026 20:08:16:INFO:aggregate_evaluate: received 5 results and 0 failures
[92mINFO [0m:      
09/07/2026 20:08:16:INFO:
[92mINFO [0m:      [ROUND 2]
09/07/2026 20:08:16:INFO:[ROUND 2]
[92mINFO [0m:      configure_fit: strategy sampled 5 clients (out of 5)
09/07/2026 20:08:16:INFO:configure_fit: strategy sampled 5 clients (out of 5)
[36m(ClientAppActor pid=24142)[0m Test set: Average loss: 2.2816, Accuracy: 1084/10000 (10.84%)[32m [repeated 2x across cluster][0m
[36m(ClientAppActor pid=24142)[0m [93mWARNING [0m:   DEPRECATED FEATURE: `client_fn` now expects a signature `def client_fn(context: Context)`.The provided `client_fn` has signature: {'cid': <Parameter "cid: str">}. You can import the `Context` like this: `from flwr.app import Context`
[36m(ClientAppActor pid=24142)[0m 
[36m(ClientAppActor pid=24142)[0m         
[36m(ClientAppActor pid=24142)[0m 09/07/2026 20:08:16:WARNING:DEPRECATED FEATURE: `client_fn` now expects a signature `def client_fn(context: Context)`.The provided `client_fn` has signature: {'cid': <Parameter "cid: str">}. You can import the `Context` like this: `from flwr.app import Context`
[36m(ClientAppActor pid=24142)[0m 
[36m(ClientAppActor pid=24142)[0m         
[36m(ClientAppActor pid=24142)[0m /usr/local/lib/python3.13/dist-packages/opacus/privacy_engine.py:98: UserWarning: Secure RNG turned off. This is perfectly fine for experimentation as it allows for much faster training performance, but remember to turn it on and retrain one last time before production with ``secure_mode`` turned on.
[36m(ClientAppActor pid=24142)[0m   warnings.warn(
[36m(ClientAppActor pid=24142)[0m             This is a deprecated feature. It will be removed[32m [repeated 2x across cluster][0m
[36m(ClientAppActor pid=24142)[0m             entirely in future versions of Flower.[32m [repeated 2x across cluster][0m
[36m(ClientAppActor pid=24142)[0m [93mWARNING [0m:   Deprecation Warning: The `client_fn` function must return an instance of `Client`, but an instance of `NumpyClient` was returned. Please use `NumPyClient.to_client()` method to convert it to `Client`.
[36m(ClientAppActor pid=24142)[0m 09/07/2026 20:08:16:WARNING:Deprecation Warning: The `client_fn` function must return an instance of `Client`, but an instance of `NumpyClient` was returned. Please use `NumPyClient.to_client()` method to convert it to `Client`.
[36m(ClientAppActor pid=24143)[0m 
[36m(ClientAppActor pid=24143)[0m         
[36m(ClientAppActor pid=24143)[0m 
[36m(ClientAppActor pid=24143)[0m         
[36m(ClientAppActor pid=24143)[0m [93mWARNING [0m:   Deprecation Warning: The `client_fn` function must return an instance of `Client`, but an instance of `NumpyClient` was returned. Please use `NumPyClient.to_client()` method to convert it to `Client`.
[36m(ClientAppActor pid=24143)[0m 09/07/2026 20:08:16:WARNING:Deprecation Warning: The `client_fn` function must return an instance of `Client`, but an instance of `NumpyClient` was returned. Please use `NumPyClient.to_client()` method to convert it to `Client`.
[36m(ClientAppActor pid=24143)[0m Train Epoch: 1 	Loss: 1.878727	Accuracy: 60.30%
[36m(ClientAppActor pid=24143)[0m [Client 4] Opacus Accountant Epsilon: 0.4931
[36m(ClientAppActor pid=24143)[0m 
[36m(ClientAppActor pid=24143)[0m         
[36m(ClientAppActor pid=24143)[0m 
[36m(ClientAppActor pid=24143)[0m         
[36m(ClientAppActor pid=24143)[0m [93mWARNING [0m:   DEPRECATED FEATURE: `client_fn` now expects a signature `def client_fn(context: Context)`.The provided `client_fn` has signature: {'cid': <Parameter "cid: str">}. You can import the `Context` like this: `from flwr.app import Context`[32m [repeated 2x across cluster][0m
[36m(ClientAppActor pid=24143)[0m 09/07/2026 20:08:37:WARNING:DEPRECATED FEATURE: `client_fn` now expects a signature `def client_fn(context: Context)`.The provided `client_fn` has signature: {'cid': <Parameter "cid: str">}. You can import the `Context` like this: `from flwr.app import Context`[32m [repeated 2x across cluster][0m
[36m(ClientAppActor pid=24143)[0m /usr/local/lib/python3.13/dist-packages/opacus/privacy_engine.py:98: UserWarning: Secure RNG turned off. This is perfectly fine for experimentation as it allows for much faster training performance, but remember to turn it on and retrain one last time before production with ``secure_mode`` turned on.
[36m(ClientAppActor pid=24143)[0m   warnings.warn(
[36m(ClientAppActor pid=24143)[0m             This is a deprecated feature. It will be removed[32m [repeated 4x across cluster][0m
[36m(ClientAppActor pid=24143)[0m             entirely in future versions of Flower.[32m [repeated 4x across cluster][0m
[36m(ClientAppActor pid=24143)[0m [93mWARNING [0m:   Deprecation Warning: The `client_fn` function must return an instance of `Client`, but an instance of `NumpyClient` was returned. Please use `NumPyClient.to_client()` method to convert it to `Client`.
[36m(ClientAppActor pid=24143)[0m 09/07/2026 20:08:37:WARNING:Deprecation Warning: The `client_fn` function must return an instance of `Client`, but an instance of `NumpyClient` was returned. Please use `NumPyClient.to_client()` method to convert it to `Client`.
[36m(ClientAppActor pid=24143)[0m /usr/local/lib/python3.13/dist-packages/opacus/privacy_engine.py:98: UserWarning: Secure RNG turned off. This is perfectly fine for experimentation as it allows for much faster training performance, but remember to turn it on and retrain one last time before production with ``secure_mode`` turned on.
[36m(ClientAppActor pid=24143)[0m   warnings.warn(
[36m(ClientAppActor pid=24142)[0m Train Epoch: 1 	Loss: 2.621019	Accuracy: 52.34%
[36m(ClientAppActor pid=24142)[0m [Client 3] Opacus Accountant Epsilon: 0.4182
[36m(ClientAppActor pid=24142)[0m 
[36m(ClientAppActor pid=24142)[0m         
[36m(ClientAppActor pid=24142)[0m 
[36m(ClientAppActor pid=24142)[0m         
[36m(ClientAppActor pid=24142)[0m [93mWARNING [0m:   DEPRECATED FEATURE: `client_fn` now expects a signature `def client_fn(context: Context)`.The provided `client_fn` has signature: {'cid': <Parameter "cid: str">}. You can import the `Context` like this: `from flwr.app import Context`
[36m(ClientAppActor pid=24142)[0m 09/07/2026 20:08:48:WARNING:DEPRECATED FEATURE: `client_fn` now expects a signature `def client_fn(context: Context)`.The provided `client_fn` has signature: {'cid': <Parameter "cid: str">}. You can import the `Context` like this: `from flwr.app import Context`
[36m(ClientAppActor pid=24142)[0m             This is a deprecated feature. It will be removed[32m [repeated 2x across cluster][0m
[36m(ClientAppActor pid=24142)[0m             entirely in future versions of Flower.[32m [repeated 2x across cluster][0m
[36m(ClientAppActor pid=24142)[0m [93mWARNING [0m:   Deprecation Warning: The `client_fn` function must return an instance of `Client`, but an instance of `NumpyClient` was returned. Please use `NumPyClient.to_client()` method to convert it to `Client`.
[36m(ClientAppActor pid=24142)[0m 09/07/2026 20:08:48:WARNING:Deprecation Warning: The `client_fn` function must return an instance of `Client`, but an instance of `NumpyClient` was returned. Please use `NumPyClient.to_client()` method to convert it to `Client`.
[36m(ClientAppActor pid=24142)[0m /usr/local/lib/python3.13/dist-packages/opacus/privacy_engine.py:98: UserWarning: Secure RNG turned off. This is perfectly fine for experimentation as it allows for much faster training performance, but remember to turn it on and retrain one last time before production with ``secure_mode`` turned on.
[36m(ClientAppActor pid=24142)[0m   warnings.warn(
[36m(ClientAppActor pid=24142)[0m Train Epoch: 1 	Loss: 1.284975	Accuracy: 40.46%
[36m(ClientAppActor pid=24142)[0m [Client 2] Opacus Accountant Epsilon: 0.3778
[36m(ClientAppActor pid=24142)[0m [93mWARNING [0m:   DEPRECATED FEATURE: `client_fn` now expects a signature `def client_fn(context: Context)`.The provided `client_fn` has signature: {'cid': <Parameter "cid: str">}. You can import the `Context` like this: `from flwr.app import Context`
[36m(ClientAppActor pid=24142)[0m 
[36m(ClientAppActor pid=24142)[0m         
[36m(ClientAppActor pid=24142)[0m 09/07/2026 20:09:28:WARNING:DEPRECATED FEATURE: `client_fn` now expects a signature `def client_fn(context: Context)`.The provided `client_fn` has signature: {'cid': <Parameter "cid: str">}. You can import the `Context` like this: `from flwr.app import Context`
[36m(ClientAppActor pid=24142)[0m 
[36m(ClientAppActor pid=24142)[0m         
[36m(ClientAppActor pid=24142)[0m [93mWARNING [0m:   Deprecation Warning: The `client_fn` function must return an instance of `Client`, but an instance of `NumpyClient` was returned. Please use `NumPyClient.to_client()` method to convert it to `Client`.
[36m(ClientAppActor pid=24142)[0m 09/07/2026 20:09:28:WARNING:Deprecation Warning: The `client_fn` function must return an instance of `Client`, but an instance of `NumpyClient` was returned. Please use `NumPyClient.to_client()` method to convert it to `Client`.
[36m(ClientAppActor pid=24142)[0m /usr/local/lib/python3.13/dist-packages/opacus/privacy_engine.py:98: UserWarning: Secure RNG turned off. This is perfectly fine for experimentation as it allows for much faster training performance, but remember to turn it on and retrain one last time before production with ``secure_mode`` turned on.
[36m(ClientAppActor pid=24142)[0m   warnings.warn(
[36m(ClientAppActor pid=24142)[0m             This is a deprecated feature. It will be removed[32m [repeated 2x across cluster][0m
[36m(ClientAppActor pid=24142)[0m             entirely in future versions of Flower.[32m [repeated 2x across cluster][0m
[36m(ClientAppActor pid=24143)[0m [Client 0] Opacus Accountant Epsilon: 0.3712
[92mINFO [0m:      aggregate_fit: received 5 results and 0 failures
09/07/2026 20:09:51:INFO:aggregate_fit: received 5 results and 0 failures
[92mINFO [0m:      configure_evaluate: strategy sampled 5 clients (out of 5)
09/07/2026 20:09:51:INFO:configure_evaluate: strategy sampled 5 clients (out of 5)
[36m(ClientAppActor pid=24142)[0m Train Epoch: 1 	Loss: 1.312344	Accuracy: 60.69%[32m [repeated 2x across cluster][0m
[36m(ClientAppActor pid=24142)[0m [Client 1] Opacus Accountant Epsilon: 0.3959
[36m(ClientAppActor pid=24142)[0m [93mWARNING [0m:   DEPRECATED FEATURE: `client_fn` now expects a signature `def client_fn(context: Context)`.The provided `client_fn` has signature: {'cid': <Parameter "cid: str">}. You can import the `Context` like this: `from flwr.app import Context`
[36m(ClientAppActor pid=24142)[0m 
[36m(ClientAppActor pid=24142)[0m         
[36m(ClientAppActor pid=24142)[0m 09/07/2026 20:09:51:WARNING:DEPRECATED FEATURE: `client_fn` now expects a signature `def client_fn(context: Context)`.The provided `client_fn` has signature: {'cid': <Parameter "cid: str">}. You can import the `Context` like this: `from flwr.app import Context`
[36m(ClientAppActor pid=24142)[0m 
[36m(ClientAppActor pid=24142)[0m         
[36m(ClientAppActor pid=24142)[0m             This is a deprecated feature. It will be removed[32m [repeated 2x across cluster][0m
[36m(ClientAppActor pid=24142)[0m             entirely in future versions of Flower.[32m [repeated 2x across cluster][0m
[36m(ClientAppActor pid=24143)[0m [93mWARNING [0m:   DEPRECATED FEATURE: `client_fn` now expects a signature `def client_fn(context: Context)`.The provided `client_fn` has signature: {'cid': <Parameter "cid: str">}. You can import the `Context` like this: `from flwr.app import Context`
[36m(ClientAppActor pid=24143)[0m 
[36m(ClientAppActor pid=24143)[0m         
[36m(ClientAppActor pid=24143)[0m 09/07/2026 20:09:52:WARNING:DEPRECATED FEATURE: `client_fn` now expects a signature `def client_fn(context: Context)`.The provided `client_fn` has signature: {'cid': <Parameter "cid: str">}. You can import the `Context` like this: `from flwr.app import Context`
[36m(ClientAppActor pid=24143)[0m 
[36m(ClientAppActor pid=24143)[0m         
[36m(ClientAppActor pid=24143)[0m [93mWARNING [0m:   Deprecation Warning: The `client_fn` function must return an instance of `Client`, but an instance of `NumpyClient` was returned. Please use `NumPyClient.to_client()` method to convert it to `Client`.
[36m(ClientAppActor pid=24143)[0m 09/07/2026 20:09:52:WARNING:Deprecation Warning: The `client_fn` function must return an instance of `Client`, but an instance of `NumpyClient` was returned. Please use `NumPyClient.to_client()` method to convert it to `Client`.
[36m(ClientAppActor pid=24143)[0m Test set: Average loss: 2.2313, Accuracy: 1563/10000 (15.63%)
[36m(ClientAppActor pid=24143)[0m [93mWARNING [0m:   DEPRECATED FEATURE: `client_fn` now expects a signature `def client_fn(context: Context)`.The provided `client_fn` has signature: {'cid': <Parameter "cid: str">}. You can import the `Context` like this: `from flwr.app import Context`
[36m(ClientAppActor pid=24143)[0m 
[36m(ClientAppActor pid=24143)[0m         
[36m(ClientAppActor pid=24143)[0m 09/07/2026 20:10:02:WARNING:DEPRECATED FEATURE: `client_fn` now expects a signature `def client_fn(context: Context)`.The provided `client_fn` has signature: {'cid': <Parameter "cid: str">}. You can import the `Context` like this: `from flwr.app import Context`
[36m(ClientAppActor pid=24143)[0m 
[36m(ClientAppActor pid=24143)[0m         
[36m(ClientAppActor pid=24143)[0m             This is a deprecated feature. It will be removed[32m [repeated 4x across cluster][0m
[36m(ClientAppActor pid=24143)[0m             entirely in future versions of Flower.[32m [repeated 4x across cluster][0m
[36m(ClientAppActor pid=24143)[0m [93mWARNING [0m:   Deprecation Warning: The `client_fn` function must return an instance of `Client`, but an instance of `NumpyClient` was returned. Please use `NumPyClient.to_client()` method to convert it to `Client`.[32m [repeated 2x across cluster][0m
[36m(ClientAppActor pid=24143)[0m 09/07/2026 20:10:02:WARNING:Deprecation Warning: The `client_fn` function must return an instance of `Client`, but an instance of `NumpyClient` was returned. Please use `NumPyClient.to_client()` method to convert it to `Client`.[32m [repeated 2x across cluster][0m
[36m(ClientAppActor pid=24142)[0m [93mWARNING [0m:   DEPRECATED FEATURE: `client_fn` now expects a signature `def client_fn(context: Context)`.The provided `client_fn` has signature: {'cid': <Parameter "cid: str">}. You can import the `Context` like this: `from flwr.app import Context`
[36m(ClientAppActor pid=24142)[0m 
[36m(ClientAppActor pid=24142)[0m         
[36m(ClientAppActor pid=24142)[0m 09/07/2026 20:10:02:WARNING:DEPRECATED FEATURE: `client_fn` now expects a signature `def client_fn(context: Context)`.The provided `client_fn` has signature: {'cid': <Parameter "cid: str">}. You can import the `Context` like this: `from flwr.app import Context`
[36m(ClientAppActor pid=24142)[0m 
[36m(ClientAppActor pid=24142)[0m         
[36m(ClientAppActor pid=24143)[0m Test set: Average loss: 2.2313, Accuracy: 1563/10000 (15.63%)[32m [repeated 2x across cluster][0m
[36m(ClientAppActor pid=24143)[0m 
[36m(ClientAppActor pid=24143)[0m         
[36m(ClientAppActor pid=24143)[0m 
[36m(ClientAppActor pid=24143)[0m         
[36m(ClientAppActor pid=24143)[0m             This is a deprecated feature. It will be removed[32m [repeated 4x across cluster][0m
[36m(ClientAppActor pid=24143)[0m             entirely in future versions of Flower.[32m [repeated 4x across cluster][0m
[36m(ClientAppActor pid=24143)[0m [93mWARNING [0m:   Deprecation Warning: The `client_fn` function must return an instance of `Client`, but an instance of `NumpyClient` was returned. Please use `NumPyClient.to_client()` method to convert it to `Client`.[32m [repeated 2x across cluster][0m
[36m(ClientAppActor pid=24143)[0m 09/07/2026 20:10:13:WARNING:Deprecation Warning: The `client_fn` function must return an instance of `Client`, but an instance of `NumpyClient` was returned. Please use `NumPyClient.to_client()` method to convert it to `Client`.[32m [repeated 2x across cluster][0m
[36m(ClientAppActor pid=24143)[0m [93mWARNING [0m:   DEPRECATED FEATURE: `client_fn` now expects a signature `def client_fn(context: Context)`.The provided `client_fn` has signature: {'cid': <Parameter "cid: str">}. You can import the `Context` like this: `from flwr.app import Context`
[36m(ClientAppActor pid=24143)[0m 09/07/2026 20:10:13:WARNING:DEPRECATED FEATURE: `client_fn` now expects a signature `def client_fn(context: Context)`.The provided `client_fn` has signature: {'cid': <Parameter "cid: str">}. You can import the `Context` like this: `from flwr.app import Context`
[92mINFO [0m:      aggregate_evaluate: received 5 results and 0 failures
09/07/2026 20:10:19:INFO:aggregate_evaluate: received 5 results and 0 failures
[92mINFO [0m:      
09/07/2026 20:10:19:INFO:
[92mINFO [0m:      [ROUND 3]
09/07/2026 20:10:19:INFO:[ROUND 3]
[92mINFO [0m:      configure_fit: strategy sampled 5 clients (out of 5)
09/07/2026 20:10:19:INFO:configure_fit: strategy sampled 5 clients (out of 5)
[36m(ClientAppActor pid=24143)[0m Test set: Average loss: 2.2313, Accuracy: 1563/10000 (15.63%)[32m [repeated 2x across cluster][0m
[36m(ClientAppActor pid=24143)[0m [93mWARNING [0m:   DEPRECATED FEATURE: `client_fn` now expects a signature `def client_fn(context: Context)`.The provided `client_fn` has signature: {'cid': <Parameter "cid: str">}. You can import the `Context` like this: `from flwr.app import Context`
[36m(ClientAppActor pid=24143)[0m 
[36m(ClientAppActor pid=24143)[0m         
[36m(ClientAppActor pid=24143)[0m 09/07/2026 20:10:19:WARNING:DEPRECATED FEATURE: `client_fn` now expects a signature `def client_fn(context: Context)`.The provided `client_fn` has signature: {'cid': <Parameter "cid: str">}. You can import the `Context` like this: `from flwr.app import Context`
[36m(ClientAppActor pid=24143)[0m 
[36m(ClientAppActor pid=24143)[0m         
[36m(ClientAppActor pid=24143)[0m /usr/local/lib/python3.13/dist-packages/opacus/privacy_engine.py:98: UserWarning: Secure RNG turned off. This is perfectly fine for experimentation as it allows for much faster training performance, but remember to turn it on and retrain one last time before production with ``secure_mode`` turned on.
[36m(ClientAppActor pid=24143)[0m   warnings.warn(
[36m(ClientAppActor pid=24143)[0m             This is a deprecated feature. It will be removed[32m [repeated 2x across cluster][0m
[36m(ClientAppActor pid=24143)[0m             entirely in future versions of Flower.[32m [repeated 2x across cluster][0m
[36m(ClientAppActor pid=24143)[0m [93mWARNING [0m:   Deprecation Warning: The `client_fn` function must return an instance of `Client`, but an instance of `NumpyClient` was returned. Please use `NumPyClient.to_client()` method to convert it to `Client`.
[36m(ClientAppActor pid=24143)[0m 09/07/2026 20:10:19:WARNING:Deprecation Warning: The `client_fn` function must return an instance of `Client`, but an instance of `NumpyClient` was returned. Please use `NumPyClient.to_client()` method to convert it to `Client`.
[36m(ClientAppActor pid=24142)[0m 
[36m(ClientAppActor pid=24142)[0m         
[36m(ClientAppActor pid=24142)[0m 
[36m(ClientAppActor pid=24142)[0m         
[36m(ClientAppActor pid=24142)[0m [93mWARNING [0m:   Deprecation Warning: The `client_fn` function must return an instance of `Client`, but an instance of `NumpyClient` was returned. Please use `NumPyClient.to_client()` method to convert it to `Client`.
[36m(ClientAppActor pid=24142)[0m 09/07/2026 20:10:19:WARNING:Deprecation Warning: The `client_fn` function must return an instance of `Client`, but an instance of `NumpyClient` was returned. Please use `NumPyClient.to_client()` method to convert it to `Client`.
[36m(ClientAppActor pid=24143)[0m Train Epoch: 1 	Loss: 1.864263	Accuracy: 57.82%
[36m(ClientAppActor pid=24143)[0m [Client 4] Opacus Accountant Epsilon: 0.4931
[36m(ClientAppActor pid=24143)[0m 
[36m(ClientAppActor pid=24143)[0m         
[36m(ClientAppActor pid=24143)[0m 
[36m(ClientAppActor pid=24143)[0m         
[36m(ClientAppActor pid=24143)[0m [93mWARNING [0m:   DEPRECATED FEATURE: `client_fn` now expects a signature `def client_fn(context: Context)`.The provided `client_fn` has signature: {'cid': <Parameter "cid: str">}. You can import the `Context` like this: `from flwr.app import Context`[32m [repeated 2x across cluster][0m
[36m(ClientAppActor pid=24143)[0m 09/07/2026 20:10:41:WARNING:DEPRECATED FEATURE: `client_fn` now expects a signature `def client_fn(context: Context)`.The provided `client_fn` has signature: {'cid': <Parameter "cid: str">}. You can import the `Context` like this: `from flwr.app import Context`[32m [repeated 2x across cluster][0m
[36m(ClientAppActor pid=24143)[0m /usr/local/lib/python3.13/dist-packages/opacus/privacy_engine.py:98: UserWarning: Secure RNG turned off. This is perfectly fine for experimentation as it allows for much faster training performance, but remember to turn it on and retrain one last time before production with ``secure_mode`` turned on.[32m [repeated 2x across cluster][0m
[36m(ClientAppActor pid=24143)[0m   warnings.warn([32m [repeated 2x across cluster][0m
[36m(ClientAppActor pid=24143)[0m             This is a deprecated feature. It will be removed[32m [repeated 4x across cluster][0m
[36m(ClientAppActor pid=24143)[0m             entirely in future versions of Flower.[32m [repeated 4x across cluster][0m
[36m(ClientAppActor pid=24143)[0m [93mWARNING [0m:   Deprecation Warning: The `client_fn` function must return an instance of `Client`, but an instance of `NumpyClient` was returned. Please use `NumPyClient.to_client()` method to convert it to `Client`.
[36m(ClientAppActor pid=24143)[0m 09/07/2026 20:10:41:WARNING:Deprecation Warning: The `client_fn` function must return an instance of `Client`, but an instance of `NumpyClient` was returned. Please use `NumPyClient.to_client()` method to convert it to `Client`.
[36m(ClientAppActor pid=24142)[0m Train Epoch: 1 	Loss: 1.337736	Accuracy: 40.48%
[36m(ClientAppActor pid=24142)[0m [Client 0] Opacus Accountant Epsilon: 0.3712
[36m(ClientAppActor pid=24142)[0m 
[36m(ClientAppActor pid=24142)[0m         
[36m(ClientAppActor pid=24142)[0m 
[36m(ClientAppActor pid=24142)[0m         
[36m(ClientAppActor pid=24142)[0m [93mWARNING [0m:   Deprecation Warning: The `client_fn` function must return an instance of `Client`, but an instance of `NumpyClient` was returned. Please use `NumPyClient.to_client()` method to convert it to `Client`.
[36m(ClientAppActor pid=24142)[0m 09/07/2026 20:11:08:WARNING:Deprecation Warning: The `client_fn` function must return an instance of `Client`, but an instance of `NumpyClient` was returned. Please use `NumPyClient.to_client()` method to convert it to `Client`.
[36m(ClientAppActor pid=24142)[0m [93mWARNING [0m:   DEPRECATED FEATURE: `client_fn` now expects a signature `def client_fn(context: Context)`.The provided `client_fn` has signature: {'cid': <Parameter "cid: str">}. You can import the `Context` like this: `from flwr.app import Context`
[36m(ClientAppActor pid=24142)[0m 09/07/2026 20:11:08:WARNING:DEPRECATED FEATURE: `client_fn` now expects a signature `def client_fn(context: Context)`.The provided `client_fn` has signature: {'cid': <Parameter "cid: str">}. You can import the `Context` like this: `from flwr.app import Context`
[36m(ClientAppActor pid=24142)[0m /usr/local/lib/python3.13/dist-packages/opacus/privacy_engine.py:98: UserWarning: Secure RNG turned off. This is perfectly fine for experimentation as it allows for much faster training performance, but remember to turn it on and retrain one last time before production with ``secure_mode`` turned on.
[36m(ClientAppActor pid=24142)[0m   warnings.warn(
[36m(ClientAppActor pid=24142)[0m             This is a deprecated feature. It will be removed[32m [repeated 2x across cluster][0m
[36m(ClientAppActor pid=24142)[0m             entirely in future versions of Flower.[32m [repeated 2x across cluster][0m
[36m(ClientAppActor pid=24143)[0m Train Epoch: 1 	Loss: 1.263142	Accuracy: 43.33%
[36m(ClientAppActor pid=24143)[0m [Client 2] Opacus Accountant Epsilon: 0.3778
[36m(ClientAppActor pid=24143)[0m [93mWARNING [0m:   DEPRECATED FEATURE: `client_fn` now expects a signature `def client_fn(context: Context)`.The provided `client_fn` has signature: {'cid': <Parameter "cid: str">}. You can import the `Context` like this: `from flwr.app import Context`
[36m(ClientAppActor pid=24143)[0m 
[36m(ClientAppActor pid=24143)[0m         
[36m(ClientAppActor pid=24143)[0m 09/07/2026 20:11:27:WARNING:DEPRECATED FEATURE: `client_fn` now expects a signature `def client_fn(context: Context)`.The provided `client_fn` has signature: {'cid': <Parameter "cid: str">}. You can import the `Context` like this: `from flwr.app import Context`
[36m(ClientAppActor pid=24143)[0m 
[36m(ClientAppActor pid=24143)[0m         
[36m(ClientAppActor pid=24143)[0m /usr/local/lib/python3.13/dist-packages/opacus/privacy_engine.py:98: UserWarning: Secure RNG turned off. This is perfectly fine for experimentation as it allows for much faster training performance, but remember to turn it on and retrain one last time before production with ``secure_mode`` turned on.
[36m(ClientAppActor pid=24143)[0m   warnings.warn(
[36m(ClientAppActor pid=24143)[0m [93mWARNING [0m:   Deprecation Warning: The `client_fn` function must return an instance of `Client`, but an instance of `NumpyClient` was returned. Please use `NumPyClient.to_client()` method to convert it to `Client`.
[36m(ClientAppActor pid=24143)[0m 09/07/2026 20:11:27:WARNING:Deprecation Warning: The `client_fn` function must return an instance of `Client`, but an instance of `NumpyClient` was returned. Please use `NumPyClient.to_client()` method to convert it to `Client`.
[36m(ClientAppActor pid=24143)[0m             This is a deprecated feature. It will be removed[32m [repeated 2x across cluster][0m
[36m(ClientAppActor pid=24143)[0m             entirely in future versions of Flower.[32m [repeated 2x across cluster][0m
[36m(ClientAppActor pid=24142)[0m Train Epoch: 1 	Loss: 2.348788	Accuracy: 52.77%
[36m(ClientAppActor pid=24142)[0m [Client 3] Opacus Accountant Epsilon: 0.4182
[92mINFO [0m:      aggregate_fit: received 5 results and 0 failures
09/07/2026 20:11:59:INFO:aggregate_fit: received 5 results and 0 failures
[92mINFO [0m:      configure_evaluate: strategy sampled 5 clients (out of 5)
09/07/2026 20:11:59:INFO:configure_evaluate: strategy sampled 5 clients (out of 5)
[36m(ClientAppActor pid=24143)[0m Train Epoch: 1 	Loss: 1.414982	Accuracy: 65.55%
[36m(ClientAppActor pid=24143)[0m [Client 1] Opacus Accountant Epsilon: 0.3959
[36m(ClientAppActor pid=24143)[0m [93mWARNING [0m:   DEPRECATED FEATURE: `client_fn` now expects a signature `def client_fn(context: Context)`.The provided `client_fn` has signature: {'cid': <Parameter "cid: str">}. You can import the `Context` like this: `from flwr.app import Context`
[36m(ClientAppActor pid=24143)[0m 
[36m(ClientAppActor pid=24143)[0m         
[36m(ClientAppActor pid=24143)[0m 09/07/2026 20:11:59:WARNING:DEPRECATED FEATURE: `client_fn` now expects a signature `def client_fn(context: Context)`.The provided `client_fn` has signature: {'cid': <Parameter "cid: str">}. You can import the `Context` like this: `from flwr.app import Context`
[36m(ClientAppActor pid=24143)[0m 
[36m(ClientAppActor pid=24143)[0m         
[36m(ClientAppActor pid=24143)[0m [93mWARNING [0m:   Deprecation Warning: The `client_fn` function must return an instance of `Client`, but an instance of `NumpyClient` was returned. Please use `NumPyClient.to_client()` method to convert it to `Client`.
[36m(ClientAppActor pid=24143)[0m 09/07/2026 20:11:59:WARNING:Deprecation Warning: The `client_fn` function must return an instance of `Client`, but an instance of `NumpyClient` was returned. Please use `NumPyClient.to_client()` method to convert it to `Client`.
[36m(ClientAppActor pid=24143)[0m             This is a deprecated feature. It will be removed[32m [repeated 2x across cluster][0m
[36m(ClientAppActor pid=24143)[0m             entirely in future versions of Flower.[32m [repeated 2x across cluster][0m
[36m(ClientAppActor pid=24142)[0m [93mWARNING [0m:   DEPRECATED FEATURE: `client_fn` now expects a signature `def client_fn(context: Context)`.The provided `client_fn` has signature: {'cid': <Parameter "cid: str">}. You can import the `Context` like this: `from flwr.app import Context`
[36m(ClientAppActor pid=24142)[0m 
[36m(ClientAppActor pid=24142)[0m         
[36m(ClientAppActor pid=24142)[0m 09/07/2026 20:11:59:WARNING:DEPRECATED FEATURE: `client_fn` now expects a signature `def client_fn(context: Context)`.The provided `client_fn` has signature: {'cid': <Parameter "cid: str">}. You can import the `Context` like this: `from flwr.app import Context`
[36m(ClientAppActor pid=24142)[0m 
[36m(ClientAppActor pid=24142)[0m         
[36m(ClientAppActor pid=24142)[0m Test set: Average loss: 2.1691, Accuracy: 1760/10000 (17.60%)
[36m(ClientAppActor pid=24142)[0m [93mWARNING [0m:   DEPRECATED FEATURE: `client_fn` now expects a signature `def client_fn(context: Context)`.The provided `client_fn` has signature: {'cid': <Parameter "cid: str">}. You can import the `Context` like this: `from flwr.app import Context`
[36m(ClientAppActor pid=24142)[0m 
[36m(ClientAppActor pid=24142)[0m         
[36m(ClientAppActor pid=24142)[0m 09/07/2026 20:12:11:WARNING:DEPRECATED FEATURE: `client_fn` now expects a signature `def client_fn(context: Context)`.The provided `client_fn` has signature: {'cid': <Parameter "cid: str">}. You can import the `Context` like this: `from flwr.app import Context`
[36m(ClientAppActor pid=24142)[0m 
[36m(ClientAppActor pid=24142)[0m         
[36m(ClientAppActor pid=24142)[0m [93mWARNING [0m:   Deprecation Warning: The `client_fn` function must return an instance of `Client`, but an instance of `NumpyClient` was returned. Please use `NumPyClient.to_client()` method to convert it to `Client`.[32m [repeated 2x across cluster][0m
[36m(ClientAppActor pid=24142)[0m 09/07/2026 20:12:11:WARNING:Deprecation Warning: The `client_fn` function must return an instance of `Client`, but an instance of `NumpyClient` was returned. Please use `NumPyClient.to_client()` method to convert it to `Client`.[32m [repeated 2x across cluster][0m
[36m(ClientAppActor pid=24142)[0m             This is a deprecated feature. It will be removed[32m [repeated 4x across cluster][0m
[36m(ClientAppActor pid=24142)[0m             entirely in future versions of Flower.[32m [repeated 4x across cluster][0m
[36m(ClientAppActor pid=24143)[0m [93mWARNING [0m:   DEPRECATED FEATURE: `client_fn` now expects a signature `def client_fn(context: Context)`.The provided `client_fn` has signature: {'cid': <Parameter "cid: str">}. You can import the `Context` like this: `from flwr.app import Context`
[36m(ClientAppActor pid=24143)[0m 
[36m(ClientAppActor pid=24143)[0m         
[36m(ClientAppActor pid=24143)[0m 09/07/2026 20:12:11:WARNING:DEPRECATED FEATURE: `client_fn` now expects a signature `def client_fn(context: Context)`.The provided `client_fn` has signature: {'cid': <Parameter "cid: str">}. You can import the `Context` like this: `from flwr.app import Context`
[36m(ClientAppActor pid=24143)[0m 
[36m(ClientAppActor pid=24143)[0m         
[36m(ClientAppActor pid=24142)[0m Test set: Average loss: 2.1691, Accuracy: 1760/10000 (17.60%)[32m [repeated 2x across cluster][0m
[36m(ClientAppActor pid=24142)[0m 
[36m(ClientAppActor pid=24142)[0m         
[36m(ClientAppActor pid=24142)[0m 
[36m(ClientAppActor pid=24142)[0m         
[36m(ClientAppActor pid=24142)[0m [93mWARNING [0m:   Deprecation Warning: The `client_fn` function must return an instance of `Client`, but an instance of `NumpyClient` was returned. Please use `NumPyClient.to_client()` method to convert it to `Client`.[32m [repeated 2x across cluster][0m
[36m(ClientAppActor pid=24142)[0m 09/07/2026 20:12:21:WARNING:Deprecation Warning: The `client_fn` function must return an instance of `Client`, but an instance of `NumpyClient` was returned. Please use `NumPyClient.to_client()` method to convert it to `Client`.[32m [repeated 2x across cluster][0m
[36m(ClientAppActor pid=24142)[0m             This is a deprecated feature. It will be removed[32m [repeated 4x across cluster][0m
[36m(ClientAppActor pid=24142)[0m             entirely in future versions of Flower.[32m [repeated 4x across cluster][0m
[36m(ClientAppActor pid=24142)[0m [93mWARNING [0m:   DEPRECATED FEATURE: `client_fn` now expects a signature `def client_fn(context: Context)`.The provided `client_fn` has signature: {'cid': <Parameter "cid: str">}. You can import the `Context` like this: `from flwr.app import Context`
[36m(ClientAppActor pid=24142)[0m 09/07/2026 20:12:21:WARNING:DEPRECATED FEATURE: `client_fn` now expects a signature `def client_fn(context: Context)`.The provided `client_fn` has signature: {'cid': <Parameter "cid: str">}. You can import the `Context` like this: `from flwr.app import Context`
[92mINFO [0m:      aggregate_evaluate: received 5 results and 0 failures
09/07/2026 20:12:28:INFO:aggregate_evaluate: received 5 results and 0 failures
[92mINFO [0m:      
09/07/2026 20:12:28:INFO:
[92mINFO [0m:      [SUMMARY]
09/07/2026 20:12:28:INFO:[SUMMARY]
[92mINFO [0m:      Run finished 3 round(s) in 373.09s
09/07/2026 20:12:28:INFO:Run finished 3 round(s) in 373.09s
[92mINFO [0m:      	History (loss, distributed):
09/07/2026 20:12:28:INFO:	History (loss, distributed):
[92mINFO [0m:      		round 1: 2.2816249534582638
09/07/2026 20:12:28:INFO:		round 1: 2.2816249534582638
[92mINFO [0m:      		round 2: 2.23132010326264
09/07/2026 20:12:28:INFO:		round 2: 2.23132010326264
[92mINFO [0m:      		round 3: 2.169076653043176
09/07/2026 20:12:28:INFO:		round 3: 2.169076653043176
[92mINFO [0m:      	History (metrics, distributed, fit):
09/07/2026 20:12:28:INFO:	History (metrics, distributed, fit):
[92mINFO [0m:      	{'client_stats': [(1,
09/07/2026 20:12:28:INFO:	{'client_stats': [(1,
[92mINFO [0m:      	                   '[{"client_id": "0", "sample_rate": 0.0049261083743842365, '
09/07/2026 20:12:28:INFO:	                   '[{"client_id": "0", "sample_rate": 0.0049261083743842365, '
[92mINFO [0m:      	                   '"dp_steps": 203, "sigma": 1.5, "C": 0.1}, {"client_id": '
09/07/2026 20:12:28:INFO:	                   '"dp_steps": 203, "sigma": 1.5, "C": 0.1}, {"client_id": '
[92mINFO [0m:      	                   '"2", "sample_rate": 0.0053475935828877, "dp_steps": 187, '
09/07/2026 20:12:28:INFO:	                   '"2", "sample_rate": 0.0053475935828877, "dp_steps": 187, '
[92mINFO [0m:      	                   '"sigma": 1.5, "C": 0.1}, {"client_id": "1", "sample_rate": '
09/07/2026 20:12:28:INFO:	                   '"sigma": 1.5, "C": 0.1}, {"client_id": "1", "sample_rate": '
[92mINFO [0m:      	                   '0.006060606060606061, "dp_steps": 165, "sigma": 1.5, "C": '
09/07/2026 20:12:28:INFO:	                   '0.006060606060606061, "dp_steps": 165, "sigma": 1.5, "C": '
[92mINFO [0m:      	                   '0.1}, {"client_id": "3", "sample_rate": '
09/07/2026 20:12:28:INFO:	                   '0.1}, {"client_id": "3", "sample_rate": '
[92mINFO [0m:      	                   '0.007042253521126761, "dp_steps": 142, "sigma": 1.5, "C": '
09/07/2026 20:12:28:INFO:	                   '0.007042253521126761, "dp_steps": 142, "sigma": 1.5, "C": '
[92mINFO [0m:      	                   '0.1}, {"client_id": "4", "sample_rate": '
09/07/2026 20:12:28:INFO:	                   '0.1}, {"client_id": "4", "sample_rate": '
[92mINFO [0m:      	                   '0.011363636363636364, "dp_steps": 88, "sigma": 1.5, "C": '
09/07/2026 20:12:28:INFO:	                   '0.011363636363636364, "dp_steps": 88, "sigma": 1.5, "C": '
[92mINFO [0m:      	                   '0.1}]'),
09/07/2026 20:12:28:INFO:	                   '0.1}]'),
[92mINFO [0m:      	                  (2,
09/07/2026 20:12:28:INFO:	                  (2,
[92mINFO [0m:      	                   '[{"client_id": "1", "sample_rate": 0.006060606060606061, '
09/07/2026 20:12:28:INFO:	                   '[{"client_id": "1", "sample_rate": 0.006060606060606061, '
[92mINFO [0m:      	                   '"dp_steps": 165, "sigma": 1.5, "C": 0.1}, {"client_id": '
09/07/2026 20:12:28:INFO:	                   '"dp_steps": 165, "sigma": 1.5, "C": 0.1}, {"client_id": '
[92mINFO [0m:      	                   '"4", "sample_rate": 0.011363636363636364, "dp_steps": 88, '
09/07/2026 20:12:28:INFO:	                   '"4", "sample_rate": 0.011363636363636364, "dp_steps": 88, '
[92mINFO [0m:      	                   '"sigma": 1.5, "C": 0.1}, {"client_id": "0", "sample_rate": '
09/07/2026 20:12:28:INFO:	                   '"sigma": 1.5, "C": 0.1}, {"client_id": "0", "sample_rate": '
[92mINFO [0m:      	                   '0.0049261083743842365, "dp_steps": 203, "sigma": 1.5, "C": '
09/07/2026 20:12:28:INFO:	                   '0.0049261083743842365, "dp_steps": 203, "sigma": 1.5, "C": '
[92mINFO [0m:      	                   '0.1}, {"client_id": "3", "sample_rate": '
09/07/2026 20:12:28:INFO:	                   '0.1}, {"client_id": "3", "sample_rate": '
[92mINFO [0m:      	                   '0.007042253521126761, "dp_steps": 142, "sigma": 1.5, "C": '
09/07/2026 20:12:28:INFO:	                   '0.007042253521126761, "dp_steps": 142, "sigma": 1.5, "C": '
[92mINFO [0m:      	                   '0.1}, {"client_id": "2", "sample_rate": '
09/07/2026 20:12:28:INFO:	                   '0.1}, {"client_id": "2", "sample_rate": '
[92mINFO [0m:      	                   '0.0053475935828877, "dp_steps": 187, "sigma": 1.5, "C": '
09/07/2026 20:12:28:INFO:	                   '0.0053475935828877, "dp_steps": 187, "sigma": 1.5, "C": '
[92mINFO [0m:      	                   '0.1}]'),
09/07/2026 20:12:28:INFO:	                   '0.1}]'),
[92mINFO [0m:      	                  (3,
09/07/2026 20:12:28:INFO:	                  (3,
[92mINFO [0m:      	                   '[{"client_id": "4", "sample_rate": 0.011363636363636364, '
09/07/2026 20:12:28:INFO:	                   '[{"client_id": "4", "sample_rate": 0.011363636363636364, '
[92mINFO [0m:      	                   '"dp_steps": 88, "sigma": 1.5, "C": 0.1}, {"client_id": '
09/07/2026 20:12:28:INFO:	                   '"dp_steps": 88, "sigma": 1.5, "C": 0.1}, {"client_id": '
[92mINFO [0m:      	                   '"3", "sample_rate": 0.007042253521126761, "dp_steps": 142, '
09/07/2026 20:12:28:INFO:	                   '"3", "sample_rate": 0.007042253521126761, "dp_steps": 142, '
[92mINFO [0m:      	                   '"sigma": 1.5, "C": 0.1}, {"client_id": "1", "sample_rate": '
09/07/2026 20:12:28:INFO:	                   '"sigma": 1.5, "C": 0.1}, {"client_id": "1", "sample_rate": '
[92mINFO [0m:      	                   '0.006060606060606061, "dp_steps": 165, "sigma": 1.5, "C": '
09/07/2026 20:12:28:INFO:	                   '0.006060606060606061, "dp_steps": 165, "sigma": 1.5, "C": '
[92mINFO [0m:      	                   '0.1}, {"client_id": "2", "sample_rate": '
09/07/2026 20:12:28:INFO:	                   '0.1}, {"client_id": "2", "sample_rate": '
[92mINFO [0m:      	                   '0.0053475935828877, "dp_steps": 187, "sigma": 1.5, "C": '
09/07/2026 20:12:28:INFO:	                   '0.0053475935828877, "dp_steps": 187, "sigma": 1.5, "C": '
[92mINFO [0m:      	                   '0.1}, {"client_id": "0", "sample_rate": '
09/07/2026 20:12:28:INFO:	                   '0.1}, {"client_id": "0", "sample_rate": '
[92mINFO [0m:      	                   '0.0049261083743842365, "dp_steps": 203, "sigma": 1.5, "C": '
09/07/2026 20:12:28:INFO:	                   '0.0049261083743842365, "dp_steps": 203, "sigma": 1.5, "C": '
[92mINFO [0m:      	                   '0.1}]')]}
09/07/2026 20:12:28:INFO:	                   '0.1}]')]}
[92mINFO [0m:      	History (metrics, distributed, evaluate):
09/07/2026 20:12:28:INFO:	History (metrics, distributed, evaluate):
[92mINFO [0m:      	{'accuracy': [(1, 10.84), (2, 15.63), (3, 17.6)]}
09/07/2026 20:12:28:INFO:	{'accuracy': [(1, 10.84), (2, 15.63), (3, 17.6)]}
[92mINFO [0m:      
09/07/2026 20:12:28:INFO:
[36m(ClientAppActor pid=24142)[0m Test set: Average loss: 2.1691, Accuracy: 1760/10000 (17.60%)[32m [repeated 2x across cluster][0m

--- DP-SGD FINAL RESULTS ---
sigma=1.5, C=0.1
Privacy Guarantee: epsilon=0.6354 (delta=1e-5, alpha=19.0)
Final Aggregated Accuracy: 17.60%
Runtime: 407.91 seconds
Results saved to results/stage5/per_run/sigma_1.5_C_0.1
Running Federation on FULL CIFAR-10, clients: 5, alpha: 0.1
CUDA Available: True
Selected Device: cuda
GPU Name: Tesla T4
PyTorch Version: 2.13.0+cu130
Opacus Version: 1.6.0
Flower Version: 1.35.0
2026-09-07 20:12:47.646519: I tensorflow/core/platform/cpu_feature_guard.cc:210] This TensorFlow binary is optimized to use available CPU instructions in performance-critical operations.
To enable the following instructions: AVX2 AVX512F FMA, in other operations, rebuild TensorFlow with the appropriate compiler flags.
[93mWARNING [0m:   DEPRECATED FEATURE: flwr.simulation.start_simulation() is deprecated.
	Instead, use the `flwr run` CLI command to start a local simulation in your Flower app, as shown for example below:

		$ flwr new  # Create a new Flower app from a template

		$ flwr run  # Run the Flower app in Simulation Mode

	Using `start_simulation()` is deprecated.

            This is a deprecated feature. It will be removed
            entirely in future versions of Flower.
        
09/07/2026 20:12:52:WARNING:DEPRECATED FEATURE: flwr.simulation.start_simulation() is deprecated.
	Instead, use the `flwr run` CLI command to start a local simulation in your Flower app, as shown for example below:

		$ flwr new  # Create a new Flower app from a template

		$ flwr run  # Run the Flower app in Simulation Mode

	Using `start_simulation()` is deprecated.

            This is a deprecated feature. It will be removed
            entirely in future versions of Flower.
        
[92mINFO [0m:      Starting Flower simulation, config: num_rounds=3, no round_timeout
09/07/2026 20:12:52:INFO:Starting Flower simulation, config: num_rounds=3, no round_timeout
2026-09-07 20:13:01,354	INFO worker.py:2012 -- Started a local Ray instance.
/usr/local/lib/python3.13/dist-packages/ray/_private/worker.py:2051: FutureWarning: Tip: In future versions of Ray, Ray will no longer override accelerator visible devices env var if num_gpus=0 or num_gpus=None (default). To enable this behavior and turn off this error message, set RAY_ACCEL_ENV_VAR_OVERRIDE_ON_ZERO=0
  warnings.warn(
[92mINFO [0m:      Flower VCE: Ray initialized with resources: {'node:__internal_head__': 1.0, 'node:172.28.0.12': 1.0, 'memory': 9220430644.0, 'CPU': 2.0, 'GPU': 1.0, 'object_store_memory': 3951613132.0, 'accelerator_type:T4': 1.0}
09/07/2026 20:13:06:INFO:Flower VCE: Ray initialized with resources: {'node:__internal_head__': 1.0, 'node:172.28.0.12': 1.0, 'memory': 9220430644.0, 'CPU': 2.0, 'GPU': 1.0, 'object_store_memory': 3951613132.0, 'accelerator_type:T4': 1.0}
[92mINFO [0m:      Optimize your simulation with Flower VCE: https://flower.ai/docs/framework/how-to-run-simulations.html
09/07/2026 20:13:06:INFO:Optimize your simulation with Flower VCE: https://flower.ai/docs/framework/how-to-run-simulations.html
[92mINFO [0m:      No `client_resources` specified. Using minimal resources for clients.
09/07/2026 20:13:06:INFO:No `client_resources` specified. Using minimal resources for clients.
[92mINFO [0m:      Flower VCE: Resources for each Virtual Client: {'num_cpus': 1, 'num_gpus': 0.0}
09/07/2026 20:13:06:INFO:Flower VCE: Resources for each Virtual Client: {'num_cpus': 1, 'num_gpus': 0.0}
[92mINFO [0m:      Flower VCE: Creating VirtualClientEngineActorPool with 2 actors
09/07/2026 20:13:06:INFO:Flower VCE: Creating VirtualClientEngineActorPool with 2 actors
[92mINFO [0m:      [INIT]
09/07/2026 20:13:06:INFO:[INIT]
[92mINFO [0m:      Requesting initial parameters from one random client
09/07/2026 20:13:06:INFO:Requesting initial parameters from one random client
[36m(ClientAppActor pid=26621)[0m [93mWARNING [0m:   DEPRECATED FEATURE: `client_fn` now expects a signature `def client_fn(context: Context)`.The provided `client_fn` has signature: {'cid': <Parameter "cid: str">}. You can import the `Context` like this: `from flwr.app import Context`
[36m(ClientAppActor pid=26621)[0m 
[36m(ClientAppActor pid=26621)[0m             This is a deprecated feature. It will be removed
[36m(ClientAppActor pid=26621)[0m             entirely in future versions of Flower.
[36m(ClientAppActor pid=26621)[0m         
[92mINFO [0m:      Received initial parameters from one random client
09/07/2026 20:13:20:INFO:Received initial parameters from one random client
[92mINFO [0m:      Starting evaluation of initial global parameters
09/07/2026 20:13:20:INFO:Starting evaluation of initial global parameters
[92mINFO [0m:      Evaluation returned no results (`None`)
09/07/2026 20:13:20:INFO:Evaluation returned no results (`None`)
[92mINFO [0m:      
09/07/2026 20:13:20:INFO:
[92mINFO [0m:      [ROUND 1]
09/07/2026 20:13:20:INFO:[ROUND 1]
[92mINFO [0m:      configure_fit: strategy sampled 5 clients (out of 5)
09/07/2026 20:13:20:INFO:configure_fit: strategy sampled 5 clients (out of 5)
[36m(ClientAppActor pid=26621)[0m [93mWARNING [0m:   Deprecation Warning: The `client_fn` function must return an instance of `Client`, but an instance of `NumpyClient` was returned. Please use `NumPyClient.to_client()` method to convert it to `Client`.
[36m(ClientAppActor pid=26621)[0m [93mWARNING [0m:   DEPRECATED FEATURE: `client_fn` now expects a signature `def client_fn(context: Context)`.The provided `client_fn` has signature: {'cid': <Parameter "cid: str">}. You can import the `Context` like this: `from flwr.app import Context`
[36m(ClientAppActor pid=26621)[0m 
[36m(ClientAppActor pid=26621)[0m             This is a deprecated feature. It will be removed
[36m(ClientAppActor pid=26621)[0m             entirely in future versions of Flower.
[36m(ClientAppActor pid=26621)[0m         
[36m(ClientAppActor pid=26621)[0m [93mWARNING [0m:   Deprecation Warning: The `client_fn` function must return an instance of `Client`, but an instance of `NumpyClient` was returned. Please use `NumPyClient.to_client()` method to convert it to `Client`.
[36m(ClientAppActor pid=26621)[0m /usr/local/lib/python3.13/dist-packages/opacus/privacy_engine.py:98: UserWarning: Secure RNG turned off. This is perfectly fine for experimentation as it allows for much faster training performance, but remember to turn it on and retrain one last time before production with ``secure_mode`` turned on.
[36m(ClientAppActor pid=26621)[0m   warnings.warn(
[36m(ClientAppActor pid=26622)[0m 
[36m(ClientAppActor pid=26622)[0m         
[36m(ClientAppActor pid=26622)[0m [93mWARNING [0m:   DEPRECATED FEATURE: `client_fn` now expects a signature `def client_fn(context: Context)`.The provided `client_fn` has signature: {'cid': <Parameter "cid: str">}. You can import the `Context` like this: `from flwr.app import Context`
[36m(ClientAppActor pid=26622)[0m             This is a deprecated feature. It will be removed
[36m(ClientAppActor pid=26622)[0m             entirely in future versions of Flower.
[36m(ClientAppActor pid=26622)[0m [93mWARNING [0m:   Deprecation Warning: The `client_fn` function must return an instance of `Client`, but an instance of `NumpyClient` was returned. Please use `NumPyClient.to_client()` method to convert it to `Client`.
[36m(ClientAppActor pid=26622)[0m /usr/local/lib/python3.13/dist-packages/opacus/privacy_engine.py:98: UserWarning: Secure RNG turned off. This is perfectly fine for experimentation as it allows for much faster training performance, but remember to turn it on and retrain one last time before production with ``secure_mode`` turned on.
[36m(ClientAppActor pid=26622)[0m   warnings.warn(
[36m(ClientAppActor pid=26621)[0m Train Epoch: 1 	Loss: 1.468233	Accuracy: 63.24%
[36m(ClientAppActor pid=26621)[0m [Client 4] Opacus Accountant Epsilon: 0.4931
[36m(ClientAppActor pid=26621)[0m [93mWARNING [0m:   DEPRECATED FEATURE: `client_fn` now expects a signature `def client_fn(context: Context)`.The provided `client_fn` has signature: {'cid': <Parameter "cid: str">}. You can import the `Context` like this: `from flwr.app import Context`
[36m(ClientAppActor pid=26621)[0m 
[36m(ClientAppActor pid=26621)[0m             This is a deprecated feature. It will be removed
[36m(ClientAppActor pid=26621)[0m             entirely in future versions of Flower.
[36m(ClientAppActor pid=26621)[0m         
[36m(ClientAppActor pid=26621)[0m 09/07/2026 20:13:41:WARNING:DEPRECATED FEATURE: `client_fn` now expects a signature `def client_fn(context: Context)`.The provided `client_fn` has signature: {'cid': <Parameter "cid: str">}. You can import the `Context` like this: `from flwr.app import Context`
[36m(ClientAppActor pid=26621)[0m 
[36m(ClientAppActor pid=26621)[0m             This is a deprecated feature. It will be removed
[36m(ClientAppActor pid=26621)[0m             entirely in future versions of Flower.
[36m(ClientAppActor pid=26621)[0m         
[36m(ClientAppActor pid=26621)[0m 09/07/2026 20:13:41:WARNING:Deprecation Warning: The `client_fn` function must return an instance of `Client`, but an instance of `NumpyClient` was returned. Please use `NumPyClient.to_client()` method to convert it to `Client`.
[36m(ClientAppActor pid=26621)[0m [93mWARNING [0m:   Deprecation Warning: The `client_fn` function must return an instance of `Client`, but an instance of `NumpyClient` was returned. Please use `NumPyClient.to_client()` method to convert it to `Client`.
[36m(ClientAppActor pid=26621)[0m /usr/local/lib/python3.13/dist-packages/opacus/privacy_engine.py:98: UserWarning: Secure RNG turned off. This is perfectly fine for experimentation as it allows for much faster training performance, but remember to turn it on and retrain one last time before production with ``secure_mode`` turned on.
[36m(ClientAppActor pid=26621)[0m   warnings.warn(
[36m(ClientAppActor pid=26621)[0m Train Epoch: 1 	Loss: 2.372878	Accuracy: 54.54%
[36m(ClientAppActor pid=26621)[0m [Client 3] Opacus Accountant Epsilon: 0.4182
[36m(ClientAppActor pid=26621)[0m [93mWARNING [0m:   DEPRECATED FEATURE: `client_fn` now expects a signature `def client_fn(context: Context)`.The provided `client_fn` has signature: {'cid': <Parameter "cid: str">}. You can import the `Context` like this: `from flwr.app import Context`
[36m(ClientAppActor pid=26621)[0m 
[36m(ClientAppActor pid=26621)[0m             This is a deprecated feature. It will be removed
[36m(ClientAppActor pid=26621)[0m             entirely in future versions of Flower.
[36m(ClientAppActor pid=26621)[0m         
[36m(ClientAppActor pid=26621)[0m 09/07/2026 20:14:14:WARNING:DEPRECATED FEATURE: `client_fn` now expects a signature `def client_fn(context: Context)`.The provided `client_fn` has signature: {'cid': <Parameter "cid: str">}. You can import the `Context` like this: `from flwr.app import Context`
[36m(ClientAppActor pid=26621)[0m 
[36m(ClientAppActor pid=26621)[0m             This is a deprecated feature. It will be removed
[36m(ClientAppActor pid=26621)[0m             entirely in future versions of Flower.
[36m(ClientAppActor pid=26621)[0m         
[36m(ClientAppActor pid=26621)[0m [93mWARNING [0m:   Deprecation Warning: The `client_fn` function must return an instance of `Client`, but an instance of `NumpyClient` was returned. Please use `NumPyClient.to_client()` method to convert it to `Client`.
[36m(ClientAppActor pid=26621)[0m 09/07/2026 20:14:14:WARNING:Deprecation Warning: The `client_fn` function must return an instance of `Client`, but an instance of `NumpyClient` was returned. Please use `NumPyClient.to_client()` method to convert it to `Client`.
[36m(ClientAppActor pid=26621)[0m /usr/local/lib/python3.13/dist-packages/opacus/privacy_engine.py:98: UserWarning: Secure RNG turned off. This is perfectly fine for experimentation as it allows for much faster training performance, but remember to turn it on and retrain one last time before production with ``secure_mode`` turned on.
[36m(ClientAppActor pid=26621)[0m   warnings.warn(
[36m(ClientAppActor pid=26622)[0m Train Epoch: 1 	Loss: 2.062133	Accuracy: 38.20%
[36m(ClientAppActor pid=26622)[0m [93mWARNING [0m:   DEPRECATED FEATURE: `client_fn` now expects a signature `def client_fn(context: Context)`.The provided `client_fn` has signature: {'cid': <Parameter "cid: str">}. You can import the `Context` like this: `from flwr.app import Context`
[36m(ClientAppActor pid=26622)[0m 
[36m(ClientAppActor pid=26622)[0m             This is a deprecated feature. It will be removed
[36m(ClientAppActor pid=26622)[0m             entirely in future versions of Flower.
[36m(ClientAppActor pid=26622)[0m         
[36m(ClientAppActor pid=26622)[0m 09/07/2026 20:14:17:WARNING:DEPRECATED FEATURE: `client_fn` now expects a signature `def client_fn(context: Context)`.The provided `client_fn` has signature: {'cid': <Parameter "cid: str">}. You can import the `Context` like this: `from flwr.app import Context`
[36m(ClientAppActor pid=26622)[0m 
[36m(ClientAppActor pid=26622)[0m             This is a deprecated feature. It will be removed
[36m(ClientAppActor pid=26622)[0m             entirely in future versions of Flower.
[36m(ClientAppActor pid=26622)[0m         
[36m(ClientAppActor pid=26622)[0m 09/07/2026 20:14:17:WARNING:Deprecation Warning: The `client_fn` function must return an instance of `Client`, but an instance of `NumpyClient` was returned. Please use `NumPyClient.to_client()` method to convert it to `Client`.
[36m(ClientAppActor pid=26621)[0m [Client 1] Opacus Accountant Epsilon: 0.3959[32m [repeated 2x across cluster] (Ray deduplicates logs by default. Set RAY_DEDUP_LOGS=0 to disable log deduplication, or see https://docs.ray.io/en/master/ray-observability/user-guides/configure-logging.html#log-deduplication for more options.)[0m
[36m(ClientAppActor pid=26621)[0m Train Epoch: 1 	Loss: 1.984282	Accuracy: 64.55%
[92mINFO [0m:      aggregate_fit: received 5 results and 0 failures
09/07/2026 20:15:01:INFO:aggregate_fit: received 5 results and 0 failures
[36m(ClientAppActor pid=26622)[0m Train Epoch: 1 	Loss: 1.954653	Accuracy: 45.46%
[36m(ClientAppActor pid=26622)[0m [Client 2] Opacus Accountant Epsilon: 0.3778
[92mINFO [0m:      configure_evaluate: strategy sampled 5 clients (out of 5)
09/07/2026 20:15:01:INFO:configure_evaluate: strategy sampled 5 clients (out of 5)
[36m(ClientAppActor pid=26622)[0m [93mWARNING [0m:   DEPRECATED FEATURE: `client_fn` now expects a signature `def client_fn(context: Context)`.The provided `client_fn` has signature: {'cid': <Parameter "cid: str">}. You can import the `Context` like this: `from flwr.app import Context`
[36m(ClientAppActor pid=26622)[0m 
[36m(ClientAppActor pid=26622)[0m             This is a deprecated feature. It will be removed
[36m(ClientAppActor pid=26622)[0m             entirely in future versions of Flower.
[36m(ClientAppActor pid=26622)[0m         
[36m(ClientAppActor pid=26622)[0m 09/07/2026 20:15:01:WARNING:DEPRECATED FEATURE: `client_fn` now expects a signature `def client_fn(context: Context)`.The provided `client_fn` has signature: {'cid': <Parameter "cid: str">}. You can import the `Context` like this: `from flwr.app import Context`
[36m(ClientAppActor pid=26622)[0m 
[36m(ClientAppActor pid=26622)[0m             This is a deprecated feature. It will be removed
[36m(ClientAppActor pid=26622)[0m             entirely in future versions of Flower.
[36m(ClientAppActor pid=26622)[0m         
[36m(ClientAppActor pid=26622)[0m 09/07/2026 20:15:01:WARNING:Deprecation Warning: The `client_fn` function must return an instance of `Client`, but an instance of `NumpyClient` was returned. Please use `NumPyClient.to_client()` method to convert it to `Client`.
[36m(ClientAppActor pid=26622)[0m [93mWARNING [0m:   Deprecation Warning: The `client_fn` function must return an instance of `Client`, but an instance of `NumpyClient` was returned. Please use `NumPyClient.to_client()` method to convert it to `Client`.[32m [repeated 2x across cluster][0m
[36m(ClientAppActor pid=26622)[0m /usr/local/lib/python3.13/dist-packages/opacus/privacy_engine.py:98: UserWarning: Secure RNG turned off. This is perfectly fine for experimentation as it allows for much faster training performance, but remember to turn it on and retrain one last time before production with ``secure_mode`` turned on.
[36m(ClientAppActor pid=26622)[0m   warnings.warn(
[36m(ClientAppActor pid=26621)[0m [93mWARNING [0m:   DEPRECATED FEATURE: `client_fn` now expects a signature `def client_fn(context: Context)`.The provided `client_fn` has signature: {'cid': <Parameter "cid: str">}. You can import the `Context` like this: `from flwr.app import Context`
[36m(ClientAppActor pid=26621)[0m 
[36m(ClientAppActor pid=26621)[0m             This is a deprecated feature. It will be removed
[36m(ClientAppActor pid=26621)[0m             entirely in future versions of Flower.
[36m(ClientAppActor pid=26621)[0m         
[36m(ClientAppActor pid=26621)[0m 09/07/2026 20:15:01:WARNING:DEPRECATED FEATURE: `client_fn` now expects a signature `def client_fn(context: Context)`.The provided `client_fn` has signature: {'cid': <Parameter "cid: str">}. You can import the `Context` like this: `from flwr.app import Context`
[36m(ClientAppActor pid=26621)[0m 
[36m(ClientAppActor pid=26621)[0m             This is a deprecated feature. It will be removed
[36m(ClientAppActor pid=26621)[0m             entirely in future versions of Flower.
[36m(ClientAppActor pid=26621)[0m         
[36m(ClientAppActor pid=26621)[0m 09/07/2026 20:15:01:WARNING:Deprecation Warning: The `client_fn` function must return an instance of `Client`, but an instance of `NumpyClient` was returned. Please use `NumPyClient.to_client()` method to convert it to `Client`.
[36m(ClientAppActor pid=26621)[0m Test set: Average loss: 2.6357, Accuracy: 897/10000 (8.97%)
[36m(ClientAppActor pid=26621)[0m [93mWARNING [0m:   DEPRECATED FEATURE: `client_fn` now expects a signature `def client_fn(context: Context)`.The provided `client_fn` has signature: {'cid': <Parameter "cid: str">}. You can import the `Context` like this: `from flwr.app import Context`
[36m(ClientAppActor pid=26621)[0m 
[36m(ClientAppActor pid=26621)[0m             This is a deprecated feature. It will be removed
[36m(ClientAppActor pid=26621)[0m             entirely in future versions of Flower.
[36m(ClientAppActor pid=26621)[0m         
[36m(ClientAppActor pid=26621)[0m 09/07/2026 20:15:11:WARNING:DEPRECATED FEATURE: `client_fn` now expects a signature `def client_fn(context: Context)`.The provided `client_fn` has signature: {'cid': <Parameter "cid: str">}. You can import the `Context` like this: `from flwr.app import Context`
[36m(ClientAppActor pid=26621)[0m 
[36m(ClientAppActor pid=26621)[0m             This is a deprecated feature. It will be removed
[36m(ClientAppActor pid=26621)[0m             entirely in future versions of Flower.
[36m(ClientAppActor pid=26621)[0m         
[36m(ClientAppActor pid=26621)[0m 09/07/2026 20:15:11:WARNING:Deprecation Warning: The `client_fn` function must return an instance of `Client`, but an instance of `NumpyClient` was returned. Please use `NumPyClient.to_client()` method to convert it to `Client`.
[36m(ClientAppActor pid=26621)[0m [93mWARNING [0m:   Deprecation Warning: The `client_fn` function must return an instance of `Client`, but an instance of `NumpyClient` was returned. Please use `NumPyClient.to_client()` method to convert it to `Client`.[32m [repeated 2x across cluster][0m
[36m(ClientAppActor pid=26622)[0m [93mWARNING [0m:   DEPRECATED FEATURE: `client_fn` now expects a signature `def client_fn(context: Context)`.The provided `client_fn` has signature: {'cid': <Parameter "cid: str">}. You can import the `Context` like this: `from flwr.app import Context`
[36m(ClientAppActor pid=26622)[0m 
[36m(ClientAppActor pid=26622)[0m             This is a deprecated feature. It will be removed
[36m(ClientAppActor pid=26622)[0m             entirely in future versions of Flower.
[36m(ClientAppActor pid=26622)[0m         
[36m(ClientAppActor pid=26622)[0m 09/07/2026 20:15:11:WARNING:DEPRECATED FEATURE: `client_fn` now expects a signature `def client_fn(context: Context)`.The provided `client_fn` has signature: {'cid': <Parameter "cid: str">}. You can import the `Context` like this: `from flwr.app import Context`
[36m(ClientAppActor pid=26622)[0m 
[36m(ClientAppActor pid=26622)[0m             This is a deprecated feature. It will be removed
[36m(ClientAppActor pid=26622)[0m             entirely in future versions of Flower.
[36m(ClientAppActor pid=26622)[0m         
[36m(ClientAppActor pid=26622)[0m 09/07/2026 20:15:11:WARNING:Deprecation Warning: The `client_fn` function must return an instance of `Client`, but an instance of `NumpyClient` was returned. Please use `NumPyClient.to_client()` method to convert it to `Client`.
[36m(ClientAppActor pid=26621)[0m Test set: Average loss: 2.6357, Accuracy: 897/10000 (8.97%)[32m [repeated 2x across cluster][0m
[36m(ClientAppActor pid=26621)[0m 
[36m(ClientAppActor pid=26621)[0m         
[36m(ClientAppActor pid=26621)[0m 
[36m(ClientAppActor pid=26621)[0m         
[36m(ClientAppActor pid=26621)[0m [93mWARNING [0m:   Deprecation Warning: The `client_fn` function must return an instance of `Client`, but an instance of `NumpyClient` was returned. Please use `NumPyClient.to_client()` method to convert it to `Client`.[32m [repeated 2x across cluster][0m
[36m(ClientAppActor pid=26621)[0m [93mWARNING [0m:   DEPRECATED FEATURE: `client_fn` now expects a signature `def client_fn(context: Context)`.The provided `client_fn` has signature: {'cid': <Parameter "cid: str">}. You can import the `Context` like this: `from flwr.app import Context`
[36m(ClientAppActor pid=26621)[0m             This is a deprecated feature. It will be removed[32m [repeated 2x across cluster][0m
[36m(ClientAppActor pid=26621)[0m             entirely in future versions of Flower.[32m [repeated 2x across cluster][0m
[36m(ClientAppActor pid=26621)[0m 09/07/2026 20:15:23:WARNING:DEPRECATED FEATURE: `client_fn` now expects a signature `def client_fn(context: Context)`.The provided `client_fn` has signature: {'cid': <Parameter "cid: str">}. You can import the `Context` like this: `from flwr.app import Context`
[36m(ClientAppActor pid=26621)[0m 09/07/2026 20:15:23:WARNING:Deprecation Warning: The `client_fn` function must return an instance of `Client`, but an instance of `NumpyClient` was returned. Please use `NumPyClient.to_client()` method to convert it to `Client`.
[92mINFO [0m:      aggregate_evaluate: received 5 results and 0 failures
09/07/2026 20:15:29:INFO:aggregate_evaluate: received 5 results and 0 failures
[92mINFO [0m:      
09/07/2026 20:15:29:INFO:
[92mINFO [0m:      [ROUND 2]
09/07/2026 20:15:29:INFO:[ROUND 2]
[92mINFO [0m:      configure_fit: strategy sampled 5 clients (out of 5)
09/07/2026 20:15:29:INFO:configure_fit: strategy sampled 5 clients (out of 5)
[36m(ClientAppActor pid=26621)[0m Test set: Average loss: 2.6357, Accuracy: 897/10000 (8.97%)[32m [repeated 2x across cluster][0m
[36m(ClientAppActor pid=26622)[0m [93mWARNING [0m:   DEPRECATED FEATURE: `client_fn` now expects a signature `def client_fn(context: Context)`.The provided `client_fn` has signature: {'cid': <Parameter "cid: str">}. You can import the `Context` like this: `from flwr.app import Context`
[36m(ClientAppActor pid=26622)[0m 
[36m(ClientAppActor pid=26622)[0m         
[36m(ClientAppActor pid=26622)[0m 09/07/2026 20:15:29:WARNING:DEPRECATED FEATURE: `client_fn` now expects a signature `def client_fn(context: Context)`.The provided `client_fn` has signature: {'cid': <Parameter "cid: str">}. You can import the `Context` like this: `from flwr.app import Context`
[36m(ClientAppActor pid=26622)[0m 
[36m(ClientAppActor pid=26622)[0m         
[36m(ClientAppActor pid=26622)[0m             This is a deprecated feature. It will be removed[32m [repeated 2x across cluster][0m
[36m(ClientAppActor pid=26622)[0m             entirely in future versions of Flower.[32m [repeated 2x across cluster][0m
[36m(ClientAppActor pid=26621)[0m 
[36m(ClientAppActor pid=26621)[0m         
[36m(ClientAppActor pid=26621)[0m 
[36m(ClientAppActor pid=26621)[0m         
[36m(ClientAppActor pid=26621)[0m [93mWARNING [0m:   Deprecation Warning: The `client_fn` function must return an instance of `Client`, but an instance of `NumpyClient` was returned. Please use `NumPyClient.to_client()` method to convert it to `Client`.
[36m(ClientAppActor pid=26621)[0m 09/07/2026 20:15:29:WARNING:Deprecation Warning: The `client_fn` function must return an instance of `Client`, but an instance of `NumpyClient` was returned. Please use `NumPyClient.to_client()` method to convert it to `Client`.
[36m(ClientAppActor pid=26621)[0m /usr/local/lib/python3.13/dist-packages/opacus/privacy_engine.py:98: UserWarning: Secure RNG turned off. This is perfectly fine for experimentation as it allows for much faster training performance, but remember to turn it on and retrain one last time before production with ``secure_mode`` turned on.
[36m(ClientAppActor pid=26621)[0m   warnings.warn(
[36m(ClientAppActor pid=26622)[0m Train Epoch: 1 	Loss: 2.491449	Accuracy: 55.50%
[36m(ClientAppActor pid=26622)[0m [Client 3] Opacus Accountant Epsilon: 0.4182
[36m(ClientAppActor pid=26622)[0m 
[36m(ClientAppActor pid=26622)[0m         
[36m(ClientAppActor pid=26622)[0m 
[36m(ClientAppActor pid=26622)[0m         
[36m(ClientAppActor pid=26622)[0m [93mWARNING [0m:   DEPRECATED FEATURE: `client_fn` now expects a signature `def client_fn(context: Context)`.The provided `client_fn` has signature: {'cid': <Parameter "cid: str">}. You can import the `Context` like this: `from flwr.app import Context`[32m [repeated 2x across cluster][0m
[36m(ClientAppActor pid=26622)[0m 09/07/2026 20:16:06:WARNING:DEPRECATED FEATURE: `client_fn` now expects a signature `def client_fn(context: Context)`.The provided `client_fn` has signature: {'cid': <Parameter "cid: str">}. You can import the `Context` like this: `from flwr.app import Context`[32m [repeated 2x across cluster][0m
[36m(ClientAppActor pid=26622)[0m             This is a deprecated feature. It will be removed[32m [repeated 4x across cluster][0m
[36m(ClientAppActor pid=26622)[0m             entirely in future versions of Flower.[32m [repeated 4x across cluster][0m
[36m(ClientAppActor pid=26622)[0m [93mWARNING [0m:   Deprecation Warning: The `client_fn` function must return an instance of `Client`, but an instance of `NumpyClient` was returned. Please use `NumPyClient.to_client()` method to convert it to `Client`.[32m [repeated 2x across cluster][0m
[36m(ClientAppActor pid=26622)[0m 09/07/2026 20:16:06:WARNING:Deprecation Warning: The `client_fn` function must return an instance of `Client`, but an instance of `NumpyClient` was returned. Please use `NumPyClient.to_client()` method to convert it to `Client`.[32m [repeated 2x across cluster][0m
[36m(ClientAppActor pid=26622)[0m /usr/local/lib/python3.13/dist-packages/opacus/privacy_engine.py:98: UserWarning: Secure RNG turned off. This is perfectly fine for experimentation as it allows for much faster training performance, but remember to turn it on and retrain one last time before production with ``secure_mode`` turned on.[32m [repeated 2x across cluster][0m
[36m(ClientAppActor pid=26622)[0m   warnings.warn([32m [repeated 2x across cluster][0m
[36m(ClientAppActor pid=26621)[0m Train Epoch: 1 	Loss: 1.960484	Accuracy: 43.56%
[36m(ClientAppActor pid=26621)[0m [Client 2] Opacus Accountant Epsilon: 0.3778
[36m(ClientAppActor pid=26621)[0m 
[36m(ClientAppActor pid=26621)[0m         
[36m(ClientAppActor pid=26621)[0m 
[36m(ClientAppActor pid=26621)[0m         
[36m(ClientAppActor pid=26621)[0m [93mWARNING [0m:   DEPRECATED FEATURE: `client_fn` now expects a signature `def client_fn(context: Context)`.The provided `client_fn` has signature: {'cid': <Parameter "cid: str">}. You can import the `Context` like this: `from flwr.app import Context`
[36m(ClientAppActor pid=26621)[0m 09/07/2026 20:16:15:WARNING:DEPRECATED FEATURE: `client_fn` now expects a signature `def client_fn(context: Context)`.The provided `client_fn` has signature: {'cid': <Parameter "cid: str">}. You can import the `Context` like this: `from flwr.app import Context`
[36m(ClientAppActor pid=26621)[0m             This is a deprecated feature. It will be removed[32m [repeated 2x across cluster][0m
[36m(ClientAppActor pid=26621)[0m             entirely in future versions of Flower.[32m [repeated 2x across cluster][0m
[36m(ClientAppActor pid=26621)[0m [93mWARNING [0m:   Deprecation Warning: The `client_fn` function must return an instance of `Client`, but an instance of `NumpyClient` was returned. Please use `NumPyClient.to_client()` method to convert it to `Client`.
[36m(ClientAppActor pid=26621)[0m 09/07/2026 20:16:15:WARNING:Deprecation Warning: The `client_fn` function must return an instance of `Client`, but an instance of `NumpyClient` was returned. Please use `NumPyClient.to_client()` method to convert it to `Client`.
[36m(ClientAppActor pid=26621)[0m /usr/local/lib/python3.13/dist-packages/opacus/privacy_engine.py:98: UserWarning: Secure RNG turned off. This is perfectly fine for experimentation as it allows for much faster training performance, but remember to turn it on and retrain one last time before production with ``secure_mode`` turned on.
[36m(ClientAppActor pid=26621)[0m   warnings.warn(
[36m(ClientAppActor pid=26622)[0m Train Epoch: 1 	Loss: 1.953629	Accuracy: 65.35%
[36m(ClientAppActor pid=26622)[0m [Client 1] Opacus Accountant Epsilon: 0.3959
[36m(ClientAppActor pid=26622)[0m [93mWARNING [0m:   DEPRECATED FEATURE: `client_fn` now expects a signature `def client_fn(context: Context)`.The provided `client_fn` has signature: {'cid': <Parameter "cid: str">}. You can import the `Context` like this: `from flwr.app import Context`
[36m(ClientAppActor pid=26622)[0m 
[36m(ClientAppActor pid=26622)[0m         
[36m(ClientAppActor pid=26622)[0m 09/07/2026 20:16:49:WARNING:DEPRECATED FEATURE: `client_fn` now expects a signature `def client_fn(context: Context)`.The provided `client_fn` has signature: {'cid': <Parameter "cid: str">}. You can import the `Context` like this: `from flwr.app import Context`
[36m(ClientAppActor pid=26622)[0m 
[36m(ClientAppActor pid=26622)[0m         
[36m(ClientAppActor pid=26622)[0m [93mWARNING [0m:   Deprecation Warning: The `client_fn` function must return an instance of `Client`, but an instance of `NumpyClient` was returned. Please use `NumPyClient.to_client()` method to convert it to `Client`.
[36m(ClientAppActor pid=26622)[0m 09/07/2026 20:16:49:WARNING:Deprecation Warning: The `client_fn` function must return an instance of `Client`, but an instance of `NumpyClient` was returned. Please use `NumPyClient.to_client()` method to convert it to `Client`.
[36m(ClientAppActor pid=26622)[0m /usr/local/lib/python3.13/dist-packages/opacus/privacy_engine.py:98: UserWarning: Secure RNG turned off. This is perfectly fine for experimentation as it allows for much faster training performance, but remember to turn it on and retrain one last time before production with ``secure_mode`` turned on.
[36m(ClientAppActor pid=26622)[0m   warnings.warn(
[36m(ClientAppActor pid=26622)[0m             This is a deprecated feature. It will be removed[32m [repeated 2x across cluster][0m
[36m(ClientAppActor pid=26622)[0m             entirely in future versions of Flower.[32m [repeated 2x across cluster][0m
[36m(ClientAppActor pid=26621)[0m Train Epoch: 1 	Loss: 2.097625	Accuracy: 40.62%
[36m(ClientAppActor pid=26621)[0m [Client 0] Opacus Accountant Epsilon: 0.3712
[92mINFO [0m:      aggregate_fit: received 5 results and 0 failures
09/07/2026 20:17:07:INFO:aggregate_fit: received 5 results and 0 failures
[92mINFO [0m:      configure_evaluate: strategy sampled 5 clients (out of 5)
09/07/2026 20:17:07:INFO:configure_evaluate: strategy sampled 5 clients (out of 5)
[36m(ClientAppActor pid=26622)[0m Train Epoch: 1 	Loss: 1.507423	Accuracy: 64.56%
[36m(ClientAppActor pid=26622)[0m [Client 4] Opacus Accountant Epsilon: 0.4931
[36m(ClientAppActor pid=26622)[0m [93mWARNING [0m:   DEPRECATED FEATURE: `client_fn` now expects a signature `def client_fn(context: Context)`.The provided `client_fn` has signature: {'cid': <Parameter "cid: str">}. You can import the `Context` like this: `from flwr.app import Context`
[36m(ClientAppActor pid=26622)[0m 
[36m(ClientAppActor pid=26622)[0m         
[36m(ClientAppActor pid=26622)[0m 09/07/2026 20:17:07:WARNING:DEPRECATED FEATURE: `client_fn` now expects a signature `def client_fn(context: Context)`.The provided `client_fn` has signature: {'cid': <Parameter "cid: str">}. You can import the `Context` like this: `from flwr.app import Context`
[36m(ClientAppActor pid=26622)[0m 
[36m(ClientAppActor pid=26622)[0m         
[36m(ClientAppActor pid=26622)[0m [93mWARNING [0m:   Deprecation Warning: The `client_fn` function must return an instance of `Client`, but an instance of `NumpyClient` was returned. Please use `NumPyClient.to_client()` method to convert it to `Client`.
[36m(ClientAppActor pid=26622)[0m 09/07/2026 20:17:07:WARNING:Deprecation Warning: The `client_fn` function must return an instance of `Client`, but an instance of `NumpyClient` was returned. Please use `NumPyClient.to_client()` method to convert it to `Client`.
[36m(ClientAppActor pid=26622)[0m             This is a deprecated feature. It will be removed[32m [repeated 2x across cluster][0m
[36m(ClientAppActor pid=26622)[0m             entirely in future versions of Flower.[32m [repeated 2x across cluster][0m
[36m(ClientAppActor pid=26621)[0m [93mWARNING [0m:   DEPRECATED FEATURE: `client_fn` now expects a signature `def client_fn(context: Context)`.The provided `client_fn` has signature: {'cid': <Parameter "cid: str">}. You can import the `Context` like this: `from flwr.app import Context`
[36m(ClientAppActor pid=26621)[0m 
[36m(ClientAppActor pid=26621)[0m         
[36m(ClientAppActor pid=26621)[0m 09/07/2026 20:17:07:WARNING:DEPRECATED FEATURE: `client_fn` now expects a signature `def client_fn(context: Context)`.The provided `client_fn` has signature: {'cid': <Parameter "cid: str">}. You can import the `Context` like this: `from flwr.app import Context`
[36m(ClientAppActor pid=26621)[0m 
[36m(ClientAppActor pid=26621)[0m         
[36m(ClientAppActor pid=26621)[0m [93mWARNING [0m:   Deprecation Warning: The `client_fn` function must return an instance of `Client`, but an instance of `NumpyClient` was returned. Please use `NumPyClient.to_client()` method to convert it to `Client`.
[36m(ClientAppActor pid=26621)[0m 09/07/2026 20:17:07:WARNING:Deprecation Warning: The `client_fn` function must return an instance of `Client`, but an instance of `NumpyClient` was returned. Please use `NumPyClient.to_client()` method to convert it to `Client`.
[36m(ClientAppActor pid=26622)[0m Test set: Average loss: 3.0606, Accuracy: 1119/10000 (11.19%)
[36m(ClientAppActor pid=26621)[0m [93mWARNING [0m:   DEPRECATED FEATURE: `client_fn` now expects a signature `def client_fn(context: Context)`.The provided `client_fn` has signature: {'cid': <Parameter "cid: str">}. You can import the `Context` like this: `from flwr.app import Context`
[36m(ClientAppActor pid=26621)[0m 
[36m(ClientAppActor pid=26621)[0m         
[36m(ClientAppActor pid=26621)[0m 09/07/2026 20:17:19:WARNING:DEPRECATED FEATURE: `client_fn` now expects a signature `def client_fn(context: Context)`.The provided `client_fn` has signature: {'cid': <Parameter "cid: str">}. You can import the `Context` like this: `from flwr.app import Context`
[36m(ClientAppActor pid=26621)[0m 
[36m(ClientAppActor pid=26621)[0m         
[36m(ClientAppActor pid=26621)[0m [93mWARNING [0m:   Deprecation Warning: The `client_fn` function must return an instance of `Client`, but an instance of `NumpyClient` was returned. Please use `NumPyClient.to_client()` method to convert it to `Client`.
[36m(ClientAppActor pid=26621)[0m 09/07/2026 20:17:19:WARNING:Deprecation Warning: The `client_fn` function must return an instance of `Client`, but an instance of `NumpyClient` was returned. Please use `NumPyClient.to_client()` method to convert it to `Client`.
[36m(ClientAppActor pid=26621)[0m             This is a deprecated feature. It will be removed[32m [repeated 4x across cluster][0m
[36m(ClientAppActor pid=26621)[0m             entirely in future versions of Flower.[32m [repeated 4x across cluster][0m
[36m(ClientAppActor pid=26622)[0m [93mWARNING [0m:   DEPRECATED FEATURE: `client_fn` now expects a signature `def client_fn(context: Context)`.The provided `client_fn` has signature: {'cid': <Parameter "cid: str">}. You can import the `Context` like this: `from flwr.app import Context`
[36m(ClientAppActor pid=26622)[0m 
[36m(ClientAppActor pid=26622)[0m         
[36m(ClientAppActor pid=26622)[0m 09/07/2026 20:17:19:WARNING:DEPRECATED FEATURE: `client_fn` now expects a signature `def client_fn(context: Context)`.The provided `client_fn` has signature: {'cid': <Parameter "cid: str">}. You can import the `Context` like this: `from flwr.app import Context`
[36m(ClientAppActor pid=26622)[0m 
[36m(ClientAppActor pid=26622)[0m         
[36m(ClientAppActor pid=26622)[0m [93mWARNING [0m:   Deprecation Warning: The `client_fn` function must return an instance of `Client`, but an instance of `NumpyClient` was returned. Please use `NumPyClient.to_client()` method to convert it to `Client`.
[36m(ClientAppActor pid=26622)[0m 09/07/2026 20:17:19:WARNING:Deprecation Warning: The `client_fn` function must return an instance of `Client`, but an instance of `NumpyClient` was returned. Please use `NumPyClient.to_client()` method to convert it to `Client`.
[36m(ClientAppActor pid=26621)[0m Test set: Average loss: 3.0606, Accuracy: 1119/10000 (11.19%)[32m [repeated 2x across cluster][0m
[36m(ClientAppActor pid=26621)[0m 
[36m(ClientAppActor pid=26621)[0m         
[36m(ClientAppActor pid=26621)[0m 
[36m(ClientAppActor pid=26621)[0m         
[36m(ClientAppActor pid=26621)[0m             This is a deprecated feature. It will be removed[32m [repeated 4x across cluster][0m
[36m(ClientAppActor pid=26621)[0m             entirely in future versions of Flower.[32m [repeated 4x across cluster][0m
[36m(ClientAppActor pid=26621)[0m [93mWARNING [0m:   DEPRECATED FEATURE: `client_fn` now expects a signature `def client_fn(context: Context)`.The provided `client_fn` has signature: {'cid': <Parameter "cid: str">}. You can import the `Context` like this: `from flwr.app import Context`
[36m(ClientAppActor pid=26621)[0m 09/07/2026 20:17:27:WARNING:DEPRECATED FEATURE: `client_fn` now expects a signature `def client_fn(context: Context)`.The provided `client_fn` has signature: {'cid': <Parameter "cid: str">}. You can import the `Context` like this: `from flwr.app import Context`
[36m(ClientAppActor pid=26621)[0m [93mWARNING [0m:   Deprecation Warning: The `client_fn` function must return an instance of `Client`, but an instance of `NumpyClient` was returned. Please use `NumPyClient.to_client()` method to convert it to `Client`.
[36m(ClientAppActor pid=26621)[0m 09/07/2026 20:17:28:WARNING:Deprecation Warning: The `client_fn` function must return an instance of `Client`, but an instance of `NumpyClient` was returned. Please use `NumPyClient.to_client()` method to convert it to `Client`.
[92mINFO [0m:      aggregate_evaluate: received 5 results and 0 failures
09/07/2026 20:17:35:INFO:aggregate_evaluate: received 5 results and 0 failures
[92mINFO [0m:      
09/07/2026 20:17:35:INFO:
[92mINFO [0m:      [ROUND 3]
09/07/2026 20:17:35:INFO:[ROUND 3]
[92mINFO [0m:      configure_fit: strategy sampled 5 clients (out of 5)
09/07/2026 20:17:35:INFO:configure_fit: strategy sampled 5 clients (out of 5)
[36m(ClientAppActor pid=26621)[0m Test set: Average loss: 3.0606, Accuracy: 1119/10000 (11.19%)[32m [repeated 2x across cluster][0m
[36m(ClientAppActor pid=26621)[0m [93mWARNING [0m:   DEPRECATED FEATURE: `client_fn` now expects a signature `def client_fn(context: Context)`.The provided `client_fn` has signature: {'cid': <Parameter "cid: str">}. You can import the `Context` like this: `from flwr.app import Context`
[36m(ClientAppActor pid=26621)[0m 
[36m(ClientAppActor pid=26621)[0m         
[36m(ClientAppActor pid=26621)[0m 09/07/2026 20:17:35:WARNING:DEPRECATED FEATURE: `client_fn` now expects a signature `def client_fn(context: Context)`.The provided `client_fn` has signature: {'cid': <Parameter "cid: str">}. You can import the `Context` like this: `from flwr.app import Context`
[36m(ClientAppActor pid=26621)[0m 
[36m(ClientAppActor pid=26621)[0m         
[36m(ClientAppActor pid=26621)[0m [93mWARNING [0m:   Deprecation Warning: The `client_fn` function must return an instance of `Client`, but an instance of `NumpyClient` was returned. Please use `NumPyClient.to_client()` method to convert it to `Client`.
[36m(ClientAppActor pid=26621)[0m 09/07/2026 20:17:35:WARNING:Deprecation Warning: The `client_fn` function must return an instance of `Client`, but an instance of `NumpyClient` was returned. Please use `NumPyClient.to_client()` method to convert it to `Client`.
[36m(ClientAppActor pid=26621)[0m /usr/local/lib/python3.13/dist-packages/opacus/privacy_engine.py:98: UserWarning: Secure RNG turned off. This is perfectly fine for experimentation as it allows for much faster training performance, but remember to turn it on and retrain one last time before production with ``secure_mode`` turned on.
[36m(ClientAppActor pid=26621)[0m   warnings.warn(
[36m(ClientAppActor pid=26621)[0m             This is a deprecated feature. It will be removed[32m [repeated 2x across cluster][0m
[36m(ClientAppActor pid=26621)[0m             entirely in future versions of Flower.[32m [repeated 2x across cluster][0m
[36m(ClientAppActor pid=26622)[0m 
[36m(ClientAppActor pid=26622)[0m         
[36m(ClientAppActor pid=26622)[0m 
[36m(ClientAppActor pid=26622)[0m         
[36m(ClientAppActor pid=26621)[0m Train Epoch: 1 	Loss: 1.439853	Accuracy: 64.17%
[36m(ClientAppActor pid=26621)[0m [Client 4] Opacus Accountant Epsilon: 0.4931
[36m(ClientAppActor pid=26621)[0m 
[36m(ClientAppActor pid=26621)[0m         
[36m(ClientAppActor pid=26621)[0m 
[36m(ClientAppActor pid=26621)[0m         
[36m(ClientAppActor pid=26621)[0m [93mWARNING [0m:   DEPRECATED FEATURE: `client_fn` now expects a signature `def client_fn(context: Context)`.The provided `client_fn` has signature: {'cid': <Parameter "cid: str">}. You can import the `Context` like this: `from flwr.app import Context`[32m [repeated 2x across cluster][0m
[36m(ClientAppActor pid=26621)[0m 09/07/2026 20:17:54:WARNING:DEPRECATED FEATURE: `client_fn` now expects a signature `def client_fn(context: Context)`.The provided `client_fn` has signature: {'cid': <Parameter "cid: str">}. You can import the `Context` like this: `from flwr.app import Context`[32m [repeated 2x across cluster][0m
[36m(ClientAppActor pid=26621)[0m [93mWARNING [0m:   Deprecation Warning: The `client_fn` function must return an instance of `Client`, but an instance of `NumpyClient` was returned. Please use `NumPyClient.to_client()` method to convert it to `Client`.[32m [repeated 2x across cluster][0m
[36m(ClientAppActor pid=26621)[0m 09/07/2026 20:17:54:WARNING:Deprecation Warning: The `client_fn` function must return an instance of `Client`, but an instance of `NumpyClient` was returned. Please use `NumPyClient.to_client()` method to convert it to `Client`.[32m [repeated 2x across cluster][0m
[36m(ClientAppActor pid=26621)[0m /usr/local/lib/python3.13/dist-packages/opacus/privacy_engine.py:98: UserWarning: Secure RNG turned off. This is perfectly fine for experimentation as it allows for much faster training performance, but remember to turn it on and retrain one last time before production with ``secure_mode`` turned on.[32m [repeated 2x across cluster][0m
[36m(ClientAppActor pid=26621)[0m   warnings.warn([32m [repeated 2x across cluster][0m
[36m(ClientAppActor pid=26621)[0m             This is a deprecated feature. It will be removed[32m [repeated 4x across cluster][0m
[36m(ClientAppActor pid=26621)[0m             entirely in future versions of Flower.[32m [repeated 4x across cluster][0m
[36m(ClientAppActor pid=26622)[0m Train Epoch: 1 	Loss: 2.113901	Accuracy: 61.19%
[36m(ClientAppActor pid=26622)[0m [Client 1] Opacus Accountant Epsilon: 0.3959
[36m(ClientAppActor pid=26622)[0m 
[36m(ClientAppActor pid=26622)[0m         
[36m(ClientAppActor pid=26622)[0m 
[36m(ClientAppActor pid=26622)[0m         
[36m(ClientAppActor pid=26622)[0m [93mWARNING [0m:   DEPRECATED FEATURE: `client_fn` now expects a signature `def client_fn(context: Context)`.The provided `client_fn` has signature: {'cid': <Parameter "cid: str">}. You can import the `Context` like this: `from flwr.app import Context`
[36m(ClientAppActor pid=26622)[0m 09/07/2026 20:18:10:WARNING:DEPRECATED FEATURE: `client_fn` now expects a signature `def client_fn(context: Context)`.The provided `client_fn` has signature: {'cid': <Parameter "cid: str">}. You can import the `Context` like this: `from flwr.app import Context`
[36m(ClientAppActor pid=26622)[0m [93mWARNING [0m:   Deprecation Warning: The `client_fn` function must return an instance of `Client`, but an instance of `NumpyClient` was returned. Please use `NumPyClient.to_client()` method to convert it to `Client`.
[36m(ClientAppActor pid=26622)[0m 09/07/2026 20:18:10:WARNING:Deprecation Warning: The `client_fn` function must return an instance of `Client`, but an instance of `NumpyClient` was returned. Please use `NumPyClient.to_client()` method to convert it to `Client`.
[36m(ClientAppActor pid=26622)[0m /usr/local/lib/python3.13/dist-packages/opacus/privacy_engine.py:98: UserWarning: Secure RNG turned off. This is perfectly fine for experimentation as it allows for much faster training performance, but remember to turn it on and retrain one last time before production with ``secure_mode`` turned on.
[36m(ClientAppActor pid=26622)[0m   warnings.warn(
[36m(ClientAppActor pid=26622)[0m             This is a deprecated feature. It will be removed[32m [repeated 2x across cluster][0m
[36m(ClientAppActor pid=26622)[0m             entirely in future versions of Flower.[32m [repeated 2x across cluster][0m
[36m(ClientAppActor pid=26621)[0m Train Epoch: 1 	Loss: 2.294723	Accuracy: 56.50%
[36m(ClientAppActor pid=26621)[0m [Client 3] Opacus Accountant Epsilon: 0.4182
[36m(ClientAppActor pid=26621)[0m [93mWARNING [0m:   DEPRECATED FEATURE: `client_fn` now expects a signature `def client_fn(context: Context)`.The provided `client_fn` has signature: {'cid': <Parameter "cid: str">}. You can import the `Context` like this: `from flwr.app import Context`
[36m(ClientAppActor pid=26621)[0m 
[36m(ClientAppActor pid=26621)[0m         
[36m(ClientAppActor pid=26621)[0m 09/07/2026 20:18:27:WARNING:DEPRECATED FEATURE: `client_fn` now expects a signature `def client_fn(context: Context)`.The provided `client_fn` has signature: {'cid': <Parameter "cid: str">}. You can import the `Context` like this: `from flwr.app import Context`
[36m(ClientAppActor pid=26621)[0m 
[36m(ClientAppActor pid=26621)[0m         
[36m(ClientAppActor pid=26621)[0m [93mWARNING [0m:   Deprecation Warning: The `client_fn` function must return an instance of `Client`, but an instance of `NumpyClient` was returned. Please use `NumPyClient.to_client()` method to convert it to `Client`.
[36m(ClientAppActor pid=26621)[0m 09/07/2026 20:18:27:WARNING:Deprecation Warning: The `client_fn` function must return an instance of `Client`, but an instance of `NumpyClient` was returned. Please use `NumPyClient.to_client()` method to convert it to `Client`.
[36m(ClientAppActor pid=26621)[0m /usr/local/lib/python3.13/dist-packages/opacus/privacy_engine.py:98: UserWarning: Secure RNG turned off. This is perfectly fine for experimentation as it allows for much faster training performance, but remember to turn it on and retrain one last time before production with ``secure_mode`` turned on.
[36m(ClientAppActor pid=26621)[0m   warnings.warn(
[36m(ClientAppActor pid=26621)[0m             This is a deprecated feature. It will be removed[32m [repeated 2x across cluster][0m
[36m(ClientAppActor pid=26621)[0m             entirely in future versions of Flower.[32m [repeated 2x across cluster][0m
[36m(ClientAppActor pid=26622)[0m Train Epoch: 1 	Loss: 1.947521	Accuracy: 38.94%
[36m(ClientAppActor pid=26622)[0m [Client 0] Opacus Accountant Epsilon: 0.3712
[92mINFO [0m:      aggregate_fit: received 5 results and 0 failures
09/07/2026 20:19:03:INFO:aggregate_fit: received 5 results and 0 failures
[92mINFO [0m:      configure_evaluate: strategy sampled 5 clients (out of 5)
09/07/2026 20:19:03:INFO:configure_evaluate: strategy sampled 5 clients (out of 5)
[36m(ClientAppActor pid=26621)[0m Train Epoch: 1 	Loss: 1.869800	Accuracy: 44.37%
[36m(ClientAppActor pid=26621)[0m [Client 2] Opacus Accountant Epsilon: 0.3778
[36m(ClientAppActor pid=26621)[0m [93mWARNING [0m:   DEPRECATED FEATURE: `client_fn` now expects a signature `def client_fn(context: Context)`.The provided `client_fn` has signature: {'cid': <Parameter "cid: str">}. You can import the `Context` like this: `from flwr.app import Context`
[36m(ClientAppActor pid=26621)[0m 
[36m(ClientAppActor pid=26621)[0m         
[36m(ClientAppActor pid=26621)[0m 09/07/2026 20:19:03:WARNING:DEPRECATED FEATURE: `client_fn` now expects a signature `def client_fn(context: Context)`.The provided `client_fn` has signature: {'cid': <Parameter "cid: str">}. You can import the `Context` like this: `from flwr.app import Context`
[36m(ClientAppActor pid=26621)[0m 
[36m(ClientAppActor pid=26621)[0m         
[36m(ClientAppActor pid=26621)[0m [93mWARNING [0m:   Deprecation Warning: The `client_fn` function must return an instance of `Client`, but an instance of `NumpyClient` was returned. Please use `NumPyClient.to_client()` method to convert it to `Client`.
[36m(ClientAppActor pid=26621)[0m 09/07/2026 20:19:03:WARNING:Deprecation Warning: The `client_fn` function must return an instance of `Client`, but an instance of `NumpyClient` was returned. Please use `NumPyClient.to_client()` method to convert it to `Client`.
[36m(ClientAppActor pid=26621)[0m             This is a deprecated feature. It will be removed[32m [repeated 2x across cluster][0m
[36m(ClientAppActor pid=26621)[0m             entirely in future versions of Flower.[32m [repeated 2x across cluster][0m
[36m(ClientAppActor pid=26622)[0m [93mWARNING [0m:   DEPRECATED FEATURE: `client_fn` now expects a signature `def client_fn(context: Context)`.The provided `client_fn` has signature: {'cid': <Parameter "cid: str">}. You can import the `Context` like this: `from flwr.app import Context`
[36m(ClientAppActor pid=26622)[0m 
[36m(ClientAppActor pid=26622)[0m         
[36m(ClientAppActor pid=26622)[0m 09/07/2026 20:19:03:WARNING:DEPRECATED FEATURE: `client_fn` now expects a signature `def client_fn(context: Context)`.The provided `client_fn` has signature: {'cid': <Parameter "cid: str">}. You can import the `Context` like this: `from flwr.app import Context`
[36m(ClientAppActor pid=26622)[0m 
[36m(ClientAppActor pid=26622)[0m         
[36m(ClientAppActor pid=26622)[0m [93mWARNING [0m:   Deprecation Warning: The `client_fn` function must return an instance of `Client`, but an instance of `NumpyClient` was returned. Please use `NumPyClient.to_client()` method to convert it to `Client`.
[36m(ClientAppActor pid=26622)[0m 09/07/2026 20:19:03:WARNING:Deprecation Warning: The `client_fn` function must return an instance of `Client`, but an instance of `NumpyClient` was returned. Please use `NumPyClient.to_client()` method to convert it to `Client`.
[36m(ClientAppActor pid=26621)[0m Test set: Average loss: 2.6761, Accuracy: 1069/10000 (10.69%)
[36m(ClientAppActor pid=26621)[0m 
[36m(ClientAppActor pid=26621)[0m         
[36m(ClientAppActor pid=26621)[0m 
[36m(ClientAppActor pid=26621)[0m         
[36m(ClientAppActor pid=26621)[0m             This is a deprecated feature. It will be removed[32m [repeated 4x across cluster][0m
[36m(ClientAppActor pid=26621)[0m             entirely in future versions of Flower.[32m [repeated 4x across cluster][0m
[36m(ClientAppActor pid=26621)[0m [93mWARNING [0m:   DEPRECATED FEATURE: `client_fn` now expects a signature `def client_fn(context: Context)`.The provided `client_fn` has signature: {'cid': <Parameter "cid: str">}. You can import the `Context` like this: `from flwr.app import Context`
[36m(ClientAppActor pid=26621)[0m 09/07/2026 20:19:14:WARNING:DEPRECATED FEATURE: `client_fn` now expects a signature `def client_fn(context: Context)`.The provided `client_fn` has signature: {'cid': <Parameter "cid: str">}. You can import the `Context` like this: `from flwr.app import Context`
[36m(ClientAppActor pid=26621)[0m [93mWARNING [0m:   Deprecation Warning: The `client_fn` function must return an instance of `Client`, but an instance of `NumpyClient` was returned. Please use `NumPyClient.to_client()` method to convert it to `Client`.
[36m(ClientAppActor pid=26621)[0m 09/07/2026 20:19:14:WARNING:Deprecation Warning: The `client_fn` function must return an instance of `Client`, but an instance of `NumpyClient` was returned. Please use `NumPyClient.to_client()` method to convert it to `Client`.
[36m(ClientAppActor pid=26622)[0m [93mWARNING [0m:   DEPRECATED FEATURE: `client_fn` now expects a signature `def client_fn(context: Context)`.The provided `client_fn` has signature: {'cid': <Parameter "cid: str">}. You can import the `Context` like this: `from flwr.app import Context`
[36m(ClientAppActor pid=26622)[0m 
[36m(ClientAppActor pid=26622)[0m         
[36m(ClientAppActor pid=26622)[0m 09/07/2026 20:19:14:WARNING:DEPRECATED FEATURE: `client_fn` now expects a signature `def client_fn(context: Context)`.The provided `client_fn` has signature: {'cid': <Parameter "cid: str">}. You can import the `Context` like this: `from flwr.app import Context`
[36m(ClientAppActor pid=26622)[0m 
[36m(ClientAppActor pid=26622)[0m         
[36m(ClientAppActor pid=26622)[0m [93mWARNING [0m:   Deprecation Warning: The `client_fn` function must return an instance of `Client`, but an instance of `NumpyClient` was returned. Please use `NumPyClient.to_client()` method to convert it to `Client`.
[36m(ClientAppActor pid=26622)[0m 09/07/2026 20:19:14:WARNING:Deprecation Warning: The `client_fn` function must return an instance of `Client`, but an instance of `NumpyClient` was returned. Please use `NumPyClient.to_client()` method to convert it to `Client`.
[36m(ClientAppActor pid=26622)[0m Test set: Average loss: 2.6761, Accuracy: 1069/10000 (10.69%)[32m [repeated 2x across cluster][0m
[36m(ClientAppActor pid=26622)[0m [93mWARNING [0m:   DEPRECATED FEATURE: `client_fn` now expects a signature `def client_fn(context: Context)`.The provided `client_fn` has signature: {'cid': <Parameter "cid: str">}. You can import the `Context` like this: `from flwr.app import Context`
[36m(ClientAppActor pid=26622)[0m 
[36m(ClientAppActor pid=26622)[0m         
[36m(ClientAppActor pid=26622)[0m 09/07/2026 20:19:24:WARNING:DEPRECATED FEATURE: `client_fn` now expects a signature `def client_fn(context: Context)`.The provided `client_fn` has signature: {'cid': <Parameter "cid: str">}. You can import the `Context` like this: `from flwr.app import Context`
[36m(ClientAppActor pid=26622)[0m 
[36m(ClientAppActor pid=26622)[0m         
[36m(ClientAppActor pid=26622)[0m [93mWARNING [0m:   Deprecation Warning: The `client_fn` function must return an instance of `Client`, but an instance of `NumpyClient` was returned. Please use `NumPyClient.to_client()` method to convert it to `Client`.
[36m(ClientAppActor pid=26622)[0m 09/07/2026 20:19:24:WARNING:Deprecation Warning: The `client_fn` function must return an instance of `Client`, but an instance of `NumpyClient` was returned. Please use `NumPyClient.to_client()` method to convert it to `Client`.
[36m(ClientAppActor pid=26622)[0m             This is a deprecated feature. It will be removed[32m [repeated 4x across cluster][0m
[36m(ClientAppActor pid=26622)[0m             entirely in future versions of Flower.[32m [repeated 4x across cluster][0m
[92mINFO [0m:      aggregate_evaluate: received 5 results and 0 failures
09/07/2026 20:19:31:INFO:aggregate_evaluate: received 5 results and 0 failures
[92mINFO [0m:      
09/07/2026 20:19:31:INFO:
[92mINFO [0m:      [SUMMARY]
09/07/2026 20:19:31:INFO:[SUMMARY]
[92mINFO [0m:      Run finished 3 round(s) in 371.08s
09/07/2026 20:19:31:INFO:Run finished 3 round(s) in 371.08s
[92mINFO [0m:      	History (loss, distributed):
09/07/2026 20:19:31:INFO:	History (loss, distributed):
[92mINFO [0m:      		round 1: 2.635697519703276
09/07/2026 20:19:31:INFO:		round 1: 2.635697519703276
[92mINFO [0m:      		round 2: 3.0606157126700047
09/07/2026 20:19:31:INFO:		round 2: 3.0606157126700047
[92mINFO [0m:      		round 3: 2.676135558231621
09/07/2026 20:19:31:INFO:		round 3: 2.676135558231621
[92mINFO [0m:      	History (metrics, distributed, fit):
09/07/2026 20:19:31:INFO:	History (metrics, distributed, fit):
[92mINFO [0m:      	{'client_stats': [(1,
09/07/2026 20:19:31:INFO:	{'client_stats': [(1,
[92mINFO [0m:      	                   '[{"client_id": "0", "sample_rate": 0.0049261083743842365, '
09/07/2026 20:19:31:INFO:	                   '[{"client_id": "0", "sample_rate": 0.0049261083743842365, '
[92mINFO [0m:      	                   '"dp_steps": 203, "sigma": 1.5, "C": 1.0}, {"client_id": '
09/07/2026 20:19:31:INFO:	                   '"dp_steps": 203, "sigma": 1.5, "C": 1.0}, {"client_id": '
[92mINFO [0m:      	                   '"3", "sample_rate": 0.007042253521126761, "dp_steps": 142, '
09/07/2026 20:19:31:INFO:	                   '"3", "sample_rate": 0.007042253521126761, "dp_steps": 142, '
[92mINFO [0m:      	                   '"sigma": 1.5, "C": 1.0}, {"client_id": "2", "sample_rate": '
09/07/2026 20:19:31:INFO:	                   '"sigma": 1.5, "C": 1.0}, {"client_id": "2", "sample_rate": '
[92mINFO [0m:      	                   '0.0053475935828877, "dp_steps": 187, "sigma": 1.5, "C": '
09/07/2026 20:19:31:INFO:	                   '0.0053475935828877, "dp_steps": 187, "sigma": 1.5, "C": '
[92mINFO [0m:      	                   '1.0}, {"client_id": "1", "sample_rate": '
09/07/2026 20:19:31:INFO:	                   '1.0}, {"client_id": "1", "sample_rate": '
[92mINFO [0m:      	                   '0.006060606060606061, "dp_steps": 165, "sigma": 1.5, "C": '
09/07/2026 20:19:31:INFO:	                   '0.006060606060606061, "dp_steps": 165, "sigma": 1.5, "C": '
[92mINFO [0m:      	                   '1.0}, {"client_id": "4", "sample_rate": '
09/07/2026 20:19:31:INFO:	                   '1.0}, {"client_id": "4", "sample_rate": '
[92mINFO [0m:      	                   '0.011363636363636364, "dp_steps": 88, "sigma": 1.5, "C": '
09/07/2026 20:19:31:INFO:	                   '0.011363636363636364, "dp_steps": 88, "sigma": 1.5, "C": '
[92mINFO [0m:      	                   '1.0}]'),
09/07/2026 20:19:31:INFO:	                   '1.0}]'),
[92mINFO [0m:      	                  (2,
09/07/2026 20:19:31:INFO:	                  (2,
[92mINFO [0m:      	                   '[{"client_id": "3", "sample_rate": 0.007042253521126761, '
09/07/2026 20:19:31:INFO:	                   '[{"client_id": "3", "sample_rate": 0.007042253521126761, '
[92mINFO [0m:      	                   '"dp_steps": 142, "sigma": 1.5, "C": 1.0}, {"client_id": '
09/07/2026 20:19:31:INFO:	                   '"dp_steps": 142, "sigma": 1.5, "C": 1.0}, {"client_id": '
[92mINFO [0m:      	                   '"0", "sample_rate": 0.0049261083743842365, "dp_steps": '
09/07/2026 20:19:31:INFO:	                   '"0", "sample_rate": 0.0049261083743842365, "dp_steps": '
[92mINFO [0m:      	                   '203, "sigma": 1.5, "C": 1.0}, {"client_id": "1", '
09/07/2026 20:19:31:INFO:	                   '203, "sigma": 1.5, "C": 1.0}, {"client_id": "1", '
[92mINFO [0m:      	                   '"sample_rate": 0.006060606060606061, "dp_steps": 165, '
09/07/2026 20:19:31:INFO:	                   '"sample_rate": 0.006060606060606061, "dp_steps": 165, '
[92mINFO [0m:      	                   '"sigma": 1.5, "C": 1.0}, {"client_id": "4", "sample_rate": '
09/07/2026 20:19:31:INFO:	                   '"sigma": 1.5, "C": 1.0}, {"client_id": "4", "sample_rate": '
[92mINFO [0m:      	                   '0.011363636363636364, "dp_steps": 88, "sigma": 1.5, "C": '
09/07/2026 20:19:31:INFO:	                   '0.011363636363636364, "dp_steps": 88, "sigma": 1.5, "C": '
[92mINFO [0m:      	                   '1.0}, {"client_id": "2", "sample_rate": '
09/07/2026 20:19:31:INFO:	                   '1.0}, {"client_id": "2", "sample_rate": '
[92mINFO [0m:      	                   '0.0053475935828877, "dp_steps": 187, "sigma": 1.5, "C": '
09/07/2026 20:19:31:INFO:	                   '0.0053475935828877, "dp_steps": 187, "sigma": 1.5, "C": '
[92mINFO [0m:      	                   '1.0}]'),
09/07/2026 20:19:31:INFO:	                   '1.0}]'),
[92mINFO [0m:      	                  (3,
09/07/2026 20:19:31:INFO:	                  (3,
[92mINFO [0m:      	                   '[{"client_id": "0", "sample_rate": 0.0049261083743842365, '
09/07/2026 20:19:31:INFO:	                   '[{"client_id": "0", "sample_rate": 0.0049261083743842365, '
[92mINFO [0m:      	                   '"dp_steps": 203, "sigma": 1.5, "C": 1.0}, {"client_id": '
09/07/2026 20:19:31:INFO:	                   '"dp_steps": 203, "sigma": 1.5, "C": 1.0}, {"client_id": '
[92mINFO [0m:      	                   '"4", "sample_rate": 0.011363636363636364, "dp_steps": 88, '
09/07/2026 20:19:31:INFO:	                   '"4", "sample_rate": 0.011363636363636364, "dp_steps": 88, '
[92mINFO [0m:      	                   '"sigma": 1.5, "C": 1.0}, {"client_id": "3", "sample_rate": '
09/07/2026 20:19:31:INFO:	                   '"sigma": 1.5, "C": 1.0}, {"client_id": "3", "sample_rate": '
[92mINFO [0m:      	                   '0.007042253521126761, "dp_steps": 142, "sigma": 1.5, "C": '
09/07/2026 20:19:31:INFO:	                   '0.007042253521126761, "dp_steps": 142, "sigma": 1.5, "C": '
[92mINFO [0m:      	                   '1.0}, {"client_id": "2", "sample_rate": '
09/07/2026 20:19:31:INFO:	                   '1.0}, {"client_id": "2", "sample_rate": '
[92mINFO [0m:      	                   '0.0053475935828877, "dp_steps": 187, "sigma": 1.5, "C": '
09/07/2026 20:19:31:INFO:	                   '0.0053475935828877, "dp_steps": 187, "sigma": 1.5, "C": '
[92mINFO [0m:      	                   '1.0}, {"client_id": "1", "sample_rate": '
09/07/2026 20:19:31:INFO:	                   '1.0}, {"client_id": "1", "sample_rate": '
[92mINFO [0m:      	                   '0.006060606060606061, "dp_steps": 165, "sigma": 1.5, "C": '
09/07/2026 20:19:31:INFO:	                   '0.006060606060606061, "dp_steps": 165, "sigma": 1.5, "C": '
[92mINFO [0m:      	                   '1.0}]')]}
09/07/2026 20:19:31:INFO:	                   '1.0}]')]}
[92mINFO [0m:      	History (metrics, distributed, evaluate):
09/07/2026 20:19:31:INFO:	History (metrics, distributed, evaluate):
[92mINFO [0m:      	{'accuracy': [(1, 8.97), (2, 11.19), (3, 10.69)]}
09/07/2026 20:19:31:INFO:	{'accuracy': [(1, 8.97), (2, 11.19), (3, 10.69)]}
[92mINFO [0m:      
09/07/2026 20:19:31:INFO:
[36m(ClientAppActor pid=26622)[0m Test set: Average loss: 2.6761, Accuracy: 1069/10000 (10.69%)[32m [repeated 2x across cluster][0m

--- DP-SGD FINAL RESULTS ---
sigma=1.5, C=1.0
Privacy Guarantee: epsilon=0.6354 (delta=1e-5, alpha=19.0)
Final Aggregated Accuracy: 10.69%
Runtime: 406.73 seconds
Results saved to results/stage5/per_run/sigma_1.5_C_1.0
Running Federation on FULL CIFAR-10, clients: 5, alpha: 0.1
CUDA Available: True
Selected Device: cuda
GPU Name: Tesla T4
PyTorch Version: 2.13.0+cu130
Opacus Version: 1.6.0
Flower Version: 1.35.0
2026-09-07 20:19:51.762748: I tensorflow/core/platform/cpu_feature_guard.cc:210] This TensorFlow binary is optimized to use available CPU instructions in performance-critical operations.
To enable the following instructions: AVX2 AVX512F FMA, in other operations, rebuild TensorFlow with the appropriate compiler flags.
[93mWARNING [0m:   DEPRECATED FEATURE: flwr.simulation.start_simulation() is deprecated.
	Instead, use the `flwr run` CLI command to start a local simulation in your Flower app, as shown for example below:

		$ flwr new  # Create a new Flower app from a template

		$ flwr run  # Run the Flower app in Simulation Mode

	Using `start_simulation()` is deprecated.

            This is a deprecated feature. It will be removed
            entirely in future versions of Flower.
        
09/07/2026 20:19:56:WARNING:DEPRECATED FEATURE: flwr.simulation.start_simulation() is deprecated.
	Instead, use the `flwr run` CLI command to start a local simulation in your Flower app, as shown for example below:

		$ flwr new  # Create a new Flower app from a template

		$ flwr run  # Run the Flower app in Simulation Mode

	Using `start_simulation()` is deprecated.

            This is a deprecated feature. It will be removed
            entirely in future versions of Flower.
        
[92mINFO [0m:      Starting Flower simulation, config: num_rounds=3, no round_timeout
09/07/2026 20:19:56:INFO:Starting Flower simulation, config: num_rounds=3, no round_timeout
2026-09-07 20:20:05,392	INFO worker.py:2012 -- Started a local Ray instance.
/usr/local/lib/python3.13/dist-packages/ray/_private/worker.py:2051: FutureWarning: Tip: In future versions of Ray, Ray will no longer override accelerator visible devices env var if num_gpus=0 or num_gpus=None (default). To enable this behavior and turn off this error message, set RAY_ACCEL_ENV_VAR_OVERRIDE_ON_ZERO=0
  warnings.warn(
[92mINFO [0m:      Flower VCE: Ray initialized with resources: {'node:__internal_head__': 1.0, 'node:172.28.0.12': 1.0, 'accelerator_type:T4': 1.0, 'memory': 9220238541.0, 'object_store_memory': 3951530803.0, 'CPU': 2.0, 'GPU': 1.0}
09/07/2026 20:20:09:INFO:Flower VCE: Ray initialized with resources: {'node:__internal_head__': 1.0, 'node:172.28.0.12': 1.0, 'accelerator_type:T4': 1.0, 'memory': 9220238541.0, 'object_store_memory': 3951530803.0, 'CPU': 2.0, 'GPU': 1.0}
[92mINFO [0m:      Optimize your simulation with Flower VCE: https://flower.ai/docs/framework/how-to-run-simulations.html
09/07/2026 20:20:09:INFO:Optimize your simulation with Flower VCE: https://flower.ai/docs/framework/how-to-run-simulations.html
[92mINFO [0m:      No `client_resources` specified. Using minimal resources for clients.
09/07/2026 20:20:09:INFO:No `client_resources` specified. Using minimal resources for clients.
[92mINFO [0m:      Flower VCE: Resources for each Virtual Client: {'num_cpus': 1, 'num_gpus': 0.0}
09/07/2026 20:20:09:INFO:Flower VCE: Resources for each Virtual Client: {'num_cpus': 1, 'num_gpus': 0.0}
[92mINFO [0m:      Flower VCE: Creating VirtualClientEngineActorPool with 2 actors
09/07/2026 20:20:09:INFO:Flower VCE: Creating VirtualClientEngineActorPool with 2 actors
[92mINFO [0m:      [INIT]
09/07/2026 20:20:09:INFO:[INIT]
[92mINFO [0m:      Requesting initial parameters from one random client
09/07/2026 20:20:09:INFO:Requesting initial parameters from one random client
[36m(ClientAppActor pid=29085)[0m [93mWARNING [0m:   DEPRECATED FEATURE: `client_fn` now expects a signature `def client_fn(context: Context)`.The provided `client_fn` has signature: {'cid': <Parameter "cid: str">}. You can import the `Context` like this: `from flwr.app import Context`
[36m(ClientAppActor pid=29085)[0m 
[36m(ClientAppActor pid=29085)[0m             This is a deprecated feature. It will be removed
[36m(ClientAppActor pid=29085)[0m             entirely in future versions of Flower.
[36m(ClientAppActor pid=29085)[0m         
[92mINFO [0m:      Received initial parameters from one random client
09/07/2026 20:20:23:INFO:Received initial parameters from one random client
[92mINFO [0m:      Starting evaluation of initial global parameters
09/07/2026 20:20:23:INFO:Starting evaluation of initial global parameters
[92mINFO [0m:      Evaluation returned no results (`None`)
09/07/2026 20:20:23:INFO:Evaluation returned no results (`None`)
[92mINFO [0m:      
09/07/2026 20:20:23:INFO:
[92mINFO [0m:      [ROUND 1]
09/07/2026 20:20:23:INFO:[ROUND 1]
[92mINFO [0m:      configure_fit: strategy sampled 5 clients (out of 5)
09/07/2026 20:20:23:INFO:configure_fit: strategy sampled 5 clients (out of 5)
[36m(ClientAppActor pid=29085)[0m [93mWARNING [0m:   Deprecation Warning: The `client_fn` function must return an instance of `Client`, but an instance of `NumpyClient` was returned. Please use `NumPyClient.to_client()` method to convert it to `Client`.
[36m(ClientAppActor pid=29085)[0m [93mWARNING [0m:   DEPRECATED FEATURE: `client_fn` now expects a signature `def client_fn(context: Context)`.The provided `client_fn` has signature: {'cid': <Parameter "cid: str">}. You can import the `Context` like this: `from flwr.app import Context`
[36m(ClientAppActor pid=29085)[0m 
[36m(ClientAppActor pid=29085)[0m             This is a deprecated feature. It will be removed
[36m(ClientAppActor pid=29085)[0m             entirely in future versions of Flower.
[36m(ClientAppActor pid=29085)[0m         
[36m(ClientAppActor pid=29085)[0m [93mWARNING [0m:   Deprecation Warning: The `client_fn` function must return an instance of `Client`, but an instance of `NumpyClient` was returned. Please use `NumPyClient.to_client()` method to convert it to `Client`.
[36m(ClientAppActor pid=29085)[0m /usr/local/lib/python3.13/dist-packages/opacus/privacy_engine.py:98: UserWarning: Secure RNG turned off. This is perfectly fine for experimentation as it allows for much faster training performance, but remember to turn it on and retrain one last time before production with ``secure_mode`` turned on.
[36m(ClientAppActor pid=29085)[0m   warnings.warn(
[36m(ClientAppActor pid=29086)[0m 
[36m(ClientAppActor pid=29086)[0m         
[36m(ClientAppActor pid=29086)[0m [93mWARNING [0m:   DEPRECATED FEATURE: `client_fn` now expects a signature `def client_fn(context: Context)`.The provided `client_fn` has signature: {'cid': <Parameter "cid: str">}. You can import the `Context` like this: `from flwr.app import Context`
[36m(ClientAppActor pid=29086)[0m             This is a deprecated feature. It will be removed
[36m(ClientAppActor pid=29086)[0m             entirely in future versions of Flower.
[36m(ClientAppActor pid=29086)[0m [93mWARNING [0m:   Deprecation Warning: The `client_fn` function must return an instance of `Client`, but an instance of `NumpyClient` was returned. Please use `NumPyClient.to_client()` method to convert it to `Client`.
[36m(ClientAppActor pid=29086)[0m /usr/local/lib/python3.13/dist-packages/opacus/privacy_engine.py:98: UserWarning: Secure RNG turned off. This is perfectly fine for experimentation as it allows for much faster training performance, but remember to turn it on and retrain one last time before production with ``secure_mode`` turned on.
[36m(ClientAppActor pid=29086)[0m   warnings.warn(
[36m(ClientAppActor pid=29085)[0m Train Epoch: 1 	Loss: 2.616900	Accuracy: 53.32%
[36m(ClientAppActor pid=29085)[0m [Client 3] Opacus Accountant Epsilon: 0.2250
[36m(ClientAppActor pid=29085)[0m [93mWARNING [0m:   DEPRECATED FEATURE: `client_fn` now expects a signature `def client_fn(context: Context)`.The provided `client_fn` has signature: {'cid': <Parameter "cid: str">}. You can import the `Context` like this: `from flwr.app import Context`
[36m(ClientAppActor pid=29085)[0m 
[36m(ClientAppActor pid=29085)[0m             This is a deprecated feature. It will be removed
[36m(ClientAppActor pid=29085)[0m             entirely in future versions of Flower.
[36m(ClientAppActor pid=29085)[0m         
[36m(ClientAppActor pid=29085)[0m 09/07/2026 20:20:58:WARNING:DEPRECATED FEATURE: `client_fn` now expects a signature `def client_fn(context: Context)`.The provided `client_fn` has signature: {'cid': <Parameter "cid: str">}. You can import the `Context` like this: `from flwr.app import Context`
[36m(ClientAppActor pid=29085)[0m 
[36m(ClientAppActor pid=29085)[0m             This is a deprecated feature. It will be removed
[36m(ClientAppActor pid=29085)[0m             entirely in future versions of Flower.
[36m(ClientAppActor pid=29085)[0m         
[36m(ClientAppActor pid=29085)[0m 09/07/2026 20:20:58:WARNING:Deprecation Warning: The `client_fn` function must return an instance of `Client`, but an instance of `NumpyClient` was returned. Please use `NumPyClient.to_client()` method to convert it to `Client`.
[36m(ClientAppActor pid=29085)[0m [93mWARNING [0m:   Deprecation Warning: The `client_fn` function must return an instance of `Client`, but an instance of `NumpyClient` was returned. Please use `NumPyClient.to_client()` method to convert it to `Client`.
[36m(ClientAppActor pid=29085)[0m /usr/local/lib/python3.13/dist-packages/opacus/privacy_engine.py:98: UserWarning: Secure RNG turned off. This is perfectly fine for experimentation as it allows for much faster training performance, but remember to turn it on and retrain one last time before production with ``secure_mode`` turned on.
[36m(ClientAppActor pid=29085)[0m   warnings.warn(
[36m(ClientAppActor pid=29086)[0m Train Epoch: 1 	Loss: 1.463105	Accuracy: 35.00%
[36m(ClientAppActor pid=29086)[0m [Client 0] Opacus Accountant Epsilon: 0.1994
[36m(ClientAppActor pid=29086)[0m 
[36m(ClientAppActor pid=29086)[0m         
[36m(ClientAppActor pid=29086)[0m 
[36m(ClientAppActor pid=29086)[0m         
[36m(ClientAppActor pid=29086)[0m [93mWARNING [0m:   Deprecation Warning: The `client_fn` function must return an instance of `Client`, but an instance of `NumpyClient` was returned. Please use `NumPyClient.to_client()` method to convert it to `Client`.
[36m(ClientAppActor pid=29086)[0m /usr/local/lib/python3.13/dist-packages/opacus/privacy_engine.py:98: UserWarning: Secure RNG turned off. This is perfectly fine for experimentation as it allows for much faster training performance, but remember to turn it on and retrain one last time before production with ``secure_mode`` turned on.
[36m(ClientAppActor pid=29086)[0m   warnings.warn(
[36m(ClientAppActor pid=29086)[0m [93mWARNING [0m:   DEPRECATED FEATURE: `client_fn` now expects a signature `def client_fn(context: Context)`.The provided `client_fn` has signature: {'cid': <Parameter "cid: str">}. You can import the `Context` like this: `from flwr.app import Context`
[36m(ClientAppActor pid=29086)[0m             This is a deprecated feature. It will be removed[32m [repeated 2x across cluster] (Ray deduplicates logs by default. Set RAY_DEDUP_LOGS=0 to disable log deduplication, or see https://docs.ray.io/en/master/ray-observability/user-guides/configure-logging.html#log-deduplication for more options.)[0m
[36m(ClientAppActor pid=29086)[0m             entirely in future versions of Flower.[32m [repeated 2x across cluster][0m
[36m(ClientAppActor pid=29086)[0m 09/07/2026 20:21:20:WARNING:DEPRECATED FEATURE: `client_fn` now expects a signature `def client_fn(context: Context)`.The provided `client_fn` has signature: {'cid': <Parameter "cid: str">}. You can import the `Context` like this: `from flwr.app import Context`
[36m(ClientAppActor pid=29086)[0m 09/07/2026 20:21:20:WARNING:Deprecation Warning: The `client_fn` function must return an instance of `Client`, but an instance of `NumpyClient` was returned. Please use `NumPyClient.to_client()` method to convert it to `Client`.
[36m(ClientAppActor pid=29085)[0m Train Epoch: 1 	Loss: 1.245155	Accuracy: 53.70%
[36m(ClientAppActor pid=29085)[0m [Client 1] Opacus Accountant Epsilon: 0.2131
[36m(ClientAppActor pid=29085)[0m [93mWARNING [0m:   DEPRECATED FEATURE: `client_fn` now expects a signature `def client_fn(context: Context)`.The provided `client_fn` has signature: {'cid': <Parameter "cid: str">}. You can import the `Context` like this: `from flwr.app import Context`
[36m(ClientAppActor pid=29085)[0m 
[36m(ClientAppActor pid=29085)[0m         
[36m(ClientAppActor pid=29085)[0m 09/07/2026 20:21:36:WARNING:DEPRECATED FEATURE: `client_fn` now expects a signature `def client_fn(context: Context)`.The provided `client_fn` has signature: {'cid': <Parameter "cid: str">}. You can import the `Context` like this: `from flwr.app import Context`
[36m(ClientAppActor pid=29085)[0m 
[36m(ClientAppActor pid=29085)[0m         
[36m(ClientAppActor pid=29085)[0m 09/07/2026 20:21:36:WARNING:Deprecation Warning: The `client_fn` function must return an instance of `Client`, but an instance of `NumpyClient` was returned. Please use `NumPyClient.to_client()` method to convert it to `Client`.
[36m(ClientAppActor pid=29085)[0m [93mWARNING [0m:   Deprecation Warning: The `client_fn` function must return an instance of `Client`, but an instance of `NumpyClient` was returned. Please use `NumPyClient.to_client()` method to convert it to `Client`.
[36m(ClientAppActor pid=29085)[0m /usr/local/lib/python3.13/dist-packages/opacus/privacy_engine.py:98: UserWarning: Secure RNG turned off. This is perfectly fine for experimentation as it allows for much faster training performance, but remember to turn it on and retrain one last time before production with ``secure_mode`` turned on.
[36m(ClientAppActor pid=29085)[0m   warnings.warn(
[36m(ClientAppActor pid=29085)[0m             This is a deprecated feature. It will be removed[32m [repeated 2x across cluster][0m
[36m(ClientAppActor pid=29085)[0m             entirely in future versions of Flower.[32m [repeated 2x across cluster][0m
[92mINFO [0m:      aggregate_fit: received 5 results and 0 failures
09/07/2026 20:22:06:INFO:aggregate_fit: received 5 results and 0 failures
[92mINFO [0m:      configure_evaluate: strategy sampled 5 clients (out of 5)
09/07/2026 20:22:06:INFO:configure_evaluate: strategy sampled 5 clients (out of 5)
[36m(ClientAppActor pid=29085)[0m Train Epoch: 1 	Loss: 1.347662	Accuracy: 39.78%[32m [repeated 2x across cluster][0m
[36m(ClientAppActor pid=29085)[0m [Client 2] Opacus Accountant Epsilon: 0.2042[32m [repeated 2x across cluster][0m
[36m(ClientAppActor pid=29085)[0m [93mWARNING [0m:   DEPRECATED FEATURE: `client_fn` now expects a signature `def client_fn(context: Context)`.The provided `client_fn` has signature: {'cid': <Parameter "cid: str">}. You can import the `Context` like this: `from flwr.app import Context`
[36m(ClientAppActor pid=29085)[0m 
[36m(ClientAppActor pid=29085)[0m         
[36m(ClientAppActor pid=29085)[0m 09/07/2026 20:22:06:WARNING:DEPRECATED FEATURE: `client_fn` now expects a signature `def client_fn(context: Context)`.The provided `client_fn` has signature: {'cid': <Parameter "cid: str">}. You can import the `Context` like this: `from flwr.app import Context`
[36m(ClientAppActor pid=29085)[0m 
[36m(ClientAppActor pid=29085)[0m         
[36m(ClientAppActor pid=29085)[0m [93mWARNING [0m:   Deprecation Warning: The `client_fn` function must return an instance of `Client`, but an instance of `NumpyClient` was returned. Please use `NumPyClient.to_client()` method to convert it to `Client`.
[36m(ClientAppActor pid=29085)[0m 09/07/2026 20:22:06:WARNING:Deprecation Warning: The `client_fn` function must return an instance of `Client`, but an instance of `NumpyClient` was returned. Please use `NumPyClient.to_client()` method to convert it to `Client`.
[36m(ClientAppActor pid=29085)[0m             This is a deprecated feature. It will be removed[32m [repeated 2x across cluster][0m
[36m(ClientAppActor pid=29085)[0m             entirely in future versions of Flower.[32m [repeated 2x across cluster][0m
[36m(ClientAppActor pid=29086)[0m [93mWARNING [0m:   DEPRECATED FEATURE: `client_fn` now expects a signature `def client_fn(context: Context)`.The provided `client_fn` has signature: {'cid': <Parameter "cid: str">}. You can import the `Context` like this: `from flwr.app import Context`
[36m(ClientAppActor pid=29086)[0m 
[36m(ClientAppActor pid=29086)[0m         
[36m(ClientAppActor pid=29086)[0m 09/07/2026 20:22:06:WARNING:DEPRECATED FEATURE: `client_fn` now expects a signature `def client_fn(context: Context)`.The provided `client_fn` has signature: {'cid': <Parameter "cid: str">}. You can import the `Context` like this: `from flwr.app import Context`
[36m(ClientAppActor pid=29086)[0m 
[36m(ClientAppActor pid=29086)[0m         
[36m(ClientAppActor pid=29086)[0m 09/07/2026 20:22:06:WARNING:Deprecation Warning: The `client_fn` function must return an instance of `Client`, but an instance of `NumpyClient` was returned. Please use `NumPyClient.to_client()` method to convert it to `Client`.
[36m(ClientAppActor pid=29085)[0m 
[36m(ClientAppActor pid=29085)[0m         
[36m(ClientAppActor pid=29085)[0m 
[36m(ClientAppActor pid=29085)[0m         
[36m(ClientAppActor pid=29085)[0m [93mWARNING [0m:   Deprecation Warning: The `client_fn` function must return an instance of `Client`, but an instance of `NumpyClient` was returned. Please use `NumPyClient.to_client()` method to convert it to `Client`.[32m [repeated 2x across cluster][0m
[36m(ClientAppActor pid=29085)[0m             This is a deprecated feature. It will be removed[32m [repeated 4x across cluster][0m
[36m(ClientAppActor pid=29085)[0m             entirely in future versions of Flower.[32m [repeated 4x across cluster][0m
[36m(ClientAppActor pid=29085)[0m [93mWARNING [0m:   DEPRECATED FEATURE: `client_fn` now expects a signature `def client_fn(context: Context)`.The provided `client_fn` has signature: {'cid': <Parameter "cid: str">}. You can import the `Context` like this: `from flwr.app import Context`
[36m(ClientAppActor pid=29085)[0m 09/07/2026 20:22:14:WARNING:DEPRECATED FEATURE: `client_fn` now expects a signature `def client_fn(context: Context)`.The provided `client_fn` has signature: {'cid': <Parameter "cid: str">}. You can import the `Context` like this: `from flwr.app import Context`
[36m(ClientAppActor pid=29085)[0m 09/07/2026 20:22:14:WARNING:Deprecation Warning: The `client_fn` function must return an instance of `Client`, but an instance of `NumpyClient` was returned. Please use `NumPyClient.to_client()` method to convert it to `Client`.
[36m(ClientAppActor pid=29085)[0m Test set: Average loss: 2.3089, Accuracy: 1148/10000 (11.48%)
[36m(ClientAppActor pid=29086)[0m [93mWARNING [0m:   DEPRECATED FEATURE: `client_fn` now expects a signature `def client_fn(context: Context)`.The provided `client_fn` has signature: {'cid': <Parameter "cid: str">}. You can import the `Context` like this: `from flwr.app import Context`
[36m(ClientAppActor pid=29086)[0m 
[36m(ClientAppActor pid=29086)[0m         
[36m(ClientAppActor pid=29086)[0m 09/07/2026 20:22:15:WARNING:DEPRECATED FEATURE: `client_fn` now expects a signature `def client_fn(context: Context)`.The provided `client_fn` has signature: {'cid': <Parameter "cid: str">}. You can import the `Context` like this: `from flwr.app import Context`
[36m(ClientAppActor pid=29086)[0m 
[36m(ClientAppActor pid=29086)[0m         
[36m(ClientAppActor pid=29086)[0m 09/07/2026 20:22:15:WARNING:Deprecation Warning: The `client_fn` function must return an instance of `Client`, but an instance of `NumpyClient` was returned. Please use `NumPyClient.to_client()` method to convert it to `Client`.
[36m(ClientAppActor pid=29086)[0m Test set: Average loss: 2.3089, Accuracy: 1148/10000 (11.48%)[32m [repeated 2x across cluster][0m
[36m(ClientAppActor pid=29085)[0m 
[36m(ClientAppActor pid=29085)[0m         
[36m(ClientAppActor pid=29085)[0m 
[36m(ClientAppActor pid=29085)[0m         
[36m(ClientAppActor pid=29085)[0m [93mWARNING [0m:   Deprecation Warning: The `client_fn` function must return an instance of `Client`, but an instance of `NumpyClient` was returned. Please use `NumPyClient.to_client()` method to convert it to `Client`.[32m [repeated 2x across cluster][0m
[36m(ClientAppActor pid=29085)[0m             This is a deprecated feature. It will be removed[32m [repeated 4x across cluster][0m
[36m(ClientAppActor pid=29085)[0m             entirely in future versions of Flower.[32m [repeated 4x across cluster][0m
[36m(ClientAppActor pid=29085)[0m [93mWARNING [0m:   DEPRECATED FEATURE: `client_fn` now expects a signature `def client_fn(context: Context)`.The provided `client_fn` has signature: {'cid': <Parameter "cid: str">}. You can import the `Context` like this: `from flwr.app import Context`
[36m(ClientAppActor pid=29085)[0m 09/07/2026 20:22:26:WARNING:DEPRECATED FEATURE: `client_fn` now expects a signature `def client_fn(context: Context)`.The provided `client_fn` has signature: {'cid': <Parameter "cid: str">}. You can import the `Context` like this: `from flwr.app import Context`
[36m(ClientAppActor pid=29085)[0m 09/07/2026 20:22:26:WARNING:Deprecation Warning: The `client_fn` function must return an instance of `Client`, but an instance of `NumpyClient` was returned. Please use `NumPyClient.to_client()` method to convert it to `Client`.
[92mINFO [0m:      aggregate_evaluate: received 5 results and 0 failures
09/07/2026 20:22:31:INFO:aggregate_evaluate: received 5 results and 0 failures
[92mINFO [0m:      
09/07/2026 20:22:31:INFO:
[92mINFO [0m:      [ROUND 2]
09/07/2026 20:22:31:INFO:[ROUND 2]
[92mINFO [0m:      configure_fit: strategy sampled 5 clients (out of 5)
09/07/2026 20:22:31:INFO:configure_fit: strategy sampled 5 clients (out of 5)
[36m(ClientAppActor pid=29085)[0m [93mWARNING [0m:   DEPRECATED FEATURE: `client_fn` now expects a signature `def client_fn(context: Context)`.The provided `client_fn` has signature: {'cid': <Parameter "cid: str">}. You can import the `Context` like this: `from flwr.app import Context`
[36m(ClientAppActor pid=29085)[0m 
[36m(ClientAppActor pid=29085)[0m         
[36m(ClientAppActor pid=29085)[0m 09/07/2026 20:22:32:WARNING:DEPRECATED FEATURE: `client_fn` now expects a signature `def client_fn(context: Context)`.The provided `client_fn` has signature: {'cid': <Parameter "cid: str">}. You can import the `Context` like this: `from flwr.app import Context`
[36m(ClientAppActor pid=29085)[0m 
[36m(ClientAppActor pid=29085)[0m         
[36m(ClientAppActor pid=29085)[0m 09/07/2026 20:22:32:WARNING:Deprecation Warning: The `client_fn` function must return an instance of `Client`, but an instance of `NumpyClient` was returned. Please use `NumPyClient.to_client()` method to convert it to `Client`.
[36m(ClientAppActor pid=29085)[0m /usr/local/lib/python3.13/dist-packages/opacus/privacy_engine.py:98: UserWarning: Secure RNG turned off. This is perfectly fine for experimentation as it allows for much faster training performance, but remember to turn it on and retrain one last time before production with ``secure_mode`` turned on.
[36m(ClientAppActor pid=29085)[0m   warnings.warn(
[36m(ClientAppActor pid=29085)[0m [93mWARNING [0m:   Deprecation Warning: The `client_fn` function must return an instance of `Client`, but an instance of `NumpyClient` was returned. Please use `NumPyClient.to_client()` method to convert it to `Client`.
[36m(ClientAppActor pid=29085)[0m             This is a deprecated feature. It will be removed[32m [repeated 2x across cluster][0m
[36m(ClientAppActor pid=29085)[0m             entirely in future versions of Flower.[32m [repeated 2x across cluster][0m
[36m(ClientAppActor pid=29085)[0m Test set: Average loss: 2.3089, Accuracy: 1148/10000 (11.48%)[32m [repeated 2x across cluster][0m
[36m(ClientAppActor pid=29086)[0m 
[36m(ClientAppActor pid=29086)[0m         
[36m(ClientAppActor pid=29086)[0m 
[36m(ClientAppActor pid=29086)[0m         
[36m(ClientAppActor pid=29086)[0m [93mWARNING [0m:   Deprecation Warning: The `client_fn` function must return an instance of `Client`, but an instance of `NumpyClient` was returned. Please use `NumPyClient.to_client()` method to convert it to `Client`.
[36m(ClientAppActor pid=29086)[0m Train Epoch: 1 	Loss: 1.243142	Accuracy: 59.02%
[36m(ClientAppActor pid=29086)[0m [Client 1] Opacus Accountant Epsilon: 0.2131
[36m(ClientAppActor pid=29086)[0m 
[36m(ClientAppActor pid=29086)[0m         
[36m(ClientAppActor pid=29086)[0m 
[36m(ClientAppActor pid=29086)[0m         
[36m(ClientAppActor pid=29086)[0m [93mWARNING [0m:   Deprecation Warning: The `client_fn` function must return an instance of `Client`, but an instance of `NumpyClient` was returned. Please use `NumPyClient.to_client()` method to convert it to `Client`.
[36m(ClientAppActor pid=29086)[0m [93mWARNING [0m:   DEPRECATED FEATURE: `client_fn` now expects a signature `def client_fn(context: Context)`.The provided `client_fn` has signature: {'cid': <Parameter "cid: str">}. You can import the `Context` like this: `from flwr.app import Context`[32m [repeated 2x across cluster][0m
[36m(ClientAppActor pid=29086)[0m 09/07/2026 20:23:12:WARNING:DEPRECATED FEATURE: `client_fn` now expects a signature `def client_fn(context: Context)`.The provided `client_fn` has signature: {'cid': <Parameter "cid: str">}. You can import the `Context` like this: `from flwr.app import Context`[32m [repeated 2x across cluster][0m
[36m(ClientAppActor pid=29086)[0m 09/07/2026 20:23:12:WARNING:Deprecation Warning: The `client_fn` function must return an instance of `Client`, but an instance of `NumpyClient` was returned. Please use `NumPyClient.to_client()` method to convert it to `Client`.[32m [repeated 2x across cluster][0m
[36m(ClientAppActor pid=29086)[0m /usr/local/lib/python3.13/dist-packages/opacus/privacy_engine.py:98: UserWarning: Secure RNG turned off. This is perfectly fine for experimentation as it allows for much faster training performance, but remember to turn it on and retrain one last time before production with ``secure_mode`` turned on.[32m [repeated 2x across cluster][0m
[36m(ClientAppActor pid=29086)[0m   warnings.warn([32m [repeated 2x across cluster][0m
[36m(ClientAppActor pid=29086)[0m             This is a deprecated feature. It will be removed[32m [repeated 4x across cluster][0m
[36m(ClientAppActor pid=29086)[0m             entirely in future versions of Flower.[32m [repeated 4x across cluster][0m
[36m(ClientAppActor pid=29085)[0m 
[36m(ClientAppActor pid=29085)[0m         
[36m(ClientAppActor pid=29085)[0m 
[36m(ClientAppActor pid=29085)[0m         
[36m(ClientAppActor pid=29085)[0m [93mWARNING [0m:   Deprecation Warning: The `client_fn` function must return an instance of `Client`, but an instance of `NumpyClient` was returned. Please use `NumPyClient.to_client()` method to convert it to `Client`.
[36m(ClientAppActor pid=29085)[0m Train Epoch: 1 	Loss: 1.931237	Accuracy: 56.35%[32m [repeated 2x across cluster][0m
[36m(ClientAppActor pid=29085)[0m [Client 4] Opacus Accountant Epsilon: 0.2711[32m [repeated 2x across cluster][0m
[36m(ClientAppActor pid=29085)[0m 
[36m(ClientAppActor pid=29085)[0m         
[36m(ClientAppActor pid=29085)[0m 
[36m(ClientAppActor pid=29085)[0m         
[36m(ClientAppActor pid=29085)[0m [93mWARNING [0m:   Deprecation Warning: The `client_fn` function must return an instance of `Client`, but an instance of `NumpyClient` was returned. Please use `NumPyClient.to_client()` method to convert it to `Client`.
[36m(ClientAppActor pid=29085)[0m [93mWARNING [0m:   DEPRECATED FEATURE: `client_fn` now expects a signature `def client_fn(context: Context)`.The provided `client_fn` has signature: {'cid': <Parameter "cid: str">}. You can import the `Context` like this: `from flwr.app import Context`[32m [repeated 2x across cluster][0m
[36m(ClientAppActor pid=29085)[0m 09/07/2026 20:23:36:WARNING:DEPRECATED FEATURE: `client_fn` now expects a signature `def client_fn(context: Context)`.The provided `client_fn` has signature: {'cid': <Parameter "cid: str">}. You can import the `Context` like this: `from flwr.app import Context`[32m [repeated 2x across cluster][0m
[36m(ClientAppActor pid=29085)[0m 09/07/2026 20:23:36:WARNING:Deprecation Warning: The `client_fn` function must return an instance of `Client`, but an instance of `NumpyClient` was returned. Please use `NumPyClient.to_client()` method to convert it to `Client`.[32m [repeated 2x across cluster][0m
[36m(ClientAppActor pid=29085)[0m /usr/local/lib/python3.13/dist-packages/opacus/privacy_engine.py:98: UserWarning: Secure RNG turned off. This is perfectly fine for experimentation as it allows for much faster training performance, but remember to turn it on and retrain one last time before production with ``secure_mode`` turned on.[32m [repeated 2x across cluster][0m
[36m(ClientAppActor pid=29085)[0m   warnings.warn([32m [repeated 2x across cluster][0m
[36m(ClientAppActor pid=29085)[0m             This is a deprecated feature. It will be removed[32m [repeated 4x across cluster][0m
[36m(ClientAppActor pid=29085)[0m             entirely in future versions of Flower.[32m [repeated 4x across cluster][0m
[36m(ClientAppActor pid=29086)[0m Train Epoch: 1 	Loss: 2.696376	Accuracy: 53.14%
[36m(ClientAppActor pid=29086)[0m [Client 3] Opacus Accountant Epsilon: 0.2250
[92mINFO [0m:      aggregate_fit: received 5 results and 0 failures
09/07/2026 20:24:09:INFO:aggregate_fit: received 5 results and 0 failures
[36m(ClientAppActor pid=29085)[0m Train Epoch: 1 	Loss: 1.387510	Accuracy: 38.28%
[36m(ClientAppActor pid=29085)[0m [Client 0] Opacus Accountant Epsilon: 0.1994
[92mINFO [0m:      configure_evaluate: strategy sampled 5 clients (out of 5)
09/07/2026 20:24:09:INFO:configure_evaluate: strategy sampled 5 clients (out of 5)
[36m(ClientAppActor pid=29085)[0m 
[36m(ClientAppActor pid=29085)[0m         
[36m(ClientAppActor pid=29085)[0m 
[36m(ClientAppActor pid=29085)[0m         
[36m(ClientAppActor pid=29085)[0m [93mWARNING [0m:   Deprecation Warning: The `client_fn` function must return an instance of `Client`, but an instance of `NumpyClient` was returned. Please use `NumPyClient.to_client()` method to convert it to `Client`.
[36m(ClientAppActor pid=29085)[0m [93mWARNING [0m:   DEPRECATED FEATURE: `client_fn` now expects a signature `def client_fn(context: Context)`.The provided `client_fn` has signature: {'cid': <Parameter "cid: str">}. You can import the `Context` like this: `from flwr.app import Context`
[36m(ClientAppActor pid=29085)[0m 09/07/2026 20:24:09:WARNING:DEPRECATED FEATURE: `client_fn` now expects a signature `def client_fn(context: Context)`.The provided `client_fn` has signature: {'cid': <Parameter "cid: str">}. You can import the `Context` like this: `from flwr.app import Context`
[36m(ClientAppActor pid=29085)[0m 09/07/2026 20:24:09:WARNING:Deprecation Warning: The `client_fn` function must return an instance of `Client`, but an instance of `NumpyClient` was returned. Please use `NumPyClient.to_client()` method to convert it to `Client`.
[36m(ClientAppActor pid=29085)[0m             This is a deprecated feature. It will be removed[32m [repeated 2x across cluster][0m
[36m(ClientAppActor pid=29085)[0m             entirely in future versions of Flower.[32m [repeated 2x across cluster][0m
[36m(ClientAppActor pid=29086)[0m [93mWARNING [0m:   DEPRECATED FEATURE: `client_fn` now expects a signature `def client_fn(context: Context)`.The provided `client_fn` has signature: {'cid': <Parameter "cid: str">}. You can import the `Context` like this: `from flwr.app import Context`
[36m(ClientAppActor pid=29086)[0m 
[36m(ClientAppActor pid=29086)[0m         
[36m(ClientAppActor pid=29086)[0m 09/07/2026 20:24:09:WARNING:DEPRECATED FEATURE: `client_fn` now expects a signature `def client_fn(context: Context)`.The provided `client_fn` has signature: {'cid': <Parameter "cid: str">}. You can import the `Context` like this: `from flwr.app import Context`
[36m(ClientAppActor pid=29086)[0m 
[36m(ClientAppActor pid=29086)[0m         
[36m(ClientAppActor pid=29086)[0m 09/07/2026 20:24:09:WARNING:Deprecation Warning: The `client_fn` function must return an instance of `Client`, but an instance of `NumpyClient` was returned. Please use `NumPyClient.to_client()` method to convert it to `Client`.
[36m(ClientAppActor pid=29085)[0m Test set: Average loss: 2.2471, Accuracy: 1734/10000 (17.34%)
[36m(ClientAppActor pid=29085)[0m 
[36m(ClientAppActor pid=29085)[0m         
[36m(ClientAppActor pid=29085)[0m 
[36m(ClientAppActor pid=29085)[0m         
[36m(ClientAppActor pid=29085)[0m [93mWARNING [0m:   Deprecation Warning: The `client_fn` function must return an instance of `Client`, but an instance of `NumpyClient` was returned. Please use `NumPyClient.to_client()` method to convert it to `Client`.[32m [repeated 2x across cluster][0m
[36m(ClientAppActor pid=29085)[0m             This is a deprecated feature. It will be removed[32m [repeated 4x across cluster][0m
[36m(ClientAppActor pid=29085)[0m             entirely in future versions of Flower.[32m [repeated 4x across cluster][0m
[36m(ClientAppActor pid=29085)[0m [93mWARNING [0m:   DEPRECATED FEATURE: `client_fn` now expects a signature `def client_fn(context: Context)`.The provided `client_fn` has signature: {'cid': <Parameter "cid: str">}. You can import the `Context` like this: `from flwr.app import Context`
[36m(ClientAppActor pid=29085)[0m 09/07/2026 20:24:20:WARNING:DEPRECATED FEATURE: `client_fn` now expects a signature `def client_fn(context: Context)`.The provided `client_fn` has signature: {'cid': <Parameter "cid: str">}. You can import the `Context` like this: `from flwr.app import Context`
[36m(ClientAppActor pid=29085)[0m 09/07/2026 20:24:20:WARNING:Deprecation Warning: The `client_fn` function must return an instance of `Client`, but an instance of `NumpyClient` was returned. Please use `NumPyClient.to_client()` method to convert it to `Client`.
[36m(ClientAppActor pid=29086)[0m [93mWARNING [0m:   DEPRECATED FEATURE: `client_fn` now expects a signature `def client_fn(context: Context)`.The provided `client_fn` has signature: {'cid': <Parameter "cid: str">}. You can import the `Context` like this: `from flwr.app import Context`
[36m(ClientAppActor pid=29086)[0m 
[36m(ClientAppActor pid=29086)[0m         
[36m(ClientAppActor pid=29086)[0m 09/07/2026 20:24:20:WARNING:DEPRECATED FEATURE: `client_fn` now expects a signature `def client_fn(context: Context)`.The provided `client_fn` has signature: {'cid': <Parameter "cid: str">}. You can import the `Context` like this: `from flwr.app import Context`
[36m(ClientAppActor pid=29086)[0m 
[36m(ClientAppActor pid=29086)[0m         
[36m(ClientAppActor pid=29086)[0m 09/07/2026 20:24:20:WARNING:Deprecation Warning: The `client_fn` function must return an instance of `Client`, but an instance of `NumpyClient` was returned. Please use `NumPyClient.to_client()` method to convert it to `Client`.
[36m(ClientAppActor pid=29085)[0m Test set: Average loss: 2.2471, Accuracy: 1734/10000 (17.34%)[32m [repeated 2x across cluster][0m
[36m(ClientAppActor pid=29085)[0m 
[36m(ClientAppActor pid=29085)[0m         
[36m(ClientAppActor pid=29085)[0m 
[36m(ClientAppActor pid=29085)[0m         
[36m(ClientAppActor pid=29085)[0m [93mWARNING [0m:   Deprecation Warning: The `client_fn` function must return an instance of `Client`, but an instance of `NumpyClient` was returned. Please use `NumPyClient.to_client()` method to convert it to `Client`.[32m [repeated 2x across cluster][0m
[36m(ClientAppActor pid=29085)[0m             This is a deprecated feature. It will be removed[32m [repeated 4x across cluster][0m
[36m(ClientAppActor pid=29085)[0m             entirely in future versions of Flower.[32m [repeated 4x across cluster][0m
[36m(ClientAppActor pid=29085)[0m [93mWARNING [0m:   DEPRECATED FEATURE: `client_fn` now expects a signature `def client_fn(context: Context)`.The provided `client_fn` has signature: {'cid': <Parameter "cid: str">}. You can import the `Context` like this: `from flwr.app import Context`
[36m(ClientAppActor pid=29085)[0m 09/07/2026 20:24:31:WARNING:DEPRECATED FEATURE: `client_fn` now expects a signature `def client_fn(context: Context)`.The provided `client_fn` has signature: {'cid': <Parameter "cid: str">}. You can import the `Context` like this: `from flwr.app import Context`
[36m(ClientAppActor pid=29085)[0m 09/07/2026 20:24:31:WARNING:Deprecation Warning: The `client_fn` function must return an instance of `Client`, but an instance of `NumpyClient` was returned. Please use `NumPyClient.to_client()` method to convert it to `Client`.
[92mINFO [0m:      aggregate_evaluate: received 5 results and 0 failures
09/07/2026 20:24:37:INFO:aggregate_evaluate: received 5 results and 0 failures
[92mINFO [0m:      
09/07/2026 20:24:37:INFO:
[92mINFO [0m:      [ROUND 3]
09/07/2026 20:24:37:INFO:[ROUND 3]
[92mINFO [0m:      configure_fit: strategy sampled 5 clients (out of 5)
09/07/2026 20:24:37:INFO:configure_fit: strategy sampled 5 clients (out of 5)
[36m(ClientAppActor pid=29085)[0m Test set: Average loss: 2.2471, Accuracy: 1734/10000 (17.34%)[32m [repeated 2x across cluster][0m
[36m(ClientAppActor pid=29086)[0m [93mWARNING [0m:   DEPRECATED FEATURE: `client_fn` now expects a signature `def client_fn(context: Context)`.The provided `client_fn` has signature: {'cid': <Parameter "cid: str">}. You can import the `Context` like this: `from flwr.app import Context`
[36m(ClientAppActor pid=29086)[0m 
[36m(ClientAppActor pid=29086)[0m         
[36m(ClientAppActor pid=29086)[0m 09/07/2026 20:24:37:WARNING:DEPRECATED FEATURE: `client_fn` now expects a signature `def client_fn(context: Context)`.The provided `client_fn` has signature: {'cid': <Parameter "cid: str">}. You can import the `Context` like this: `from flwr.app import Context`
[36m(ClientAppActor pid=29086)[0m 
[36m(ClientAppActor pid=29086)[0m         
[36m(ClientAppActor pid=29086)[0m 09/07/2026 20:24:37:WARNING:Deprecation Warning: The `client_fn` function must return an instance of `Client`, but an instance of `NumpyClient` was returned. Please use `NumPyClient.to_client()` method to convert it to `Client`.
[36m(ClientAppActor pid=29086)[0m /usr/local/lib/python3.13/dist-packages/opacus/privacy_engine.py:98: UserWarning: Secure RNG turned off. This is perfectly fine for experimentation as it allows for much faster training performance, but remember to turn it on and retrain one last time before production with ``secure_mode`` turned on.
[36m(ClientAppActor pid=29086)[0m   warnings.warn(
[36m(ClientAppActor pid=29086)[0m [93mWARNING [0m:   Deprecation Warning: The `client_fn` function must return an instance of `Client`, but an instance of `NumpyClient` was returned. Please use `NumPyClient.to_client()` method to convert it to `Client`.
[36m(ClientAppActor pid=29086)[0m             This is a deprecated feature. It will be removed[32m [repeated 2x across cluster][0m
[36m(ClientAppActor pid=29086)[0m             entirely in future versions of Flower.[32m [repeated 2x across cluster][0m
[36m(ClientAppActor pid=29085)[0m 
[36m(ClientAppActor pid=29085)[0m         
[36m(ClientAppActor pid=29085)[0m 
[36m(ClientAppActor pid=29085)[0m         
[36m(ClientAppActor pid=29085)[0m [93mWARNING [0m:   Deprecation Warning: The `client_fn` function must return an instance of `Client`, but an instance of `NumpyClient` was returned. Please use `NumPyClient.to_client()` method to convert it to `Client`.
[36m(ClientAppActor pid=29085)[0m Train Epoch: 1 	Loss: 1.884527	Accuracy: 58.59%
[36m(ClientAppActor pid=29085)[0m [Client 4] Opacus Accountant Epsilon: 0.2711
[36m(ClientAppActor pid=29085)[0m 
[36m(ClientAppActor pid=29085)[0m         
[36m(ClientAppActor pid=29085)[0m 
[36m(ClientAppActor pid=29085)[0m         
[36m(ClientAppActor pid=29085)[0m [93mWARNING [0m:   Deprecation Warning: The `client_fn` function must return an instance of `Client`, but an instance of `NumpyClient` was returned. Please use `NumPyClient.to_client()` method to convert it to `Client`.
[36m(ClientAppActor pid=29085)[0m [93mWARNING [0m:   DEPRECATED FEATURE: `client_fn` now expects a signature `def client_fn(context: Context)`.The provided `client_fn` has signature: {'cid': <Parameter "cid: str">}. You can import the `Context` like this: `from flwr.app import Context`[32m [repeated 2x across cluster][0m
[36m(ClientAppActor pid=29085)[0m 09/07/2026 20:24:57:WARNING:DEPRECATED FEATURE: `client_fn` now expects a signature `def client_fn(context: Context)`.The provided `client_fn` has signature: {'cid': <Parameter "cid: str">}. You can import the `Context` like this: `from flwr.app import Context`[32m [repeated 2x across cluster][0m
[36m(ClientAppActor pid=29085)[0m 09/07/2026 20:24:57:WARNING:Deprecation Warning: The `client_fn` function must return an instance of `Client`, but an instance of `NumpyClient` was returned. Please use `NumPyClient.to_client()` method to convert it to `Client`.[32m [repeated 2x across cluster][0m
[36m(ClientAppActor pid=29085)[0m /usr/local/lib/python3.13/dist-packages/opacus/privacy_engine.py:98: UserWarning: Secure RNG turned off. This is perfectly fine for experimentation as it allows for much faster training performance, but remember to turn it on and retrain one last time before production with ``secure_mode`` turned on.[32m [repeated 2x across cluster][0m
[36m(ClientAppActor pid=29085)[0m   warnings.warn([32m [repeated 2x across cluster][0m
[36m(ClientAppActor pid=29085)[0m             This is a deprecated feature. It will be removed[32m [repeated 4x across cluster][0m
[36m(ClientAppActor pid=29085)[0m             entirely in future versions of Flower.[32m [repeated 4x across cluster][0m
[36m(ClientAppActor pid=29086)[0m Train Epoch: 1 	Loss: 1.248092	Accuracy: 45.16%
[36m(ClientAppActor pid=29086)[0m [Client 2] Opacus Accountant Epsilon: 0.2042
[36m(ClientAppActor pid=29086)[0m 
[36m(ClientAppActor pid=29086)[0m         
[36m(ClientAppActor pid=29086)[0m 
[36m(ClientAppActor pid=29086)[0m         
[36m(ClientAppActor pid=29086)[0m [93mWARNING [0m:   Deprecation Warning: The `client_fn` function must return an instance of `Client`, but an instance of `NumpyClient` was returned. Please use `NumPyClient.to_client()` method to convert it to `Client`.
[36m(ClientAppActor pid=29086)[0m [93mWARNING [0m:   DEPRECATED FEATURE: `client_fn` now expects a signature `def client_fn(context: Context)`.The provided `client_fn` has signature: {'cid': <Parameter "cid: str">}. You can import the `Context` like this: `from flwr.app import Context`
[36m(ClientAppActor pid=29086)[0m 09/07/2026 20:25:23:WARNING:DEPRECATED FEATURE: `client_fn` now expects a signature `def client_fn(context: Context)`.The provided `client_fn` has signature: {'cid': <Parameter "cid: str">}. You can import the `Context` like this: `from flwr.app import Context`
[36m(ClientAppActor pid=29086)[0m 09/07/2026 20:25:23:WARNING:Deprecation Warning: The `client_fn` function must return an instance of `Client`, but an instance of `NumpyClient` was returned. Please use `NumPyClient.to_client()` method to convert it to `Client`.
[36m(ClientAppActor pid=29086)[0m /usr/local/lib/python3.13/dist-packages/opacus/privacy_engine.py:98: UserWarning: Secure RNG turned off. This is perfectly fine for experimentation as it allows for much faster training performance, but remember to turn it on and retrain one last time before production with ``secure_mode`` turned on.
[36m(ClientAppActor pid=29086)[0m   warnings.warn(
[36m(ClientAppActor pid=29086)[0m             This is a deprecated feature. It will be removed[32m [repeated 2x across cluster][0m
[36m(ClientAppActor pid=29086)[0m             entirely in future versions of Flower.[32m [repeated 2x across cluster][0m
[36m(ClientAppActor pid=29085)[0m Train Epoch: 1 	Loss: 1.350644	Accuracy: 39.78%
[36m(ClientAppActor pid=29085)[0m [Client 0] Opacus Accountant Epsilon: 0.1994
[36m(ClientAppActor pid=29085)[0m [93mWARNING [0m:   DEPRECATED FEATURE: `client_fn` now expects a signature `def client_fn(context: Context)`.The provided `client_fn` has signature: {'cid': <Parameter "cid: str">}. You can import the `Context` like this: `from flwr.app import Context`
[36m(ClientAppActor pid=29085)[0m 
[36m(ClientAppActor pid=29085)[0m         
[36m(ClientAppActor pid=29085)[0m 09/07/2026 20:25:48:WARNING:DEPRECATED FEATURE: `client_fn` now expects a signature `def client_fn(context: Context)`.The provided `client_fn` has signature: {'cid': <Parameter "cid: str">}. You can import the `Context` like this: `from flwr.app import Context`
[36m(ClientAppActor pid=29085)[0m 
[36m(ClientAppActor pid=29085)[0m         
[36m(ClientAppActor pid=29085)[0m 09/07/2026 20:25:48:WARNING:Deprecation Warning: The `client_fn` function must return an instance of `Client`, but an instance of `NumpyClient` was returned. Please use `NumPyClient.to_client()` method to convert it to `Client`.
[36m(ClientAppActor pid=29085)[0m /usr/local/lib/python3.13/dist-packages/opacus/privacy_engine.py:98: UserWarning: Secure RNG turned off. This is perfectly fine for experimentation as it allows for much faster training performance, but remember to turn it on and retrain one last time before production with ``secure_mode`` turned on.
[36m(ClientAppActor pid=29085)[0m   warnings.warn(
[36m(ClientAppActor pid=29085)[0m [93mWARNING [0m:   Deprecation Warning: The `client_fn` function must return an instance of `Client`, but an instance of `NumpyClient` was returned. Please use `NumPyClient.to_client()` method to convert it to `Client`.
[36m(ClientAppActor pid=29085)[0m             This is a deprecated feature. It will be removed[32m [repeated 2x across cluster][0m
[36m(ClientAppActor pid=29085)[0m             entirely in future versions of Flower.[32m [repeated 2x across cluster][0m
[36m(ClientAppActor pid=29086)[0m Train Epoch: 1 	Loss: 1.340090	Accuracy: 60.63%
[36m(ClientAppActor pid=29086)[0m [Client 1] Opacus Accountant Epsilon: 0.2131
[36m(ClientAppActor pid=29085)[0m Train Epoch: 1 	Loss: 2.584663	Accuracy: 51.59%
[92mINFO [0m:      aggregate_fit: received 5 results and 0 failures
09/07/2026 20:26:13:INFO:aggregate_fit: received 5 results and 0 failures
[92mINFO [0m:      configure_evaluate: strategy sampled 5 clients (out of 5)
09/07/2026 20:26:13:INFO:configure_evaluate: strategy sampled 5 clients (out of 5)
[36m(ClientAppActor pid=29085)[0m [Client 3] Opacus Accountant Epsilon: 0.2250
[36m(ClientAppActor pid=29085)[0m [93mWARNING [0m:   DEPRECATED FEATURE: `client_fn` now expects a signature `def client_fn(context: Context)`.The provided `client_fn` has signature: {'cid': <Parameter "cid: str">}. You can import the `Context` like this: `from flwr.app import Context`
[36m(ClientAppActor pid=29085)[0m 
[36m(ClientAppActor pid=29085)[0m         
[36m(ClientAppActor pid=29085)[0m 09/07/2026 20:26:13:WARNING:DEPRECATED FEATURE: `client_fn` now expects a signature `def client_fn(context: Context)`.The provided `client_fn` has signature: {'cid': <Parameter "cid: str">}. You can import the `Context` like this: `from flwr.app import Context`
[36m(ClientAppActor pid=29085)[0m 
[36m(ClientAppActor pid=29085)[0m         
[36m(ClientAppActor pid=29085)[0m             This is a deprecated feature. It will be removed[32m [repeated 2x across cluster][0m
[36m(ClientAppActor pid=29085)[0m             entirely in future versions of Flower.[32m [repeated 2x across cluster][0m
[36m(ClientAppActor pid=29085)[0m [93mWARNING [0m:   Deprecation Warning: The `client_fn` function must return an instance of `Client`, but an instance of `NumpyClient` was returned. Please use `NumPyClient.to_client()` method to convert it to `Client`.
[36m(ClientAppActor pid=29085)[0m 09/07/2026 20:26:14:WARNING:Deprecation Warning: The `client_fn` function must return an instance of `Client`, but an instance of `NumpyClient` was returned. Please use `NumPyClient.to_client()` method to convert it to `Client`.
[36m(ClientAppActor pid=29086)[0m [93mWARNING [0m:   DEPRECATED FEATURE: `client_fn` now expects a signature `def client_fn(context: Context)`.The provided `client_fn` has signature: {'cid': <Parameter "cid: str">}. You can import the `Context` like this: `from flwr.app import Context`
[36m(ClientAppActor pid=29086)[0m 
[36m(ClientAppActor pid=29086)[0m         
[36m(ClientAppActor pid=29086)[0m 09/07/2026 20:26:14:WARNING:DEPRECATED FEATURE: `client_fn` now expects a signature `def client_fn(context: Context)`.The provided `client_fn` has signature: {'cid': <Parameter "cid: str">}. You can import the `Context` like this: `from flwr.app import Context`
[36m(ClientAppActor pid=29086)[0m 
[36m(ClientAppActor pid=29086)[0m         
[36m(ClientAppActor pid=29085)[0m Test set: Average loss: 2.1658, Accuracy: 1954/10000 (19.54%)
[36m(ClientAppActor pid=29085)[0m 
[36m(ClientAppActor pid=29085)[0m         
[36m(ClientAppActor pid=29085)[0m 
[36m(ClientAppActor pid=29085)[0m         
[36m(ClientAppActor pid=29085)[0m             This is a deprecated feature. It will be removed[32m [repeated 4x across cluster][0m
[36m(ClientAppActor pid=29085)[0m             entirely in future versions of Flower.[32m [repeated 4x across cluster][0m
[36m(ClientAppActor pid=29085)[0m [93mWARNING [0m:   Deprecation Warning: The `client_fn` function must return an instance of `Client`, but an instance of `NumpyClient` was returned. Please use `NumPyClient.to_client()` method to convert it to `Client`.[32m [repeated 2x across cluster][0m
[36m(ClientAppActor pid=29085)[0m 09/07/2026 20:26:24:WARNING:Deprecation Warning: The `client_fn` function must return an instance of `Client`, but an instance of `NumpyClient` was returned. Please use `NumPyClient.to_client()` method to convert it to `Client`.[32m [repeated 2x across cluster][0m
[36m(ClientAppActor pid=29085)[0m [93mWARNING [0m:   DEPRECATED FEATURE: `client_fn` now expects a signature `def client_fn(context: Context)`.The provided `client_fn` has signature: {'cid': <Parameter "cid: str">}. You can import the `Context` like this: `from flwr.app import Context`
[36m(ClientAppActor pid=29085)[0m 09/07/2026 20:26:24:WARNING:DEPRECATED FEATURE: `client_fn` now expects a signature `def client_fn(context: Context)`.The provided `client_fn` has signature: {'cid': <Parameter "cid: str">}. You can import the `Context` like this: `from flwr.app import Context`
[36m(ClientAppActor pid=29086)[0m [93mWARNING [0m:   DEPRECATED FEATURE: `client_fn` now expects a signature `def client_fn(context: Context)`.The provided `client_fn` has signature: {'cid': <Parameter "cid: str">}. You can import the `Context` like this: `from flwr.app import Context`
[36m(ClientAppActor pid=29086)[0m 
[36m(ClientAppActor pid=29086)[0m         
[36m(ClientAppActor pid=29086)[0m 09/07/2026 20:26:24:WARNING:DEPRECATED FEATURE: `client_fn` now expects a signature `def client_fn(context: Context)`.The provided `client_fn` has signature: {'cid': <Parameter "cid: str">}. You can import the `Context` like this: `from flwr.app import Context`
[36m(ClientAppActor pid=29086)[0m 
[36m(ClientAppActor pid=29086)[0m         
[36m(ClientAppActor pid=29085)[0m Test set: Average loss: 2.1658, Accuracy: 1954/10000 (19.54%)[32m [repeated 2x across cluster][0m
[36m(ClientAppActor pid=29085)[0m 
[36m(ClientAppActor pid=29085)[0m         
[36m(ClientAppActor pid=29085)[0m 
[36m(ClientAppActor pid=29085)[0m         
[36m(ClientAppActor pid=29085)[0m             This is a deprecated feature. It will be removed[32m [repeated 4x across cluster][0m
[36m(ClientAppActor pid=29085)[0m             entirely in future versions of Flower.[32m [repeated 4x across cluster][0m
[36m(ClientAppActor pid=29085)[0m [93mWARNING [0m:   Deprecation Warning: The `client_fn` function must return an instance of `Client`, but an instance of `NumpyClient` was returned. Please use `NumPyClient.to_client()` method to convert it to `Client`.[32m [repeated 2x across cluster][0m
[36m(ClientAppActor pid=29085)[0m 09/07/2026 20:26:35:WARNING:Deprecation Warning: The `client_fn` function must return an instance of `Client`, but an instance of `NumpyClient` was returned. Please use `NumPyClient.to_client()` method to convert it to `Client`.[32m [repeated 2x across cluster][0m
[36m(ClientAppActor pid=29085)[0m [93mWARNING [0m:   DEPRECATED FEATURE: `client_fn` now expects a signature `def client_fn(context: Context)`.The provided `client_fn` has signature: {'cid': <Parameter "cid: str">}. You can import the `Context` like this: `from flwr.app import Context`
[36m(ClientAppActor pid=29085)[0m 09/07/2026 20:26:35:WARNING:DEPRECATED FEATURE: `client_fn` now expects a signature `def client_fn(context: Context)`.The provided `client_fn` has signature: {'cid': <Parameter "cid: str">}. You can import the `Context` like this: `from flwr.app import Context`
[92mINFO [0m:      aggregate_evaluate: received 5 results and 0 failures
09/07/2026 20:26:42:INFO:aggregate_evaluate: received 5 results and 0 failures
[92mINFO [0m:      
09/07/2026 20:26:42:INFO:
[92mINFO [0m:      [SUMMARY]
09/07/2026 20:26:42:INFO:[SUMMARY]
[92mINFO [0m:      Run finished 3 round(s) in 379.33s
09/07/2026 20:26:42:INFO:Run finished 3 round(s) in 379.33s
[92mINFO [0m:      	History (loss, distributed):
09/07/2026 20:26:42:INFO:	History (loss, distributed):
[92mINFO [0m:      		round 1: 2.308940630809517
09/07/2026 20:26:42:INFO:		round 1: 2.308940630809517
[92mINFO [0m:      		round 2: 2.247083591048125
09/07/2026 20:26:42:INFO:		round 2: 2.247083591048125
[92mINFO [0m:      		round 3: 2.165795408236753
09/07/2026 20:26:42:INFO:		round 3: 2.165795408236753
[92mINFO [0m:      	History (metrics, distributed, fit):
09/07/2026 20:26:42:INFO:	History (metrics, distributed, fit):
[92mINFO [0m:      	{'client_stats': [(1,
09/07/2026 20:26:42:INFO:	{'client_stats': [(1,
[92mINFO [0m:      	                   '[{"client_id": "4", "sample_rate": 0.011363636363636364, '
09/07/2026 20:26:42:INFO:	                   '[{"client_id": "4", "sample_rate": 0.011363636363636364, '
[92mINFO [0m:      	                   '"dp_steps": 88, "sigma": 2.0, "C": 0.1}, {"client_id": '
09/07/2026 20:26:42:INFO:	                   '"dp_steps": 88, "sigma": 2.0, "C": 0.1}, {"client_id": '
[92mINFO [0m:      	                   '"1", "sample_rate": 0.006060606060606061, "dp_steps": 165, '
09/07/2026 20:26:42:INFO:	                   '"1", "sample_rate": 0.006060606060606061, "dp_steps": 165, '
[92mINFO [0m:      	                   '"sigma": 2.0, "C": 0.1}, {"client_id": "2", "sample_rate": '
09/07/2026 20:26:42:INFO:	                   '"sigma": 2.0, "C": 0.1}, {"client_id": "2", "sample_rate": '
[92mINFO [0m:      	                   '0.0053475935828877, "dp_steps": 187, "sigma": 2.0, "C": '
09/07/2026 20:26:42:INFO:	                   '0.0053475935828877, "dp_steps": 187, "sigma": 2.0, "C": '
[92mINFO [0m:      	                   '0.1}, {"client_id": "3", "sample_rate": '
09/07/2026 20:26:42:INFO:	                   '0.1}, {"client_id": "3", "sample_rate": '
[92mINFO [0m:      	                   '0.007042253521126761, "dp_steps": 142, "sigma": 2.0, "C": '
09/07/2026 20:26:42:INFO:	                   '0.007042253521126761, "dp_steps": 142, "sigma": 2.0, "C": '
[92mINFO [0m:      	                   '0.1}, {"client_id": "0", "sample_rate": '
09/07/2026 20:26:42:INFO:	                   '0.1}, {"client_id": "0", "sample_rate": '
[92mINFO [0m:      	                   '0.0049261083743842365, "dp_steps": 203, "sigma": 2.0, "C": '
09/07/2026 20:26:42:INFO:	                   '0.0049261083743842365, "dp_steps": 203, "sigma": 2.0, "C": '
[92mINFO [0m:      	                   '0.1}]'),
09/07/2026 20:26:42:INFO:	                   '0.1}]'),
[92mINFO [0m:      	                  (2,
09/07/2026 20:26:42:INFO:	                  (2,
[92mINFO [0m:      	                   '[{"client_id": "1", "sample_rate": 0.006060606060606061, '
09/07/2026 20:26:42:INFO:	                   '[{"client_id": "1", "sample_rate": 0.006060606060606061, '
[92mINFO [0m:      	                   '"dp_steps": 165, "sigma": 2.0, "C": 0.1}, {"client_id": '
09/07/2026 20:26:42:INFO:	                   '"dp_steps": 165, "sigma": 2.0, "C": 0.1}, {"client_id": '
[92mINFO [0m:      	                   '"4", "sample_rate": 0.011363636363636364, "dp_steps": 88, '
09/07/2026 20:26:42:INFO:	                   '"4", "sample_rate": 0.011363636363636364, "dp_steps": 88, '
[92mINFO [0m:      	                   '"sigma": 2.0, "C": 0.1}, {"client_id": "3", "sample_rate": '
09/07/2026 20:26:42:INFO:	                   '"sigma": 2.0, "C": 0.1}, {"client_id": "3", "sample_rate": '
[92mINFO [0m:      	                   '0.007042253521126761, "dp_steps": 142, "sigma": 2.0, "C": '
09/07/2026 20:26:42:INFO:	                   '0.007042253521126761, "dp_steps": 142, "sigma": 2.0, "C": '
[92mINFO [0m:      	                   '0.1}, {"client_id": "2", "sample_rate": '
09/07/2026 20:26:42:INFO:	                   '0.1}, {"client_id": "2", "sample_rate": '
[92mINFO [0m:      	                   '0.0053475935828877, "dp_steps": 187, "sigma": 2.0, "C": '
09/07/2026 20:26:42:INFO:	                   '0.0053475935828877, "dp_steps": 187, "sigma": 2.0, "C": '
[92mINFO [0m:      	                   '0.1}, {"client_id": "0", "sample_rate": '
09/07/2026 20:26:42:INFO:	                   '0.1}, {"client_id": "0", "sample_rate": '
[92mINFO [0m:      	                   '0.0049261083743842365, "dp_steps": 203, "sigma": 2.0, "C": '
09/07/2026 20:26:42:INFO:	                   '0.0049261083743842365, "dp_steps": 203, "sigma": 2.0, "C": '
[92mINFO [0m:      	                   '0.1}]'),
09/07/2026 20:26:42:INFO:	                   '0.1}]'),
[92mINFO [0m:      	                  (3,
09/07/2026 20:26:42:INFO:	                  (3,
[92mINFO [0m:      	                   '[{"client_id": "4", "sample_rate": 0.011363636363636364, '
09/07/2026 20:26:42:INFO:	                   '[{"client_id": "4", "sample_rate": 0.011363636363636364, '
[92mINFO [0m:      	                   '"dp_steps": 88, "sigma": 2.0, "C": 0.1}, {"client_id": '
09/07/2026 20:26:42:INFO:	                   '"dp_steps": 88, "sigma": 2.0, "C": 0.1}, {"client_id": '
[92mINFO [0m:      	                   '"3", "sample_rate": 0.007042253521126761, "dp_steps": 142, '
09/07/2026 20:26:42:INFO:	                   '"3", "sample_rate": 0.007042253521126761, "dp_steps": 142, '
[92mINFO [0m:      	                   '"sigma": 2.0, "C": 0.1}, {"client_id": "1", "sample_rate": '
09/07/2026 20:26:42:INFO:	                   '"sigma": 2.0, "C": 0.1}, {"client_id": "1", "sample_rate": '
[92mINFO [0m:      	                   '0.006060606060606061, "dp_steps": 165, "sigma": 2.0, "C": '
09/07/2026 20:26:42:INFO:	                   '0.006060606060606061, "dp_steps": 165, "sigma": 2.0, "C": '
[92mINFO [0m:      	                   '0.1}, {"client_id": "2", "sample_rate": '
09/07/2026 20:26:42:INFO:	                   '0.1}, {"client_id": "2", "sample_rate": '
[92mINFO [0m:      	                   '0.0053475935828877, "dp_steps": 187, "sigma": 2.0, "C": '
09/07/2026 20:26:42:INFO:	                   '0.0053475935828877, "dp_steps": 187, "sigma": 2.0, "C": '
[92mINFO [0m:      	                   '0.1}, {"client_id": "0", "sample_rate": '
09/07/2026 20:26:42:INFO:	                   '0.1}, {"client_id": "0", "sample_rate": '
[92mINFO [0m:      	                   '0.0049261083743842365, "dp_steps": 203, "sigma": 2.0, "C": '
09/07/2026 20:26:42:INFO:	                   '0.0049261083743842365, "dp_steps": 203, "sigma": 2.0, "C": '
[92mINFO [0m:      	                   '0.1}]')]}
09/07/2026 20:26:42:INFO:	                   '0.1}]')]}
[92mINFO [0m:      	History (metrics, distributed, evaluate):
09/07/2026 20:26:42:INFO:	History (metrics, distributed, evaluate):
[92mINFO [0m:      	{'accuracy': [(1, 11.48), (2, 17.34), (3, 19.54)]}
09/07/2026 20:26:42:INFO:	{'accuracy': [(1, 11.48), (2, 17.34), (3, 19.54)]}
[92mINFO [0m:      
09/07/2026 20:26:42:INFO:
[36m(ClientAppActor pid=29085)[0m Test set: Average loss: 2.1658, Accuracy: 1954/10000 (19.54%)[32m [repeated 2x across cluster][0m

--- DP-SGD FINAL RESULTS ---
sigma=2.0, C=0.1
Privacy Guarantee: epsilon=0.3989 (delta=1e-5, alpha=34.0)
Final Aggregated Accuracy: 19.54%
Runtime: 413.95 seconds
Results saved to results/stage5/per_run/sigma_2.0_C_0.1
Running Federation on FULL CIFAR-10, clients: 5, alpha: 0.1
CUDA Available: True
Selected Device: cuda
GPU Name: Tesla T4
PyTorch Version: 2.13.0+cu130
Opacus Version: 1.6.0
Flower Version: 1.35.0
2026-09-07 20:27:06.454800: I tensorflow/core/platform/cpu_feature_guard.cc:210] This TensorFlow binary is optimized to use available CPU instructions in performance-critical operations.
To enable the following instructions: AVX2 AVX512F FMA, in other operations, rebuild TensorFlow with the appropriate compiler flags.
[93mWARNING [0m:   DEPRECATED FEATURE: flwr.simulation.start_simulation() is deprecated.
	Instead, use the `flwr run` CLI command to start a local simulation in your Flower app, as shown for example below:

		$ flwr new  # Create a new Flower app from a template

		$ flwr run  # Run the Flower app in Simulation Mode

	Using `start_simulation()` is deprecated.

            This is a deprecated feature. It will be removed
            entirely in future versions of Flower.
        
09/07/2026 20:27:10:WARNING:DEPRECATED FEATURE: flwr.simulation.start_simulation() is deprecated.
	Instead, use the `flwr run` CLI command to start a local simulation in your Flower app, as shown for example below:

		$ flwr new  # Create a new Flower app from a template

		$ flwr run  # Run the Flower app in Simulation Mode

	Using `start_simulation()` is deprecated.

            This is a deprecated feature. It will be removed
            entirely in future versions of Flower.
        
[92mINFO [0m:      Starting Flower simulation, config: num_rounds=3, no round_timeout
09/07/2026 20:27:10:INFO:Starting Flower simulation, config: num_rounds=3, no round_timeout
2026-09-07 20:27:21,401	INFO worker.py:2012 -- Started a local Ray instance.
/usr/local/lib/python3.13/dist-packages/ray/_private/worker.py:2051: FutureWarning: Tip: In future versions of Ray, Ray will no longer override accelerator visible devices env var if num_gpus=0 or num_gpus=None (default). To enable this behavior and turn off this error message, set RAY_ACCEL_ENV_VAR_OVERRIDE_ON_ZERO=0
  warnings.warn(
[92mINFO [0m:      Flower VCE: Ray initialized with resources: {'GPU': 1.0, 'accelerator_type:T4': 1.0, 'node:__internal_head__': 1.0, 'object_store_memory': 3951877324.0, 'memory': 9221047092.0, 'CPU': 2.0, 'node:172.28.0.12': 1.0}
09/07/2026 20:27:25:INFO:Flower VCE: Ray initialized with resources: {'GPU': 1.0, 'accelerator_type:T4': 1.0, 'node:__internal_head__': 1.0, 'object_store_memory': 3951877324.0, 'memory': 9221047092.0, 'CPU': 2.0, 'node:172.28.0.12': 1.0}
[92mINFO [0m:      Optimize your simulation with Flower VCE: https://flower.ai/docs/framework/how-to-run-simulations.html
09/07/2026 20:27:25:INFO:Optimize your simulation with Flower VCE: https://flower.ai/docs/framework/how-to-run-simulations.html
[92mINFO [0m:      No `client_resources` specified. Using minimal resources for clients.
09/07/2026 20:27:25:INFO:No `client_resources` specified. Using minimal resources for clients.
[92mINFO [0m:      Flower VCE: Resources for each Virtual Client: {'num_cpus': 1, 'num_gpus': 0.0}
09/07/2026 20:27:25:INFO:Flower VCE: Resources for each Virtual Client: {'num_cpus': 1, 'num_gpus': 0.0}
[92mINFO [0m:      Flower VCE: Creating VirtualClientEngineActorPool with 2 actors
09/07/2026 20:27:25:INFO:Flower VCE: Creating VirtualClientEngineActorPool with 2 actors
[92mINFO [0m:      [INIT]
09/07/2026 20:27:25:INFO:[INIT]
[92mINFO [0m:      Requesting initial parameters from one random client
09/07/2026 20:27:25:INFO:Requesting initial parameters from one random client
[36m(ClientAppActor pid=31594)[0m [93mWARNING [0m:   DEPRECATED FEATURE: `client_fn` now expects a signature `def client_fn(context: Context)`.The provided `client_fn` has signature: {'cid': <Parameter "cid: str">}. You can import the `Context` like this: `from flwr.app import Context`
[36m(ClientAppActor pid=31594)[0m 
[36m(ClientAppActor pid=31594)[0m             This is a deprecated feature. It will be removed
[36m(ClientAppActor pid=31594)[0m             entirely in future versions of Flower.
[36m(ClientAppActor pid=31594)[0m         
[92mINFO [0m:      Received initial parameters from one random client
09/07/2026 20:27:40:INFO:Received initial parameters from one random client
[92mINFO [0m:      Starting evaluation of initial global parameters
09/07/2026 20:27:40:INFO:Starting evaluation of initial global parameters
[92mINFO [0m:      Evaluation returned no results (`None`)
09/07/2026 20:27:40:INFO:Evaluation returned no results (`None`)
[92mINFO [0m:      
09/07/2026 20:27:40:INFO:
[92mINFO [0m:      [ROUND 1]
09/07/2026 20:27:40:INFO:[ROUND 1]
[92mINFO [0m:      configure_fit: strategy sampled 5 clients (out of 5)
09/07/2026 20:27:40:INFO:configure_fit: strategy sampled 5 clients (out of 5)
[36m(ClientAppActor pid=31594)[0m [93mWARNING [0m:   Deprecation Warning: The `client_fn` function must return an instance of `Client`, but an instance of `NumpyClient` was returned. Please use `NumPyClient.to_client()` method to convert it to `Client`.
[36m(ClientAppActor pid=31594)[0m [93mWARNING [0m:   DEPRECATED FEATURE: `client_fn` now expects a signature `def client_fn(context: Context)`.The provided `client_fn` has signature: {'cid': <Parameter "cid: str">}. You can import the `Context` like this: `from flwr.app import Context`
[36m(ClientAppActor pid=31594)[0m 
[36m(ClientAppActor pid=31594)[0m             This is a deprecated feature. It will be removed
[36m(ClientAppActor pid=31594)[0m             entirely in future versions of Flower.
[36m(ClientAppActor pid=31594)[0m         
[36m(ClientAppActor pid=31594)[0m [93mWARNING [0m:   Deprecation Warning: The `client_fn` function must return an instance of `Client`, but an instance of `NumpyClient` was returned. Please use `NumPyClient.to_client()` method to convert it to `Client`.
[36m(ClientAppActor pid=31594)[0m /usr/local/lib/python3.13/dist-packages/opacus/privacy_engine.py:98: UserWarning: Secure RNG turned off. This is perfectly fine for experimentation as it allows for much faster training performance, but remember to turn it on and retrain one last time before production with ``secure_mode`` turned on.
[36m(ClientAppActor pid=31594)[0m   warnings.warn(
[36m(ClientAppActor pid=31593)[0m 
[36m(ClientAppActor pid=31593)[0m         
[36m(ClientAppActor pid=31593)[0m [93mWARNING [0m:   DEPRECATED FEATURE: `client_fn` now expects a signature `def client_fn(context: Context)`.The provided `client_fn` has signature: {'cid': <Parameter "cid: str">}. You can import the `Context` like this: `from flwr.app import Context`
[36m(ClientAppActor pid=31593)[0m             This is a deprecated feature. It will be removed
[36m(ClientAppActor pid=31593)[0m             entirely in future versions of Flower.
[36m(ClientAppActor pid=31593)[0m [93mWARNING [0m:   Deprecation Warning: The `client_fn` function must return an instance of `Client`, but an instance of `NumpyClient` was returned. Please use `NumPyClient.to_client()` method to convert it to `Client`.
[36m(ClientAppActor pid=31593)[0m /usr/local/lib/python3.13/dist-packages/opacus/privacy_engine.py:98: UserWarning: Secure RNG turned off. This is perfectly fine for experimentation as it allows for much faster training performance, but remember to turn it on and retrain one last time before production with ``secure_mode`` turned on.
[36m(ClientAppActor pid=31593)[0m   warnings.warn(
[36m(ClientAppActor pid=31594)[0m Train Epoch: 1 	Loss: 1.810500	Accuracy: 62.99%
[36m(ClientAppActor pid=31594)[0m [Client 4] Opacus Accountant Epsilon: 0.2711
[36m(ClientAppActor pid=31594)[0m [93mWARNING [0m:   DEPRECATED FEATURE: `client_fn` now expects a signature `def client_fn(context: Context)`.The provided `client_fn` has signature: {'cid': <Parameter "cid: str">}. You can import the `Context` like this: `from flwr.app import Context`
[36m(ClientAppActor pid=31594)[0m 
[36m(ClientAppActor pid=31594)[0m             This is a deprecated feature. It will be removed
[36m(ClientAppActor pid=31594)[0m             entirely in future versions of Flower.
[36m(ClientAppActor pid=31594)[0m         
[36m(ClientAppActor pid=31594)[0m 09/07/2026 20:28:03:WARNING:DEPRECATED FEATURE: `client_fn` now expects a signature `def client_fn(context: Context)`.The provided `client_fn` has signature: {'cid': <Parameter "cid: str">}. You can import the `Context` like this: `from flwr.app import Context`
[36m(ClientAppActor pid=31594)[0m 
[36m(ClientAppActor pid=31594)[0m             This is a deprecated feature. It will be removed
[36m(ClientAppActor pid=31594)[0m             entirely in future versions of Flower.
[36m(ClientAppActor pid=31594)[0m         
[36m(ClientAppActor pid=31594)[0m [93mWARNING [0m:   Deprecation Warning: The `client_fn` function must return an instance of `Client`, but an instance of `NumpyClient` was returned. Please use `NumPyClient.to_client()` method to convert it to `Client`.
[36m(ClientAppActor pid=31594)[0m 09/07/2026 20:28:03:WARNING:Deprecation Warning: The `client_fn` function must return an instance of `Client`, but an instance of `NumpyClient` was returned. Please use `NumPyClient.to_client()` method to convert it to `Client`.
[36m(ClientAppActor pid=31594)[0m /usr/local/lib/python3.13/dist-packages/opacus/privacy_engine.py:98: UserWarning: Secure RNG turned off. This is perfectly fine for experimentation as it allows for much faster training performance, but remember to turn it on and retrain one last time before production with ``secure_mode`` turned on.
[36m(ClientAppActor pid=31594)[0m   warnings.warn(
[36m(ClientAppActor pid=31593)[0m Train Epoch: 1 	Loss: 3.170807	Accuracy: 36.34%
[36m(ClientAppActor pid=31593)[0m [Client 0] Opacus Accountant Epsilon: 0.1994
[36m(ClientAppActor pid=31593)[0m 
[36m(ClientAppActor pid=31593)[0m         
[36m(ClientAppActor pid=31593)[0m 
[36m(ClientAppActor pid=31593)[0m         
[36m(ClientAppActor pid=31593)[0m /usr/local/lib/python3.13/dist-packages/opacus/privacy_engine.py:98: UserWarning: Secure RNG turned off. This is perfectly fine for experimentation as it allows for much faster training performance, but remember to turn it on and retrain one last time before production with ``secure_mode`` turned on.
[36m(ClientAppActor pid=31593)[0m   warnings.warn(
[36m(ClientAppActor pid=31593)[0m [93mWARNING [0m:   DEPRECATED FEATURE: `client_fn` now expects a signature `def client_fn(context: Context)`.The provided `client_fn` has signature: {'cid': <Parameter "cid: str">}. You can import the `Context` like this: `from flwr.app import Context`
[36m(ClientAppActor pid=31593)[0m             This is a deprecated feature. It will be removed[32m [repeated 2x across cluster] (Ray deduplicates logs by default. Set RAY_DEDUP_LOGS=0 to disable log deduplication, or see https://docs.ray.io/en/master/ray-observability/user-guides/configure-logging.html#log-deduplication for more options.)[0m
[36m(ClientAppActor pid=31593)[0m             entirely in future versions of Flower.[32m [repeated 2x across cluster][0m
[36m(ClientAppActor pid=31593)[0m 09/07/2026 20:28:38:WARNING:DEPRECATED FEATURE: `client_fn` now expects a signature `def client_fn(context: Context)`.The provided `client_fn` has signature: {'cid': <Parameter "cid: str">}. You can import the `Context` like this: `from flwr.app import Context`
[36m(ClientAppActor pid=31593)[0m [93mWARNING [0m:   Deprecation Warning: The `client_fn` function must return an instance of `Client`, but an instance of `NumpyClient` was returned. Please use `NumPyClient.to_client()` method to convert it to `Client`.
[36m(ClientAppActor pid=31593)[0m 09/07/2026 20:28:38:WARNING:Deprecation Warning: The `client_fn` function must return an instance of `Client`, but an instance of `NumpyClient` was returned. Please use `NumPyClient.to_client()` method to convert it to `Client`.
[36m(ClientAppActor pid=31594)[0m Train Epoch: 1 	Loss: 2.728563	Accuracy: 58.83%
[36m(ClientAppActor pid=31594)[0m [93mWARNING [0m:   DEPRECATED FEATURE: `client_fn` now expects a signature `def client_fn(context: Context)`.The provided `client_fn` has signature: {'cid': <Parameter "cid: str">}. You can import the `Context` like this: `from flwr.app import Context`
[36m(ClientAppActor pid=31594)[0m 
[36m(ClientAppActor pid=31594)[0m         
[36m(ClientAppActor pid=31594)[0m 09/07/2026 20:28:43:WARNING:DEPRECATED FEATURE: `client_fn` now expects a signature `def client_fn(context: Context)`.The provided `client_fn` has signature: {'cid': <Parameter "cid: str">}. You can import the `Context` like this: `from flwr.app import Context`
[36m(ClientAppActor pid=31594)[0m 
[36m(ClientAppActor pid=31594)[0m         
[36m(ClientAppActor pid=31594)[0m [93mWARNING [0m:   Deprecation Warning: The `client_fn` function must return an instance of `Client`, but an instance of `NumpyClient` was returned. Please use `NumPyClient.to_client()` method to convert it to `Client`.
[36m(ClientAppActor pid=31594)[0m 09/07/2026 20:28:43:WARNING:Deprecation Warning: The `client_fn` function must return an instance of `Client`, but an instance of `NumpyClient` was returned. Please use `NumPyClient.to_client()` method to convert it to `Client`.
[36m(ClientAppActor pid=31593)[0m [Client 3] Opacus Accountant Epsilon: 0.2250[32m [repeated 2x across cluster][0m
[36m(ClientAppActor pid=31593)[0m Train Epoch: 1 	Loss: 3.007647	Accuracy: 53.08%
[92mINFO [0m:      aggregate_fit: received 5 results and 0 failures
09/07/2026 20:29:22:INFO:aggregate_fit: received 5 results and 0 failures
[92mINFO [0m:      configure_evaluate: strategy sampled 5 clients (out of 5)
09/07/2026 20:29:22:INFO:configure_evaluate: strategy sampled 5 clients (out of 5)
[36m(ClientAppActor pid=31594)[0m Train Epoch: 1 	Loss: 2.888988	Accuracy: 39.99%
[36m(ClientAppActor pid=31594)[0m [Client 2] Opacus Accountant Epsilon: 0.2042
[36m(ClientAppActor pid=31594)[0m [93mWARNING [0m:   DEPRECATED FEATURE: `client_fn` now expects a signature `def client_fn(context: Context)`.The provided `client_fn` has signature: {'cid': <Parameter "cid: str">}. You can import the `Context` like this: `from flwr.app import Context`
[36m(ClientAppActor pid=31594)[0m 
[36m(ClientAppActor pid=31594)[0m         
[36m(ClientAppActor pid=31594)[0m 09/07/2026 20:29:22:WARNING:DEPRECATED FEATURE: `client_fn` now expects a signature `def client_fn(context: Context)`.The provided `client_fn` has signature: {'cid': <Parameter "cid: str">}. You can import the `Context` like this: `from flwr.app import Context`
[36m(ClientAppActor pid=31594)[0m 
[36m(ClientAppActor pid=31594)[0m         
[36m(ClientAppActor pid=31594)[0m [93mWARNING [0m:   Deprecation Warning: The `client_fn` function must return an instance of `Client`, but an instance of `NumpyClient` was returned. Please use `NumPyClient.to_client()` method to convert it to `Client`.
[36m(ClientAppActor pid=31594)[0m 09/07/2026 20:29:22:WARNING:Deprecation Warning: The `client_fn` function must return an instance of `Client`, but an instance of `NumpyClient` was returned. Please use `NumPyClient.to_client()` method to convert it to `Client`.
[36m(ClientAppActor pid=31594)[0m /usr/local/lib/python3.13/dist-packages/opacus/privacy_engine.py:98: UserWarning: Secure RNG turned off. This is perfectly fine for experimentation as it allows for much faster training performance, but remember to turn it on and retrain one last time before production with ``secure_mode`` turned on.
[36m(ClientAppActor pid=31594)[0m   warnings.warn(
[36m(ClientAppActor pid=31594)[0m             This is a deprecated feature. It will be removed[32m [repeated 4x across cluster][0m
[36m(ClientAppActor pid=31594)[0m             entirely in future versions of Flower.[32m [repeated 4x across cluster][0m
[36m(ClientAppActor pid=31593)[0m [93mWARNING [0m:   DEPRECATED FEATURE: `client_fn` now expects a signature `def client_fn(context: Context)`.The provided `client_fn` has signature: {'cid': <Parameter "cid: str">}. You can import the `Context` like this: `from flwr.app import Context`
[36m(ClientAppActor pid=31593)[0m 
[36m(ClientAppActor pid=31593)[0m         
[36m(ClientAppActor pid=31593)[0m 09/07/2026 20:29:22:WARNING:DEPRECATED FEATURE: `client_fn` now expects a signature `def client_fn(context: Context)`.The provided `client_fn` has signature: {'cid': <Parameter "cid: str">}. You can import the `Context` like this: `from flwr.app import Context`
[36m(ClientAppActor pid=31593)[0m 
[36m(ClientAppActor pid=31593)[0m         
[36m(ClientAppActor pid=31593)[0m [93mWARNING [0m:   Deprecation Warning: The `client_fn` function must return an instance of `Client`, but an instance of `NumpyClient` was returned. Please use `NumPyClient.to_client()` method to convert it to `Client`.
[36m(ClientAppActor pid=31593)[0m 09/07/2026 20:29:22:WARNING:Deprecation Warning: The `client_fn` function must return an instance of `Client`, but an instance of `NumpyClient` was returned. Please use `NumPyClient.to_client()` method to convert it to `Client`.
[36m(ClientAppActor pid=31593)[0m Test set: Average loss: 3.1931, Accuracy: 962/10000 (9.62%)
[36m(ClientAppActor pid=31593)[0m [93mWARNING [0m:   DEPRECATED FEATURE: `client_fn` now expects a signature `def client_fn(context: Context)`.The provided `client_fn` has signature: {'cid': <Parameter "cid: str">}. You can import the `Context` like this: `from flwr.app import Context`
[36m(ClientAppActor pid=31593)[0m 
[36m(ClientAppActor pid=31593)[0m         
[36m(ClientAppActor pid=31593)[0m 09/07/2026 20:29:33:WARNING:DEPRECATED FEATURE: `client_fn` now expects a signature `def client_fn(context: Context)`.The provided `client_fn` has signature: {'cid': <Parameter "cid: str">}. You can import the `Context` like this: `from flwr.app import Context`
[36m(ClientAppActor pid=31593)[0m 
[36m(ClientAppActor pid=31593)[0m         
[36m(ClientAppActor pid=31593)[0m [93mWARNING [0m:   Deprecation Warning: The `client_fn` function must return an instance of `Client`, but an instance of `NumpyClient` was returned. Please use `NumPyClient.to_client()` method to convert it to `Client`.
[36m(ClientAppActor pid=31593)[0m 09/07/2026 20:29:33:WARNING:Deprecation Warning: The `client_fn` function must return an instance of `Client`, but an instance of `NumpyClient` was returned. Please use `NumPyClient.to_client()` method to convert it to `Client`.
[36m(ClientAppActor pid=31593)[0m             This is a deprecated feature. It will be removed[32m [repeated 4x across cluster][0m
[36m(ClientAppActor pid=31593)[0m             entirely in future versions of Flower.[32m [repeated 4x across cluster][0m
[36m(ClientAppActor pid=31594)[0m [93mWARNING [0m:   DEPRECATED FEATURE: `client_fn` now expects a signature `def client_fn(context: Context)`.The provided `client_fn` has signature: {'cid': <Parameter "cid: str">}. You can import the `Context` like this: `from flwr.app import Context`
[36m(ClientAppActor pid=31594)[0m 
[36m(ClientAppActor pid=31594)[0m         
[36m(ClientAppActor pid=31594)[0m 09/07/2026 20:29:33:WARNING:DEPRECATED FEATURE: `client_fn` now expects a signature `def client_fn(context: Context)`.The provided `client_fn` has signature: {'cid': <Parameter "cid: str">}. You can import the `Context` like this: `from flwr.app import Context`
[36m(ClientAppActor pid=31594)[0m 
[36m(ClientAppActor pid=31594)[0m         
[36m(ClientAppActor pid=31594)[0m [93mWARNING [0m:   Deprecation Warning: The `client_fn` function must return an instance of `Client`, but an instance of `NumpyClient` was returned. Please use `NumPyClient.to_client()` method to convert it to `Client`.
[36m(ClientAppActor pid=31594)[0m 09/07/2026 20:29:33:WARNING:Deprecation Warning: The `client_fn` function must return an instance of `Client`, but an instance of `NumpyClient` was returned. Please use `NumPyClient.to_client()` method to convert it to `Client`.
[36m(ClientAppActor pid=31593)[0m Test set: Average loss: 3.1931, Accuracy: 962/10000 (9.62%)[32m [repeated 2x across cluster][0m
[36m(ClientAppActor pid=31593)[0m 
[36m(ClientAppActor pid=31593)[0m         
[36m(ClientAppActor pid=31593)[0m 
[36m(ClientAppActor pid=31593)[0m         
[36m(ClientAppActor pid=31593)[0m             This is a deprecated feature. It will be removed[32m [repeated 4x across cluster][0m
[36m(ClientAppActor pid=31593)[0m             entirely in future versions of Flower.[32m [repeated 4x across cluster][0m
[36m(ClientAppActor pid=31593)[0m [93mWARNING [0m:   DEPRECATED FEATURE: `client_fn` now expects a signature `def client_fn(context: Context)`.The provided `client_fn` has signature: {'cid': <Parameter "cid: str">}. You can import the `Context` like this: `from flwr.app import Context`
[36m(ClientAppActor pid=31593)[0m 09/07/2026 20:29:45:WARNING:DEPRECATED FEATURE: `client_fn` now expects a signature `def client_fn(context: Context)`.The provided `client_fn` has signature: {'cid': <Parameter "cid: str">}. You can import the `Context` like this: `from flwr.app import Context`
[36m(ClientAppActor pid=31593)[0m [93mWARNING [0m:   Deprecation Warning: The `client_fn` function must return an instance of `Client`, but an instance of `NumpyClient` was returned. Please use `NumPyClient.to_client()` method to convert it to `Client`.
[36m(ClientAppActor pid=31593)[0m 09/07/2026 20:29:45:WARNING:Deprecation Warning: The `client_fn` function must return an instance of `Client`, but an instance of `NumpyClient` was returned. Please use `NumPyClient.to_client()` method to convert it to `Client`.
[92mINFO [0m:      aggregate_evaluate: received 5 results and 0 failures
09/07/2026 20:29:51:INFO:aggregate_evaluate: received 5 results and 0 failures
[92mINFO [0m:      
09/07/2026 20:29:51:INFO:
[92mINFO [0m:      [ROUND 2]
09/07/2026 20:29:51:INFO:[ROUND 2]
[92mINFO [0m:      configure_fit: strategy sampled 5 clients (out of 5)
09/07/2026 20:29:51:INFO:configure_fit: strategy sampled 5 clients (out of 5)
[36m(ClientAppActor pid=31593)[0m Test set: Average loss: 3.1931, Accuracy: 962/10000 (9.62%)[32m [repeated 2x across cluster][0m
[36m(ClientAppActor pid=31593)[0m [93mWARNING [0m:   DEPRECATED FEATURE: `client_fn` now expects a signature `def client_fn(context: Context)`.The provided `client_fn` has signature: {'cid': <Parameter "cid: str">}. You can import the `Context` like this: `from flwr.app import Context`
[36m(ClientAppActor pid=31593)[0m 
[36m(ClientAppActor pid=31593)[0m         
[36m(ClientAppActor pid=31593)[0m 09/07/2026 20:29:51:WARNING:DEPRECATED FEATURE: `client_fn` now expects a signature `def client_fn(context: Context)`.The provided `client_fn` has signature: {'cid': <Parameter "cid: str">}. You can import the `Context` like this: `from flwr.app import Context`
[36m(ClientAppActor pid=31593)[0m 
[36m(ClientAppActor pid=31593)[0m         
[36m(ClientAppActor pid=31593)[0m [93mWARNING [0m:   Deprecation Warning: The `client_fn` function must return an instance of `Client`, but an instance of `NumpyClient` was returned. Please use `NumPyClient.to_client()` method to convert it to `Client`.
[36m(ClientAppActor pid=31593)[0m 09/07/2026 20:29:51:WARNING:Deprecation Warning: The `client_fn` function must return an instance of `Client`, but an instance of `NumpyClient` was returned. Please use `NumPyClient.to_client()` method to convert it to `Client`.
[36m(ClientAppActor pid=31593)[0m /usr/local/lib/python3.13/dist-packages/opacus/privacy_engine.py:98: UserWarning: Secure RNG turned off. This is perfectly fine for experimentation as it allows for much faster training performance, but remember to turn it on and retrain one last time before production with ``secure_mode`` turned on.
[36m(ClientAppActor pid=31593)[0m   warnings.warn(
[36m(ClientAppActor pid=31593)[0m             This is a deprecated feature. It will be removed[32m [repeated 2x across cluster][0m
[36m(ClientAppActor pid=31593)[0m             entirely in future versions of Flower.[32m [repeated 2x across cluster][0m
[36m(ClientAppActor pid=31594)[0m 
[36m(ClientAppActor pid=31594)[0m         
[36m(ClientAppActor pid=31594)[0m 
[36m(ClientAppActor pid=31594)[0m         
[36m(ClientAppActor pid=31593)[0m Train Epoch: 1 	Loss: 3.163742	Accuracy: 55.08%
[36m(ClientAppActor pid=31593)[0m [Client 3] Opacus Accountant Epsilon: 0.2250
[36m(ClientAppActor pid=31593)[0m 
[36m(ClientAppActor pid=31593)[0m         
[36m(ClientAppActor pid=31593)[0m 
[36m(ClientAppActor pid=31593)[0m         
[36m(ClientAppActor pid=31593)[0m [93mWARNING [0m:   DEPRECATED FEATURE: `client_fn` now expects a signature `def client_fn(context: Context)`.The provided `client_fn` has signature: {'cid': <Parameter "cid: str">}. You can import the `Context` like this: `from flwr.app import Context`[32m [repeated 2x across cluster][0m
[36m(ClientAppActor pid=31593)[0m 09/07/2026 20:30:25:WARNING:DEPRECATED FEATURE: `client_fn` now expects a signature `def client_fn(context: Context)`.The provided `client_fn` has signature: {'cid': <Parameter "cid: str">}. You can import the `Context` like this: `from flwr.app import Context`[32m [repeated 2x across cluster][0m
[36m(ClientAppActor pid=31594)[0m [93mWARNING [0m:   Deprecation Warning: The `client_fn` function must return an instance of `Client`, but an instance of `NumpyClient` was returned. Please use `NumPyClient.to_client()` method to convert it to `Client`.
[36m(ClientAppActor pid=31594)[0m 09/07/2026 20:29:51:WARNING:Deprecation Warning: The `client_fn` function must return an instance of `Client`, but an instance of `NumpyClient` was returned. Please use `NumPyClient.to_client()` method to convert it to `Client`.
[36m(ClientAppActor pid=31594)[0m /usr/local/lib/python3.13/dist-packages/opacus/privacy_engine.py:98: UserWarning: Secure RNG turned off. This is perfectly fine for experimentation as it allows for much faster training performance, but remember to turn it on and retrain one last time before production with ``secure_mode`` turned on.
[36m(ClientAppActor pid=31594)[0m   warnings.warn(
[36m(ClientAppActor pid=31593)[0m             This is a deprecated feature. It will be removed[32m [repeated 4x across cluster][0m
[36m(ClientAppActor pid=31593)[0m             entirely in future versions of Flower.[32m [repeated 4x across cluster][0m
[36m(ClientAppActor pid=31593)[0m [93mWARNING [0m:   Deprecation Warning: The `client_fn` function must return an instance of `Client`, but an instance of `NumpyClient` was returned. Please use `NumPyClient.to_client()` method to convert it to `Client`.
[36m(ClientAppActor pid=31593)[0m 09/07/2026 20:30:25:WARNING:Deprecation Warning: The `client_fn` function must return an instance of `Client`, but an instance of `NumpyClient` was returned. Please use `NumPyClient.to_client()` method to convert it to `Client`.
[36m(ClientAppActor pid=31593)[0m /usr/local/lib/python3.13/dist-packages/opacus/privacy_engine.py:98: UserWarning: Secure RNG turned off. This is perfectly fine for experimentation as it allows for much faster training performance, but remember to turn it on and retrain one last time before production with ``secure_mode`` turned on.
[36m(ClientAppActor pid=31593)[0m   warnings.warn(
[36m(ClientAppActor pid=31594)[0m Train Epoch: 1 	Loss: 2.541453	Accuracy: 58.53%
[36m(ClientAppActor pid=31594)[0m [Client 1] Opacus Accountant Epsilon: 0.2131
[36m(ClientAppActor pid=31594)[0m 
[36m(ClientAppActor pid=31594)[0m         
[36m(ClientAppActor pid=31594)[0m 
[36m(ClientAppActor pid=31594)[0m         
[36m(ClientAppActor pid=31594)[0m [93mWARNING [0m:   DEPRECATED FEATURE: `client_fn` now expects a signature `def client_fn(context: Context)`.The provided `client_fn` has signature: {'cid': <Parameter "cid: str">}. You can import the `Context` like this: `from flwr.app import Context`
[36m(ClientAppActor pid=31594)[0m 09/07/2026 20:30:33:WARNING:DEPRECATED FEATURE: `client_fn` now expects a signature `def client_fn(context: Context)`.The provided `client_fn` has signature: {'cid': <Parameter "cid: str">}. You can import the `Context` like this: `from flwr.app import Context`
[36m(ClientAppActor pid=31594)[0m             This is a deprecated feature. It will be removed[32m [repeated 2x across cluster][0m
[36m(ClientAppActor pid=31594)[0m             entirely in future versions of Flower.[32m [repeated 2x across cluster][0m
[36m(ClientAppActor pid=31594)[0m [93mWARNING [0m:   Deprecation Warning: The `client_fn` function must return an instance of `Client`, but an instance of `NumpyClient` was returned. Please use `NumPyClient.to_client()` method to convert it to `Client`.
[36m(ClientAppActor pid=31594)[0m 09/07/2026 20:30:33:WARNING:Deprecation Warning: The `client_fn` function must return an instance of `Client`, but an instance of `NumpyClient` was returned. Please use `NumPyClient.to_client()` method to convert it to `Client`.
[36m(ClientAppActor pid=31594)[0m /usr/local/lib/python3.13/dist-packages/opacus/privacy_engine.py:98: UserWarning: Secure RNG turned off. This is perfectly fine for experimentation as it allows for much faster training performance, but remember to turn it on and retrain one last time before production with ``secure_mode`` turned on.
[36m(ClientAppActor pid=31594)[0m   warnings.warn(
[36m(ClientAppActor pid=31594)[0m Train Epoch: 1 	Loss: 1.910779	Accuracy: 63.15%
[36m(ClientAppActor pid=31594)[0m [Client 4] Opacus Accountant Epsilon: 0.2711
[36m(ClientAppActor pid=31594)[0m [93mWARNING [0m:   DEPRECATED FEATURE: `client_fn` now expects a signature `def client_fn(context: Context)`.The provided `client_fn` has signature: {'cid': <Parameter "cid: str">}. You can import the `Context` like this: `from flwr.app import Context`
[36m(ClientAppActor pid=31594)[0m 
[36m(ClientAppActor pid=31594)[0m         
[36m(ClientAppActor pid=31594)[0m 09/07/2026 20:30:54:WARNING:DEPRECATED FEATURE: `client_fn` now expects a signature `def client_fn(context: Context)`.The provided `client_fn` has signature: {'cid': <Parameter "cid: str">}. You can import the `Context` like this: `from flwr.app import Context`
[36m(ClientAppActor pid=31594)[0m 
[36m(ClientAppActor pid=31594)[0m         
[36m(ClientAppActor pid=31594)[0m [93mWARNING [0m:   Deprecation Warning: The `client_fn` function must return an instance of `Client`, but an instance of `NumpyClient` was returned. Please use `NumPyClient.to_client()` method to convert it to `Client`.
[36m(ClientAppActor pid=31594)[0m 09/07/2026 20:30:54:WARNING:Deprecation Warning: The `client_fn` function must return an instance of `Client`, but an instance of `NumpyClient` was returned. Please use `NumPyClient.to_client()` method to convert it to `Client`.
[36m(ClientAppActor pid=31594)[0m /usr/local/lib/python3.13/dist-packages/opacus/privacy_engine.py:98: UserWarning: Secure RNG turned off. This is perfectly fine for experimentation as it allows for much faster training performance, but remember to turn it on and retrain one last time before production with ``secure_mode`` turned on.
[36m(ClientAppActor pid=31594)[0m   warnings.warn(
[36m(ClientAppActor pid=31594)[0m             This is a deprecated feature. It will be removed[32m [repeated 2x across cluster][0m
[36m(ClientAppActor pid=31594)[0m             entirely in future versions of Flower.[32m [repeated 2x across cluster][0m
[36m(ClientAppActor pid=31593)[0m [Client 0] Opacus Accountant Epsilon: 0.1994
[36m(ClientAppActor pid=31593)[0m Train Epoch: 1 	Loss: 2.529828	Accuracy: 36.98%
[92mINFO [0m:      aggregate_fit: received 5 results and 0 failures
09/07/2026 20:31:28:INFO:aggregate_fit: received 5 results and 0 failures
[92mINFO [0m:      configure_evaluate: strategy sampled 5 clients (out of 5)
09/07/2026 20:31:28:INFO:configure_evaluate: strategy sampled 5 clients (out of 5)
[36m(ClientAppActor pid=31594)[0m Train Epoch: 1 	Loss: 3.392118	Accuracy: 40.52%
[36m(ClientAppActor pid=31594)[0m [Client 2] Opacus Accountant Epsilon: 0.2042
[36m(ClientAppActor pid=31594)[0m [93mWARNING [0m:   DEPRECATED FEATURE: `client_fn` now expects a signature `def client_fn(context: Context)`.The provided `client_fn` has signature: {'cid': <Parameter "cid: str">}. You can import the `Context` like this: `from flwr.app import Context`
[36m(ClientAppActor pid=31594)[0m 
[36m(ClientAppActor pid=31594)[0m         
[36m(ClientAppActor pid=31594)[0m 09/07/2026 20:31:28:WARNING:DEPRECATED FEATURE: `client_fn` now expects a signature `def client_fn(context: Context)`.The provided `client_fn` has signature: {'cid': <Parameter "cid: str">}. You can import the `Context` like this: `from flwr.app import Context`
[36m(ClientAppActor pid=31594)[0m 
[36m(ClientAppActor pid=31594)[0m         
[36m(ClientAppActor pid=31594)[0m [93mWARNING [0m:   Deprecation Warning: The `client_fn` function must return an instance of `Client`, but an instance of `NumpyClient` was returned. Please use `NumPyClient.to_client()` method to convert it to `Client`.
[36m(ClientAppActor pid=31594)[0m 09/07/2026 20:31:28:WARNING:Deprecation Warning: The `client_fn` function must return an instance of `Client`, but an instance of `NumpyClient` was returned. Please use `NumPyClient.to_client()` method to convert it to `Client`.
[36m(ClientAppActor pid=31594)[0m             This is a deprecated feature. It will be removed[32m [repeated 2x across cluster][0m
[36m(ClientAppActor pid=31594)[0m             entirely in future versions of Flower.[32m [repeated 2x across cluster][0m
[36m(ClientAppActor pid=31593)[0m [93mWARNING [0m:   DEPRECATED FEATURE: `client_fn` now expects a signature `def client_fn(context: Context)`.The provided `client_fn` has signature: {'cid': <Parameter "cid: str">}. You can import the `Context` like this: `from flwr.app import Context`
[36m(ClientAppActor pid=31593)[0m 
[36m(ClientAppActor pid=31593)[0m         
[36m(ClientAppActor pid=31593)[0m 09/07/2026 20:31:28:WARNING:DEPRECATED FEATURE: `client_fn` now expects a signature `def client_fn(context: Context)`.The provided `client_fn` has signature: {'cid': <Parameter "cid: str">}. You can import the `Context` like this: `from flwr.app import Context`
[36m(ClientAppActor pid=31593)[0m 
[36m(ClientAppActor pid=31593)[0m         
[36m(ClientAppActor pid=31593)[0m [93mWARNING [0m:   Deprecation Warning: The `client_fn` function must return an instance of `Client`, but an instance of `NumpyClient` was returned. Please use `NumPyClient.to_client()` method to convert it to `Client`.
[36m(ClientAppActor pid=31593)[0m 09/07/2026 20:31:28:WARNING:Deprecation Warning: The `client_fn` function must return an instance of `Client`, but an instance of `NumpyClient` was returned. Please use `NumPyClient.to_client()` method to convert it to `Client`.
[36m(ClientAppActor pid=31594)[0m Test set: Average loss: 3.1716, Accuracy: 959/10000 (9.59%)
[36m(ClientAppActor pid=31594)[0m 
[36m(ClientAppActor pid=31594)[0m         
[36m(ClientAppActor pid=31594)[0m 
[36m(ClientAppActor pid=31594)[0m         
[36m(ClientAppActor pid=31594)[0m             This is a deprecated feature. It will be removed[32m [repeated 4x across cluster][0m
[36m(ClientAppActor pid=31594)[0m             entirely in future versions of Flower.[32m [repeated 4x across cluster][0m
[36m(ClientAppActor pid=31594)[0m [93mWARNING [0m:   DEPRECATED FEATURE: `client_fn` now expects a signature `def client_fn(context: Context)`.The provided `client_fn` has signature: {'cid': <Parameter "cid: str">}. You can import the `Context` like this: `from flwr.app import Context`
[36m(ClientAppActor pid=31594)[0m 09/07/2026 20:31:40:WARNING:DEPRECATED FEATURE: `client_fn` now expects a signature `def client_fn(context: Context)`.The provided `client_fn` has signature: {'cid': <Parameter "cid: str">}. You can import the `Context` like this: `from flwr.app import Context`
[36m(ClientAppActor pid=31594)[0m [93mWARNING [0m:   Deprecation Warning: The `client_fn` function must return an instance of `Client`, but an instance of `NumpyClient` was returned. Please use `NumPyClient.to_client()` method to convert it to `Client`.
[36m(ClientAppActor pid=31594)[0m 09/07/2026 20:31:40:WARNING:Deprecation Warning: The `client_fn` function must return an instance of `Client`, but an instance of `NumpyClient` was returned. Please use `NumPyClient.to_client()` method to convert it to `Client`.
[36m(ClientAppActor pid=31593)[0m [93mWARNING [0m:   DEPRECATED FEATURE: `client_fn` now expects a signature `def client_fn(context: Context)`.The provided `client_fn` has signature: {'cid': <Parameter "cid: str">}. You can import the `Context` like this: `from flwr.app import Context`
[36m(ClientAppActor pid=31593)[0m 
[36m(ClientAppActor pid=31593)[0m         
[36m(ClientAppActor pid=31593)[0m 09/07/2026 20:31:40:WARNING:DEPRECATED FEATURE: `client_fn` now expects a signature `def client_fn(context: Context)`.The provided `client_fn` has signature: {'cid': <Parameter "cid: str">}. You can import the `Context` like this: `from flwr.app import Context`
[36m(ClientAppActor pid=31593)[0m 
[36m(ClientAppActor pid=31593)[0m         
[36m(ClientAppActor pid=31593)[0m [93mWARNING [0m:   Deprecation Warning: The `client_fn` function must return an instance of `Client`, but an instance of `NumpyClient` was returned. Please use `NumPyClient.to_client()` method to convert it to `Client`.
[36m(ClientAppActor pid=31593)[0m 09/07/2026 20:31:40:WARNING:Deprecation Warning: The `client_fn` function must return an instance of `Client`, but an instance of `NumpyClient` was returned. Please use `NumPyClient.to_client()` method to convert it to `Client`.
[36m(ClientAppActor pid=31594)[0m Test set: Average loss: 3.1716, Accuracy: 959/10000 (9.59%)[32m [repeated 2x across cluster][0m
[36m(ClientAppActor pid=31594)[0m 
[36m(ClientAppActor pid=31594)[0m         
[36m(ClientAppActor pid=31594)[0m 
[36m(ClientAppActor pid=31594)[0m         
[36m(ClientAppActor pid=31594)[0m             This is a deprecated feature. It will be removed[32m [repeated 4x across cluster][0m
[36m(ClientAppActor pid=31594)[0m             entirely in future versions of Flower.[32m [repeated 4x across cluster][0m
[36m(ClientAppActor pid=31594)[0m [93mWARNING [0m:   DEPRECATED FEATURE: `client_fn` now expects a signature `def client_fn(context: Context)`.The provided `client_fn` has signature: {'cid': <Parameter "cid: str">}. You can import the `Context` like this: `from flwr.app import Context`
[36m(ClientAppActor pid=31594)[0m 09/07/2026 20:31:50:WARNING:DEPRECATED FEATURE: `client_fn` now expects a signature `def client_fn(context: Context)`.The provided `client_fn` has signature: {'cid': <Parameter "cid: str">}. You can import the `Context` like this: `from flwr.app import Context`
[36m(ClientAppActor pid=31594)[0m [93mWARNING [0m:   Deprecation Warning: The `client_fn` function must return an instance of `Client`, but an instance of `NumpyClient` was returned. Please use `NumPyClient.to_client()` method to convert it to `Client`.
[36m(ClientAppActor pid=31594)[0m 09/07/2026 20:31:50:WARNING:Deprecation Warning: The `client_fn` function must return an instance of `Client`, but an instance of `NumpyClient` was returned. Please use `NumPyClient.to_client()` method to convert it to `Client`.
[92mINFO [0m:      aggregate_evaluate: received 5 results and 0 failures
09/07/2026 20:31:57:INFO:aggregate_evaluate: received 5 results and 0 failures
[92mINFO [0m:      
09/07/2026 20:31:57:INFO:
[92mINFO [0m:      [ROUND 3]
09/07/2026 20:31:57:INFO:[ROUND 3]
[92mINFO [0m:      configure_fit: strategy sampled 5 clients (out of 5)
09/07/2026 20:31:57:INFO:configure_fit: strategy sampled 5 clients (out of 5)
[36m(ClientAppActor pid=31594)[0m Test set: Average loss: 3.1716, Accuracy: 959/10000 (9.59%)[32m [repeated 2x across cluster][0m
[36m(ClientAppActor pid=31593)[0m [93mWARNING [0m:   DEPRECATED FEATURE: `client_fn` now expects a signature `def client_fn(context: Context)`.The provided `client_fn` has signature: {'cid': <Parameter "cid: str">}. You can import the `Context` like this: `from flwr.app import Context`
[36m(ClientAppActor pid=31593)[0m 
[36m(ClientAppActor pid=31593)[0m         
[36m(ClientAppActor pid=31593)[0m 09/07/2026 20:31:57:WARNING:DEPRECATED FEATURE: `client_fn` now expects a signature `def client_fn(context: Context)`.The provided `client_fn` has signature: {'cid': <Parameter "cid: str">}. You can import the `Context` like this: `from flwr.app import Context`
[36m(ClientAppActor pid=31593)[0m 
[36m(ClientAppActor pid=31593)[0m         
[36m(ClientAppActor pid=31593)[0m [93mWARNING [0m:   Deprecation Warning: The `client_fn` function must return an instance of `Client`, but an instance of `NumpyClient` was returned. Please use `NumPyClient.to_client()` method to convert it to `Client`.
[36m(ClientAppActor pid=31593)[0m 09/07/2026 20:31:57:WARNING:Deprecation Warning: The `client_fn` function must return an instance of `Client`, but an instance of `NumpyClient` was returned. Please use `NumPyClient.to_client()` method to convert it to `Client`.
[36m(ClientAppActor pid=31593)[0m /usr/local/lib/python3.13/dist-packages/opacus/privacy_engine.py:98: UserWarning: Secure RNG turned off. This is perfectly fine for experimentation as it allows for much faster training performance, but remember to turn it on and retrain one last time before production with ``secure_mode`` turned on.
[36m(ClientAppActor pid=31593)[0m   warnings.warn(
[36m(ClientAppActor pid=31593)[0m             This is a deprecated feature. It will be removed[32m [repeated 2x across cluster][0m
[36m(ClientAppActor pid=31593)[0m             entirely in future versions of Flower.[32m [repeated 2x across cluster][0m
[36m(ClientAppActor pid=31594)[0m 
[36m(ClientAppActor pid=31594)[0m         
[36m(ClientAppActor pid=31594)[0m 
[36m(ClientAppActor pid=31594)[0m         
[36m(ClientAppActor pid=31593)[0m Train Epoch: 1 	Loss: 2.992346	Accuracy: 53.51%
[36m(ClientAppActor pid=31593)[0m [Client 3] Opacus Accountant Epsilon: 0.2250
[36m(ClientAppActor pid=31593)[0m 
[36m(ClientAppActor pid=31593)[0m         
[36m(ClientAppActor pid=31593)[0m 
[36m(ClientAppActor pid=31593)[0m         
[36m(ClientAppActor pid=31593)[0m [93mWARNING [0m:   DEPRECATED FEATURE: `client_fn` now expects a signature `def client_fn(context: Context)`.The provided `client_fn` has signature: {'cid': <Parameter "cid: str">}. You can import the `Context` like this: `from flwr.app import Context`[32m [repeated 2x across cluster][0m
[36m(ClientAppActor pid=31593)[0m 09/07/2026 20:32:29:WARNING:DEPRECATED FEATURE: `client_fn` now expects a signature `def client_fn(context: Context)`.The provided `client_fn` has signature: {'cid': <Parameter "cid: str">}. You can import the `Context` like this: `from flwr.app import Context`[32m [repeated 2x across cluster][0m
[36m(ClientAppActor pid=31593)[0m [93mWARNING [0m:   Deprecation Warning: The `client_fn` function must return an instance of `Client`, but an instance of `NumpyClient` was returned. Please use `NumPyClient.to_client()` method to convert it to `Client`.[32m [repeated 2x across cluster][0m
[36m(ClientAppActor pid=31593)[0m 09/07/2026 20:32:29:WARNING:Deprecation Warning: The `client_fn` function must return an instance of `Client`, but an instance of `NumpyClient` was returned. Please use `NumPyClient.to_client()` method to convert it to `Client`.[32m [repeated 2x across cluster][0m
[36m(ClientAppActor pid=31593)[0m /usr/local/lib/python3.13/dist-packages/opacus/privacy_engine.py:98: UserWarning: Secure RNG turned off. This is perfectly fine for experimentation as it allows for much faster training performance, but remember to turn it on and retrain one last time before production with ``secure_mode`` turned on.[32m [repeated 2x across cluster][0m
[36m(ClientAppActor pid=31593)[0m   warnings.warn([32m [repeated 2x across cluster][0m
[36m(ClientAppActor pid=31593)[0m             This is a deprecated feature. It will be removed[32m [repeated 4x across cluster][0m
[36m(ClientAppActor pid=31593)[0m             entirely in future versions of Flower.[32m [repeated 4x across cluster][0m
[36m(ClientAppActor pid=31594)[0m Train Epoch: 1 	Loss: 2.447109	Accuracy: 41.36%
[36m(ClientAppActor pid=31594)[0m [Client 2] Opacus Accountant Epsilon: 0.2042
[36m(ClientAppActor pid=31594)[0m 
[36m(ClientAppActor pid=31594)[0m         
[36m(ClientAppActor pid=31594)[0m 
[36m(ClientAppActor pid=31594)[0m         
[36m(ClientAppActor pid=31594)[0m [93mWARNING [0m:   DEPRECATED FEATURE: `client_fn` now expects a signature `def client_fn(context: Context)`.The provided `client_fn` has signature: {'cid': <Parameter "cid: str">}. You can import the `Context` like this: `from flwr.app import Context`
[36m(ClientAppActor pid=31594)[0m 09/07/2026 20:32:45:WARNING:DEPRECATED FEATURE: `client_fn` now expects a signature `def client_fn(context: Context)`.The provided `client_fn` has signature: {'cid': <Parameter "cid: str">}. You can import the `Context` like this: `from flwr.app import Context`
[36m(ClientAppActor pid=31594)[0m [93mWARNING [0m:   Deprecation Warning: The `client_fn` function must return an instance of `Client`, but an instance of `NumpyClient` was returned. Please use `NumPyClient.to_client()` method to convert it to `Client`.
[36m(ClientAppActor pid=31594)[0m 09/07/2026 20:32:45:WARNING:Deprecation Warning: The `client_fn` function must return an instance of `Client`, but an instance of `NumpyClient` was returned. Please use `NumPyClient.to_client()` method to convert it to `Client`.
[36m(ClientAppActor pid=31594)[0m /usr/local/lib/python3.13/dist-packages/opacus/privacy_engine.py:98: UserWarning: Secure RNG turned off. This is perfectly fine for experimentation as it allows for much faster training performance, but remember to turn it on and retrain one last time before production with ``secure_mode`` turned on.
[36m(ClientAppActor pid=31594)[0m   warnings.warn(
[36m(ClientAppActor pid=31594)[0m             This is a deprecated feature. It will be removed[32m [repeated 2x across cluster][0m
[36m(ClientAppActor pid=31594)[0m             entirely in future versions of Flower.[32m [repeated 2x across cluster][0m
[36m(ClientAppActor pid=31593)[0m Train Epoch: 1 	Loss: 2.199948	Accuracy: 36.74%
[36m(ClientAppActor pid=31593)[0m [Client 0] Opacus Accountant Epsilon: 0.1994
[36m(ClientAppActor pid=31593)[0m [93mWARNING [0m:   DEPRECATED FEATURE: `client_fn` now expects a signature `def client_fn(context: Context)`.The provided `client_fn` has signature: {'cid': <Parameter "cid: str">}. You can import the `Context` like this: `from flwr.app import Context`
[36m(ClientAppActor pid=31593)[0m 
[36m(ClientAppActor pid=31593)[0m         
[36m(ClientAppActor pid=31593)[0m 09/07/2026 20:33:13:WARNING:DEPRECATED FEATURE: `client_fn` now expects a signature `def client_fn(context: Context)`.The provided `client_fn` has signature: {'cid': <Parameter "cid: str">}. You can import the `Context` like this: `from flwr.app import Context`
[36m(ClientAppActor pid=31593)[0m 
[36m(ClientAppActor pid=31593)[0m         
[36m(ClientAppActor pid=31593)[0m [93mWARNING [0m:   Deprecation Warning: The `client_fn` function must return an instance of `Client`, but an instance of `NumpyClient` was returned. Please use `NumPyClient.to_client()` method to convert it to `Client`.
[36m(ClientAppActor pid=31593)[0m 09/07/2026 20:33:13:WARNING:Deprecation Warning: The `client_fn` function must return an instance of `Client`, but an instance of `NumpyClient` was returned. Please use `NumPyClient.to_client()` method to convert it to `Client`.
[36m(ClientAppActor pid=31593)[0m /usr/local/lib/python3.13/dist-packages/opacus/privacy_engine.py:98: UserWarning: Secure RNG turned off. This is perfectly fine for experimentation as it allows for much faster training performance, but remember to turn it on and retrain one last time before production with ``secure_mode`` turned on.
[36m(ClientAppActor pid=31593)[0m   warnings.warn(
[36m(ClientAppActor pid=31593)[0m             This is a deprecated feature. It will be removed[32m [repeated 2x across cluster][0m
[36m(ClientAppActor pid=31593)[0m             entirely in future versions of Flower.[32m [repeated 2x across cluster][0m
[36m(ClientAppActor pid=31594)[0m Train Epoch: 1 	Loss: 2.472663	Accuracy: 58.00%
[36m(ClientAppActor pid=31594)[0m [Client 1] Opacus Accountant Epsilon: 0.2131
[92mINFO [0m:      aggregate_fit: received 5 results and 0 failures
09/07/2026 20:33:31:INFO:aggregate_fit: received 5 results and 0 failures
[36m(ClientAppActor pid=31593)[0m Train Epoch: 1 	Loss: 1.744949	Accuracy: 59.92%
[36m(ClientAppActor pid=31593)[0m [Client 4] Opacus Accountant Epsilon: 0.2711
[92mINFO [0m:      configure_evaluate: strategy sampled 5 clients (out of 5)
09/07/2026 20:33:31:INFO:configure_evaluate: strategy sampled 5 clients (out of 5)
[36m(ClientAppActor pid=31593)[0m [93mWARNING [0m:   DEPRECATED FEATURE: `client_fn` now expects a signature `def client_fn(context: Context)`.The provided `client_fn` has signature: {'cid': <Parameter "cid: str">}. You can import the `Context` like this: `from flwr.app import Context`
[36m(ClientAppActor pid=31593)[0m 
[36m(ClientAppActor pid=31593)[0m         
[36m(ClientAppActor pid=31593)[0m 09/07/2026 20:33:31:WARNING:DEPRECATED FEATURE: `client_fn` now expects a signature `def client_fn(context: Context)`.The provided `client_fn` has signature: {'cid': <Parameter "cid: str">}. You can import the `Context` like this: `from flwr.app import Context`
[36m(ClientAppActor pid=31593)[0m 
[36m(ClientAppActor pid=31593)[0m         
[36m(ClientAppActor pid=31593)[0m             This is a deprecated feature. It will be removed[32m [repeated 2x across cluster][0m
[36m(ClientAppActor pid=31593)[0m             entirely in future versions of Flower.[32m [repeated 2x across cluster][0m
[36m(ClientAppActor pid=31593)[0m [93mWARNING [0m:   Deprecation Warning: The `client_fn` function must return an instance of `Client`, but an instance of `NumpyClient` was returned. Please use `NumPyClient.to_client()` method to convert it to `Client`.
[36m(ClientAppActor pid=31593)[0m 09/07/2026 20:33:31:WARNING:Deprecation Warning: The `client_fn` function must return an instance of `Client`, but an instance of `NumpyClient` was returned. Please use `NumPyClient.to_client()` method to convert it to `Client`.
[36m(ClientAppActor pid=31594)[0m [93mWARNING [0m:   DEPRECATED FEATURE: `client_fn` now expects a signature `def client_fn(context: Context)`.The provided `client_fn` has signature: {'cid': <Parameter "cid: str">}. You can import the `Context` like this: `from flwr.app import Context`
[36m(ClientAppActor pid=31594)[0m 
[36m(ClientAppActor pid=31594)[0m         
[36m(ClientAppActor pid=31594)[0m 09/07/2026 20:33:31:WARNING:DEPRECATED FEATURE: `client_fn` now expects a signature `def client_fn(context: Context)`.The provided `client_fn` has signature: {'cid': <Parameter "cid: str">}. You can import the `Context` like this: `from flwr.app import Context`
[36m(ClientAppActor pid=31594)[0m 
[36m(ClientAppActor pid=31594)[0m         
[36m(ClientAppActor pid=31593)[0m Test set: Average loss: 3.0186, Accuracy: 1213/10000 (12.13%)
[36m(ClientAppActor pid=31593)[0m 
[36m(ClientAppActor pid=31593)[0m         
[36m(ClientAppActor pid=31593)[0m 
[36m(ClientAppActor pid=31593)[0m         
[36m(ClientAppActor pid=31593)[0m             This is a deprecated feature. It will be removed[32m [repeated 4x across cluster][0m
[36m(ClientAppActor pid=31593)[0m             entirely in future versions of Flower.[32m [repeated 4x across cluster][0m
[36m(ClientAppActor pid=31593)[0m [93mWARNING [0m:   Deprecation Warning: The `client_fn` function must return an instance of `Client`, but an instance of `NumpyClient` was returned. Please use `NumPyClient.to_client()` method to convert it to `Client`.[32m [repeated 2x across cluster][0m
[36m(ClientAppActor pid=31593)[0m 09/07/2026 20:33:42:WARNING:Deprecation Warning: The `client_fn` function must return an instance of `Client`, but an instance of `NumpyClient` was returned. Please use `NumPyClient.to_client()` method to convert it to `Client`.[32m [repeated 2x across cluster][0m
[36m(ClientAppActor pid=31593)[0m [93mWARNING [0m:   DEPRECATED FEATURE: `client_fn` now expects a signature `def client_fn(context: Context)`.The provided `client_fn` has signature: {'cid': <Parameter "cid: str">}. You can import the `Context` like this: `from flwr.app import Context`
[36m(ClientAppActor pid=31593)[0m 09/07/2026 20:33:42:WARNING:DEPRECATED FEATURE: `client_fn` now expects a signature `def client_fn(context: Context)`.The provided `client_fn` has signature: {'cid': <Parameter "cid: str">}. You can import the `Context` like this: `from flwr.app import Context`
[36m(ClientAppActor pid=31594)[0m [93mWARNING [0m:   DEPRECATED FEATURE: `client_fn` now expects a signature `def client_fn(context: Context)`.The provided `client_fn` has signature: {'cid': <Parameter "cid: str">}. You can import the `Context` like this: `from flwr.app import Context`
[36m(ClientAppActor pid=31594)[0m 
[36m(ClientAppActor pid=31594)[0m         
[36m(ClientAppActor pid=31594)[0m 09/07/2026 20:33:42:WARNING:DEPRECATED FEATURE: `client_fn` now expects a signature `def client_fn(context: Context)`.The provided `client_fn` has signature: {'cid': <Parameter "cid: str">}. You can import the `Context` like this: `from flwr.app import Context`
[36m(ClientAppActor pid=31594)[0m 
[36m(ClientAppActor pid=31594)[0m         
[36m(ClientAppActor pid=31593)[0m Test set: Average loss: 3.0186, Accuracy: 1213/10000 (12.13%)[32m [repeated 2x across cluster][0m
[36m(ClientAppActor pid=31593)[0m 
[36m(ClientAppActor pid=31593)[0m         
[36m(ClientAppActor pid=31593)[0m 
[36m(ClientAppActor pid=31593)[0m         
[36m(ClientAppActor pid=31593)[0m             This is a deprecated feature. It will be removed[32m [repeated 4x across cluster][0m
[36m(ClientAppActor pid=31593)[0m             entirely in future versions of Flower.[32m [repeated 4x across cluster][0m
[36m(ClientAppActor pid=31593)[0m [93mWARNING [0m:   Deprecation Warning: The `client_fn` function must return an instance of `Client`, but an instance of `NumpyClient` was returned. Please use `NumPyClient.to_client()` method to convert it to `Client`.[32m [repeated 2x across cluster][0m
[36m(ClientAppActor pid=31593)[0m 09/07/2026 20:33:54:WARNING:Deprecation Warning: The `client_fn` function must return an instance of `Client`, but an instance of `NumpyClient` was returned. Please use `NumPyClient.to_client()` method to convert it to `Client`.[32m [repeated 2x across cluster][0m
[36m(ClientAppActor pid=31593)[0m [93mWARNING [0m:   DEPRECATED FEATURE: `client_fn` now expects a signature `def client_fn(context: Context)`.The provided `client_fn` has signature: {'cid': <Parameter "cid: str">}. You can import the `Context` like this: `from flwr.app import Context`
[36m(ClientAppActor pid=31593)[0m 09/07/2026 20:33:54:WARNING:DEPRECATED FEATURE: `client_fn` now expects a signature `def client_fn(context: Context)`.The provided `client_fn` has signature: {'cid': <Parameter "cid: str">}. You can import the `Context` like this: `from flwr.app import Context`
[92mINFO [0m:      aggregate_evaluate: received 5 results and 0 failures
09/07/2026 20:33:59:INFO:aggregate_evaluate: received 5 results and 0 failures
[92mINFO [0m:      
09/07/2026 20:33:59:INFO:
[92mINFO [0m:      [SUMMARY]
09/07/2026 20:33:59:INFO:[SUMMARY]
[92mINFO [0m:      Run finished 3 round(s) in 379.63s
09/07/2026 20:33:59:INFO:Run finished 3 round(s) in 379.63s
[92mINFO [0m:      	History (loss, distributed):
09/07/2026 20:33:59:INFO:	History (loss, distributed):
[92mINFO [0m:      		round 1: 3.193116194123675
09/07/2026 20:33:59:INFO:		round 1: 3.193116194123675
[92mINFO [0m:      		round 2: 3.1715916645754674
09/07/2026 20:33:59:INFO:		round 2: 3.1715916645754674
[92mINFO [0m:      		round 3: 3.018610166136626
09/07/2026 20:33:59:INFO:		round 3: 3.018610166136626
[92mINFO [0m:      	History (metrics, distributed, fit):
09/07/2026 20:33:59:INFO:	History (metrics, distributed, fit):
[92mINFO [0m:      	{'client_stats': [(1,
09/07/2026 20:33:59:INFO:	{'client_stats': [(1,
[92mINFO [0m:      	                   '[{"client_id": "0", "sample_rate": 0.0049261083743842365, '
09/07/2026 20:33:59:INFO:	                   '[{"client_id": "0", "sample_rate": 0.0049261083743842365, '
[92mINFO [0m:      	                   '"dp_steps": 203, "sigma": 2.0, "C": 1.0}, {"client_id": '
09/07/2026 20:33:59:INFO:	                   '"dp_steps": 203, "sigma": 2.0, "C": 1.0}, {"client_id": '
[92mINFO [0m:      	                   '"3", "sample_rate": 0.007042253521126761, "dp_steps": 142, '
09/07/2026 20:33:59:INFO:	                   '"3", "sample_rate": 0.007042253521126761, "dp_steps": 142, '
[92mINFO [0m:      	                   '"sigma": 2.0, "C": 1.0}, {"client_id": "2", "sample_rate": '
09/07/2026 20:33:59:INFO:	                   '"sigma": 2.0, "C": 1.0}, {"client_id": "2", "sample_rate": '
[92mINFO [0m:      	                   '0.0053475935828877, "dp_steps": 187, "sigma": 2.0, "C": '
09/07/2026 20:33:59:INFO:	                   '0.0053475935828877, "dp_steps": 187, "sigma": 2.0, "C": '
[92mINFO [0m:      	                   '1.0}, {"client_id": "1", "sample_rate": '
09/07/2026 20:33:59:INFO:	                   '1.0}, {"client_id": "1", "sample_rate": '
[92mINFO [0m:      	                   '0.006060606060606061, "dp_steps": 165, "sigma": 2.0, "C": '
09/07/2026 20:33:59:INFO:	                   '0.006060606060606061, "dp_steps": 165, "sigma": 2.0, "C": '
[92mINFO [0m:      	                   '1.0}, {"client_id": "4", "sample_rate": '
09/07/2026 20:33:59:INFO:	                   '1.0}, {"client_id": "4", "sample_rate": '
[92mINFO [0m:      	                   '0.011363636363636364, "dp_steps": 88, "sigma": 2.0, "C": '
09/07/2026 20:33:59:INFO:	                   '0.011363636363636364, "dp_steps": 88, "sigma": 2.0, "C": '
[92mINFO [0m:      	                   '1.0}]'),
09/07/2026 20:33:59:INFO:	                   '1.0}]'),
[92mINFO [0m:      	                  (2,
09/07/2026 20:33:59:INFO:	                  (2,
[92mINFO [0m:      	                   '[{"client_id": "1", "sample_rate": 0.006060606060606061, '
09/07/2026 20:33:59:INFO:	                   '[{"client_id": "1", "sample_rate": 0.006060606060606061, '
[92mINFO [0m:      	                   '"dp_steps": 165, "sigma": 2.0, "C": 1.0}, {"client_id": '
09/07/2026 20:33:59:INFO:	                   '"dp_steps": 165, "sigma": 2.0, "C": 1.0}, {"client_id": '
[92mINFO [0m:      	                   '"3", "sample_rate": 0.007042253521126761, "dp_steps": 142, '
09/07/2026 20:33:59:INFO:	                   '"3", "sample_rate": 0.007042253521126761, "dp_steps": 142, '
[92mINFO [0m:      	                   '"sigma": 2.0, "C": 1.0}, {"client_id": "4", "sample_rate": '
09/07/2026 20:33:59:INFO:	                   '"sigma": 2.0, "C": 1.0}, {"client_id": "4", "sample_rate": '
[92mINFO [0m:      	                   '0.011363636363636364, "dp_steps": 88, "sigma": 2.0, "C": '
09/07/2026 20:33:59:INFO:	                   '0.011363636363636364, "dp_steps": 88, "sigma": 2.0, "C": '
[92mINFO [0m:      	                   '1.0}, {"client_id": "2", "sample_rate": '
09/07/2026 20:33:59:INFO:	                   '1.0}, {"client_id": "2", "sample_rate": '
[92mINFO [0m:      	                   '0.0053475935828877, "dp_steps": 187, "sigma": 2.0, "C": '
09/07/2026 20:33:59:INFO:	                   '0.0053475935828877, "dp_steps": 187, "sigma": 2.0, "C": '
[92mINFO [0m:      	                   '1.0}, {"client_id": "0", "sample_rate": '
09/07/2026 20:33:59:INFO:	                   '1.0}, {"client_id": "0", "sample_rate": '
[92mINFO [0m:      	                   '0.0049261083743842365, "dp_steps": 203, "sigma": 2.0, "C": '
09/07/2026 20:33:59:INFO:	                   '0.0049261083743842365, "dp_steps": 203, "sigma": 2.0, "C": '
[92mINFO [0m:      	                   '1.0}]'),
09/07/2026 20:33:59:INFO:	                   '1.0}]'),
[92mINFO [0m:      	                  (3,
09/07/2026 20:33:59:INFO:	                  (3,
[92mINFO [0m:      	                   '[{"client_id": "0", "sample_rate": 0.0049261083743842365, '
09/07/2026 20:33:59:INFO:	                   '[{"client_id": "0", "sample_rate": 0.0049261083743842365, '
[92mINFO [0m:      	                   '"dp_steps": 203, "sigma": 2.0, "C": 1.0}, {"client_id": '
09/07/2026 20:33:59:INFO:	                   '"dp_steps": 203, "sigma": 2.0, "C": 1.0}, {"client_id": '
[92mINFO [0m:      	                   '"2", "sample_rate": 0.0053475935828877, "dp_steps": 187, '
09/07/2026 20:33:59:INFO:	                   '"2", "sample_rate": 0.0053475935828877, "dp_steps": 187, '
[92mINFO [0m:      	                   '"sigma": 2.0, "C": 1.0}, {"client_id": "1", "sample_rate": '
09/07/2026 20:33:59:INFO:	                   '"sigma": 2.0, "C": 1.0}, {"client_id": "1", "sample_rate": '
[92mINFO [0m:      	                   '0.006060606060606061, "dp_steps": 165, "sigma": 2.0, "C": '
09/07/2026 20:33:59:INFO:	                   '0.006060606060606061, "dp_steps": 165, "sigma": 2.0, "C": '
[92mINFO [0m:      	                   '1.0}, {"client_id": "3", "sample_rate": '
09/07/2026 20:33:59:INFO:	                   '1.0}, {"client_id": "3", "sample_rate": '
[92mINFO [0m:      	                   '0.007042253521126761, "dp_steps": 142, "sigma": 2.0, "C": '
09/07/2026 20:33:59:INFO:	                   '0.007042253521126761, "dp_steps": 142, "sigma": 2.0, "C": '
[92mINFO [0m:      	                   '1.0}, {"client_id": "4", "sample_rate": '
09/07/2026 20:33:59:INFO:	                   '1.0}, {"client_id": "4", "sample_rate": '
[92mINFO [0m:      	                   '0.011363636363636364, "dp_steps": 88, "sigma": 2.0, "C": '
09/07/2026 20:33:59:INFO:	                   '0.011363636363636364, "dp_steps": 88, "sigma": 2.0, "C": '
[92mINFO [0m:      	                   '1.0}]')]}
09/07/2026 20:33:59:INFO:	                   '1.0}]')]}
[92mINFO [0m:      	History (metrics, distributed, evaluate):
09/07/2026 20:33:59:INFO:	History (metrics, distributed, evaluate):
[92mINFO [0m:      	{'accuracy': [(1, 9.62), (2, 9.59), (3, 12.130000000000003)]}
09/07/2026 20:33:59:INFO:	{'accuracy': [(1, 9.62), (2, 9.59), (3, 12.130000000000003)]}
[92mINFO [0m:      
09/07/2026 20:33:59:INFO:
[36m(ClientAppActor pid=31593)[0m Test set: Average loss: 3.0186, Accuracy: 1213/10000 (12.13%)[32m [repeated 2x across cluster][0m

--- DP-SGD FINAL RESULTS ---
sigma=2.0, C=1.0
Privacy Guarantee: epsilon=0.3989 (delta=1e-5, alpha=34.0)
Final Aggregated Accuracy: 12.13%
Runtime: 416.64 seconds
Results saved to results/stage5/per_run/sigma_2.0_C_1.0

============================================================
STAGE 5 GRID SEARCH — mode=full, seed=42
============================================================
  sigma values : [0.5, 1.0, 1.5, 2.0]
  C values     : [0.1, 1.0]
  8 total runs
  Results      : results/stage5/per_run
============================================================


--- sigma=0.5, C=0.1 (full) ---

--- sigma=0.5, C=1.0 (full) ---

--- sigma=1.0, C=0.1 (full) ---

--- sigma=1.0, C=1.0 (full) ---

--- sigma=1.5, C=0.1 (full) ---

--- sigma=1.5, C=1.0 (full) ---

--- sigma=2.0, C=0.1 (full) ---

--- sigma=2.0, C=1.0 (full) ---

Compiling Grid Results...

============================================================
Grid search complete: 8 runs compiled
Artifacts: results/stage5
============================================================
